shop_id,2016-10-18,2016-10-19,2016-10-20,2016-10-21,2016-10-22,2016-10-23,2016-10-24
1,0,0,0,0,0,0,0
2,0,0,0,0,0,0,0
3,0,0,0,0,0,0,0
4,0,0,0,0,0,0,0
5,0,0,0,0,0,0,0
6,0,0,0,0,0,0,0
7,0,0,0,0,0,0,0
8,0,0,0,0,0,0,0
9,0,0,0,0,0,0,0
10,0,0,0,0,0,0,0
11,0,0,0,0,0,0,0
12,0,0,0,0,0,0,0
13,0,0,0,0,0,0,0
14,0,0,0,0,0,0,0
15,0,0,0,0,0,0,0
16,0,0,0,0,0,0,0
17,2,3,2,1,7,4,1
18,0,0,0,0,0,0,0
19,0,0,0,0,0,0,0
20,0,0,0,0,0,0,0
21,0,0,0,0,0,0,0
22,0,0,0,0,0,0,0
23,0,0,0,0,0,0,0
24,0,0,0,0,0,0,0
25,0,1,3,3,4,3,2
26,0,0,0,0,0,0,0
27,0,0,0,0,0,0,0
28,3,4,3,2,3,2,3
29,0,0,0,0,0,0,0
30,1,1,1,0,4,3,2
31,0,0,0,0,0,0,0
32,1,1,2,3,3,2,3
33,0,0,0,0,0,0,0
34,0,0,0,0,0,0,0
35,0,0,0,0,0,0,0
36,0,0,0,0,0,0,0
37,0,0,0,0,0,0,0
38,2,3,4,8,1,13,6
39,0,0,0,0,0,0,0
40,0,0,0,0,0,0,0
41,5,1,6,2,5,1,2
42,0,0,0,0,0,0,0
43,0,0,0,0,0,0,0
44,6,2,6,5,14,5,11
45,0,0,0,0,0,0,0
46,0,0,0,0,0,0,0
47,3,4,3,4,6,1,2
48,0,0,0,0,0,0,0
49,0,0,0,0,0,0,0
50,0,0,0,0,0,0,0
51,0,0,0,0,0,0,0
52,0,0,0,0,0,0,0
53,9,5,5,9,15,23,6
54,0,0,0,0,0,0,0
55,0,0,0,0,0,0,0
56,4,3,3,1,4,1,2
57,0,0,0,0,0,0,0
58,0,0,0,0,0,0,0
59,0,0,0,0,0,0,0
60,0,0,0,0,0,0,0
61,0,0,0,0,0,0,0
62,3,7,7,7,7,4,1
63,0,0,0,0,0,0,0
64,0,0,0,0,0,0,0
65,0,0,0,0,0,0,0
66,0,0,0,0,0,0,0
67,0,0,0,0,0,0,0
68,1,0,4,4,4,3,3
69,18,9,27,3,26,25,15
70,0,0,0,0,0,0,0
71,0,0,0,0,0,0,0
72,0,0,0,0,0,0,0
73,0,0,0,0,0,0,0
74,0,0,0,0,0,0,0
75,0,0,0,0,0,0,0
76,0,0,0,0,0,0,0
77,0,0,0,0,0,0,0
78,0,0,0,0,0,0,0
79,0,0,0,0,0,0,0
80,0,0,0,0,0,0,0
81,0,0,0,0,0,0,0
82,0,0,0,0,0,0,0
83,0,0,0,0,0,0,0
84,0,0,0,0,0,0,0
85,5,2,2,2,6,1,2
86,0,0,0,0,0,0,0
87,0,0,0,0,0,0,0
88,0,0,0,0,0,0,0
89,0,0,0,0,0,0,0
90,0,0,0,0,0,0,0
91,0,0,0,0,0,0,0
92,0,0,0,0,0,0,0
93,0,0,0,0,0,0,0
94,0,0,0,0,0,0,0
95,0,0,0,0,1,0,0
96,0,0,0,0,0,0,0
97,0,0,0,0,0,0,0
98,0,0,0,0,0,0,0
99,0,0,0,0,0,0,0
100,0,5,0,1,4,4,0
101,1,0,0,0,0,0,0
102,0,0,0,0,0,0,0
103,0,0,0,0,0,0,0
104,6,5,2,0,3,3,1
105,0,0,0,0,0,0,0
106,2,4,3,5,3,7,5
107,0,0,0,0,0,0,0
108,0,0,0,0,0,0,0
109,0,0,0,0,0,0,0
110,3,0,1,0,5,3,2
111,0,0,0,0,0,0,0
112,0,0,0,0,0,0,0
113,0,0,0,0,0,0,0
114,0,0,0,0,0,0,0
115,0,2,2,0,0,2,2
116,0,0,0,0,0,0,0
117,0,0,0,0,0,0,0
118,0,0,0,0,0,0,0
119,0,0,0,0,0,0,0
120,0,0,0,0,0,0,0
121,0,0,0,0,0,0,0
122,0,0,0,0,0,0,0
123,0,0,0,0,0,0,0
124,0,0,0,0,0,0,0
125,0,0,0,0,0,0,0
126,0,0,0,0,0,0,0
127,0,0,0,0,0,0,0
128,0,0,0,0,0,0,0
129,0,0,0,0,0,0,0
130,0,0,0,0,0,0,0
131,0,0,0,0,0,0,0
132,0,0,0,0,0,0,0
133,0,0,0,0,0,0,0
134,0,0,0,0,1,0,0
135,0,0,0,0,0,0,0
136,0,0,0,0,0,0,0
137,0,0,0,0,0,0,0
138,0,0,0,0,0,0,0
139,0,0,0,0,0,0,0
140,2,2,3,1,2,1,5
141,0,0,0,0,0,0,0
142,0,2,0,0,0,0,0
143,0,0,0,0,0,0,0
144,0,0,0,0,0,0,0
145,7,5,0,2,8,5,3
146,0,0,0,0,0,0,0
147,4,11,7,4,2,14,3
148,5,0,5,7,3,8,6
149,4,0,1,2,6,4,1
150,0,0,0,0,0,0,0
151,0,0,0,0,0,0,0
152,0,0,0,0,0,0,0
153,0,0,0,0,0,0,0
154,0,0,0,0,0,0,0
155,0,0,0,0,0,0,0
156,0,0,0,0,0,0,0
157,5,0,3,0,5,4,1
158,0,1,3,2,1,3,3
159,0,0,0,0,0,0,0
160,3,3,5,5,2,4,1
161,0,0,0,0,0,0,0
162,0,2,4,0,4,5,4
163,0,0,0,0,0,0,0
164,0,0,0,0,0,0,0
165,0,0,0,0,0,0,0
166,0,0,0,0,0,0,0
167,0,0,0,0,0,0,0
168,0,0,0,0,0,0,0
169,0,0,0,0,0,0,0
170,0,0,0,0,0,0,0
171,0,0,0,0,0,0,0
172,0,0,0,0,0,0,0
173,0,0,0,0,0,0,0
174,0,0,0,0,0,0,0
175,0,0,0,0,0,0,0
176,0,0,0,0,0,0,0
177,0,0,0,0,0,0,0
178,0,0,0,0,0,0,0
179,0,0,0,0,0,0,0
180,0,0,0,0,0,0,0
181,0,1,4,2,2,3,1
182,1,5,0,0,1,0,0
183,0,0,0,0,0,0,0
184,0,0,0,0,0,0,0
185,0,0,0,0,0,0,0
186,1,5,1,3,5,3,4
187,0,1,2,3,1,8,1
188,0,0,0,0,0,0,0
189,0,0,0,0,0,0,0
190,0,0,0,0,0,0,0
191,0,0,0,0,0,0,0
192,0,0,0,0,0,0,0
193,0,0,0,0,0,0,0
194,0,0,0,0,0,0,0
195,0,0,0,0,0,0,0
196,0,0,0,0,0,0,0
197,0,0,0,0,0,0,0
198,0,0,0,0,0,0,0
199,0,0,0,0,0,0,0
200,0,0,0,0,0,0,0
201,0,0,0,0,0,0,0
202,0,0,0,0,0,0,0
203,0,0,0,0,0,0,0
204,6,4,3,2,7,10,0
205,0,0,0,0,0,0,0
206,0,0,0,0,0,0,0
207,0,0,0,0,0,0,0
208,0,0,0,0,0,0,0
209,0,0,0,0,0,0,0
210,0,0,0,0,0,0,0
211,4,5,3,4,0,12,3
212,0,0,0,0,0,0,0
213,0,0,0,0,0,0,0
214,0,0,0,0,0,0,0
215,0,0,0,0,0,0,0
216,0,0,0,0,0,0,0
217,0,0,0,0,0,0,0
218,0,0,0,0,0,0,0
219,0,1,0,0,0,1,0
220,0,0,0,0,0,0,0
221,0,0,0,0,0,0,0
222,0,1,4,1,1,0,2
223,4,4,4,4,8,3,4
224,0,0,0,0,0,0,0
225,0,0,0,0,0,0,0
226,2,4,0,1,3,0,0
227,0,0,0,0,0,0,0
228,0,0,0,0,0,0,0
229,8,2,1,7,9,5,17
230,0,0,0,0,0,0,0
231,0,0,0,0,0,0,0
232,6,9,7,4,7,7,6
233,0,0,0,0,0,0,0
234,0,0,0,0,0,0,0
235,0,0,0,0,0,0,0
236,0,0,0,0,0,0,0
237,0,0,0,0,0,0,0
238,0,0,0,0,0,0,0
239,0,0,0,0,0,0,0
240,4,6,0,3,6,6,4
241,0,0,0,0,0,0,0
242,0,0,0,0,0,0,0
243,0,0,0,0,0,0,0
244,0,0,0,0,0,0,0
245,0,0,0,0,0,0,0
246,0,0,0,0,0,0,0
247,0,0,0,0,0,0,0
248,0,0,0,0,0,0,0
249,0,0,0,0,0,0,0
250,0,0,0,0,0,0,0
251,0,0,0,0,0,0,0
252,7,6,10,5,8,15,16
253,0,0,0,0,0,0,0
254,0,0,0,0,0,0,0
255,0,0,0,0,0,0,0
256,0,0,0,0,0,0,0
257,4,2,2,3,4,3,5
258,2,0,4,8,14,2,6
259,0,0,0,0,0,0,0
260,4,5,7,5,3,10,4
261,0,0,0,0,0,0,0
262,0,0,0,0,0,0,0
263,0,0,1,0,0,0,0
264,2,0,1,5,1,2,4
265,0,0,0,0,0,0,0
266,0,0,0,0,0,0,0
267,0,0,0,0,0,0,0
268,5,6,6,3,7,8,5
269,0,0,0,0,0,0,0
270,4,3,5,3,3,7,4
271,0,0,0,0,0,0,0
272,3,0,2,0,2,6,0
273,0,0,1,0,0,0,0
274,0,0,0,0,0,0,0
275,0,0,0,0,0,0,0
276,0,0,0,0,0,0,0
277,0,0,0,0,0,0,0
278,0,0,0,0,0,0,0
279,0,0,0,0,0,0,0
280,0,0,0,0,0,0,0
281,8,7,3,3,4,14,4
282,17,10,8,16,10,11,8
283,0,0,0,0,0,0,0
284,0,0,0,0,0,0,0
285,0,0,0,0,0,0,0
286,0,0,0,0,0,0,0
287,3,7,4,5,6,4,1
288,0,0,0,0,0,0,0
289,0,0,0,0,0,0,0
290,5,7,6,6,7,5,9
291,0,0,0,0,0,0,0
292,5,2,3,4,1,6,3
293,0,0,0,0,0,0,0
294,0,0,0,0,0,0,0
295,0,0,0,0,0,0,0
296,0,0,0,0,0,0,0
297,0,0,0,0,0,0,0
298,0,0,0,0,0,0,0
299,0,0,0,0,0,0,0
300,0,0,0,0,0,0,0
301,1,0,1,2,1,2,0
302,0,0,0,0,0,0,0
303,0,0,0,0,0,0,0
304,0,0,0,2,0,0,0
305,4,2,2,7,6,9,6
306,0,0,0,0,0,0,0
307,0,0,0,0,0,0,0
308,0,0,0,0,0,0,0
309,0,0,0,0,0,0,0
310,0,0,0,0,0,0,0
311,0,0,0,0,0,0,0
312,0,0,0,0,0,0,0
313,0,0,0,0,0,0,0
314,18,5,12,16,21,18,11
315,3,6,4,3,2,7,5
316,0,0,0,0,0,0,0
317,0,0,0,0,0,0,0
318,0,0,0,0,0,0,0
319,0,0,5,1,5,2,0
320,2,7,3,8,12,17,7
321,0,0,0,0,0,0,1
322,2,1,1,3,8,7,5
323,0,0,0,1,0,0,0
324,0,0,0,0,0,0,0
325,0,1,1,2,2,3,1
326,0,0,0,0,0,0,0
327,0,0,0,0,0,0,0
328,0,0,0,0,0,0,0
329,3,3,0,2,1,4,5
330,0,0,0,0,0,0,0
331,0,0,0,0,0,0,0
332,0,0,0,0,0,0,0
333,0,0,0,0,0,0,0
334,0,0,0,0,0,1,0
335,0,0,0,0,0,0,0
336,0,0,0,0,0,0,0
337,2,4,5,1,4,12,8
338,0,0,0,0,0,0,0
339,0,0,0,0,0,0,0
340,0,0,0,0,0,0,1
341,0,0,0,0,0,0,0
342,0,0,0,0,0,0,0
343,2,7,6,3,9,3,5
344,8,3,11,14,10,9,3
345,5,8,5,5,12,6,5
346,21,32,25,38,32,42,50
347,0,2,4,1,2,1,1
348,0,0,0,0,0,0,0
349,0,0,0,0,0,0,0
350,0,6,3,8,4,2,2
351,0,0,0,0,0,0,0
352,0,0,0,0,0,0,0
353,0,0,0,0,0,0,0
354,0,0,0,0,0,0,0
355,0,0,0,0,0,0,0
356,6,9,6,8,7,22,9
357,0,0,1,1,1,2,1
358,5,6,4,3,5,3,6
359,13,5,4,6,10,18,9
360,0,0,0,0,0,0,0
361,0,0,0,0,0,0,0
362,5,10,9,10,8,6,13
363,0,0,0,0,0,0,0
364,0,0,0,0,0,0,0
365,0,6,2,2,3,3,1
366,0,0,0,0,0,0,0
367,0,0,0,0,0,0,0
368,0,1,0,1,0,0,0
369,9,8,7,4,5,7,0
370,0,0,0,0,0,0,0
371,0,0,0,0,0,0,0
372,0,0,0,0,0,0,0
373,0,0,0,0,0,0,0
374,0,0,0,0,0,0,0
375,0,0,0,0,0,0,0
376,0,0,0,0,0,0,0
377,8,5,8,7,11,6,6
378,0,0,0,0,0,0,0
379,0,0,0,0,0,0,0
380,7,6,9,15,19,13,12
381,0,0,0,0,0,0,0
382,0,0,0,0,0,0,0
383,0,0,0,0,0,0,0
384,0,0,0,0,0,0,0
385,0,0,0,2,0,0,0
386,0,0,0,0,0,0,1
387,0,0,0,0,0,0,0
388,0,0,0,0,0,0,0
389,0,0,0,0,0,0,0
390,0,0,0,0,0,0,0
391,0,0,0,0,0,0,0
392,3,9,7,6,4,4,7
393,0,0,0,0,0,0,0
394,0,0,0,0,0,0,0
395,0,0,0,0,0,0,0
396,0,0,0,0,0,0,0
397,0,0,0,0,0,0,0
398,0,0,0,0,0,0,0
399,0,0,0,0,0,0,0
400,0,0,0,0,0,0,0
401,0,0,0,0,0,0,0
402,0,0,0,0,0,0,0
403,0,0,0,0,0,0,0
404,0,0,0,0,0,0,0
405,4,6,8,5,2,7,8
406,0,0,0,0,0,0,0
407,0,0,0,0,0,0,0
408,0,0,0,0,0,0,0
409,0,0,0,0,0,0,0
410,0,0,0,0,0,0,0
411,0,0,0,0,0,0,0
412,0,0,0,0,0,0,0
413,8,13,5,3,12,6,5
414,0,0,0,0,0,0,0
415,0,0,0,0,0,0,0
416,0,0,0,0,0,0,0
417,0,0,0,0,0,0,0
418,2,9,1,2,6,7,4
419,3,1,7,7,1,1,4
420,5,1,8,3,5,4,3
421,0,0,0,0,0,0,0
422,0,0,0,0,0,0,0
423,0,0,0,0,0,0,0
424,0,0,0,0,0,0,0
425,0,0,0,0,0,0,0
426,6,15,11,13,12,12,10
427,0,0,0,0,0,0,0
428,0,0,0,0,0,0,0
429,0,0,0,0,0,0,0
430,17,16,18,24,10,24,12
431,1,5,4,4,7,3,0
432,0,0,0,0,0,0,0
433,0,0,0,0,0,0,0
434,0,0,0,0,0,0,0
435,0,0,0,0,0,0,0
436,1,5,12,13,6,8,6
437,0,0,0,0,0,0,0
438,12,12,20,15,14,22,8
439,0,0,0,0,0,0,0
440,0,1,1,1,0,1,1
441,0,0,0,0,0,0,0
442,0,0,0,0,0,0,0
443,0,0,0,0,0,0,0
444,0,0,0,0,0,0,0
445,32,30,43,38,49,49,37
446,0,0,0,0,0,0,0
447,0,0,0,0,0,0,0
448,3,4,5,1,2,3,2
449,0,0,0,0,0,0,0
450,0,0,0,0,0,0,0
451,15,21,18,17,27,27,22
452,6,3,1,1,1,5,2
453,0,0,0,0,0,0,0
454,0,0,0,0,0,0,0
455,0,0,0,0,0,0,0
456,4,1,2,0,0,4,2
457,0,0,0,0,0,0,0
458,2,2,2,8,8,7,6
459,0,0,0,0,0,0,0
460,0,0,0,0,0,0,0
461,0,0,0,0,0,0,0
462,0,0,0,0,0,0,0
463,0,0,0,0,0,0,0
464,0,0,0,0,0,0,0
465,0,0,0,0,0,0,0
466,0,0,0,0,0,0,0
467,0,0,0,0,0,0,0
468,1,4,2,0,2,3,0
469,0,0,0,0,0,0,0
470,0,0,0,0,0,0,0
471,0,0,0,0,0,0,0
472,13,14,11,10,19,16,7
473,0,0,0,0,0,0,0
474,0,0,0,0,0,0,0
475,0,0,0,0,0,0,0
476,0,0,0,0,0,0,0
477,0,0,0,0,0,0,0
478,0,0,0,0,0,0,0
479,0,0,0,0,0,0,0
480,0,0,0,0,0,0,0
481,0,0,0,0,0,0,0
482,0,0,0,0,0,0,1
483,3,6,1,8,5,8,6
484,0,0,0,0,0,0,0
485,0,0,0,0,1,0,0
486,1,0,1,0,0,1,0
487,0,0,0,0,0,0,0
488,0,0,0,0,0,0,0
489,6,8,9,9,15,7,10
490,0,0,0,0,0,0,0
491,0,0,0,0,0,0,0
492,0,0,0,0,0,0,0
493,8,5,3,2,7,6,7
494,0,1,0,0,1,0,0
495,0,0,0,0,0,0,0
496,0,0,0,0,0,0,0
497,0,0,0,0,0,0,0
498,0,0,0,0,0,0,0
499,1,5,0,0,4,2,6
500,0,0,0,0,0,0,0
501,0,0,0,0,0,0,0
502,0,0,0,0,0,0,0
503,0,0,0,0,0,0,0
504,5,3,3,9,7,14,7
505,0,0,0,0,0,0,0
506,0,0,0,0,0,0,0
507,0,0,0,0,0,0,0
508,11,5,6,6,13,7,3
509,0,0,0,0,0,0,0
510,4,9,5,9,3,5,7
511,0,0,0,0,0,0,0
512,0,0,0,0,0,0,0
513,0,0,0,0,0,0,0
514,0,0,0,0,0,0,0
515,0,9,3,12,13,17,8
516,0,0,0,0,0,0,0
517,0,0,0,0,0,0,0
518,0,0,0,0,0,0,0
519,0,0,0,0,0,0,0
520,0,0,0,0,0,0,0
521,0,0,0,0,0,0,0
522,0,0,0,0,0,0,0
523,0,0,0,0,0,0,0
524,0,0,0,0,0,0,0
525,0,0,0,0,0,0,0
526,2,2,7,2,3,5,3
527,0,0,0,0,0,0,0
528,0,0,0,0,0,0,0
529,0,0,0,0,0,0,0
530,0,0,0,0,0,0,0
531,13,7,7,8,8,8,6
532,0,0,0,0,0,0,0
533,9,3,9,3,9,6,0
534,0,0,0,0,0,0,0
535,0,0,0,0,0,0,0
536,0,0,0,0,0,0,0
537,0,0,0,0,0,0,0
538,0,0,0,0,0,0,0
539,2,5,3,2,3,10,3
540,0,0,0,0,0,0,0
541,0,0,0,0,0,0,0
542,0,0,0,0,0,0,0
543,0,0,0,0,0,0,0
544,0,2,1,0,0,6,0
545,0,0,0,0,0,0,0
546,0,0,0,0,0,0,0
547,0,0,0,0,0,0,0
548,0,0,0,0,0,0,0
549,0,0,0,0,0,0,0
550,1,0,0,0,1,2,0
551,0,0,0,0,0,0,0
552,0,0,0,0,0,0,0
553,0,0,0,0,0,0,0
554,0,0,0,0,0,0,0
555,0,0,0,0,1,1,0
556,0,0,0,0,0,1,0
557,0,2,8,12,15,15,4
558,0,0,0,0,0,0,0
559,0,0,0,0,0,0,0
560,0,0,0,0,0,0,0
561,0,0,0,0,0,0,0
562,0,0,0,0,0,0,0
563,4,0,1,5,5,7,4
564,0,0,0,0,0,0,0
565,0,0,0,0,0,0,0
566,1,6,4,4,8,1,2
567,5,2,3,4,1,3,2
568,0,0,0,0,0,0,0
569,0,0,0,0,0,0,0
570,0,5,12,7,21,10,12
571,0,0,0,0,0,0,0
572,0,0,0,0,0,0,0
573,1,3,3,3,1,2,5
574,0,0,0,0,0,0,0
575,0,0,0,0,0,0,0
576,2,2,3,0,0,1,2
577,0,0,0,0,0,0,0
578,6,1,8,9,22,9,4
579,0,0,0,0,0,0,0
580,0,0,0,0,0,0,0
581,1,2,0,1,0,0,0
582,0,0,0,0,0,0,0
583,0,0,0,0,0,0,0
584,0,0,0,0,0,0,0
585,0,0,0,0,0,0,0
586,0,0,0,0,0,0,0
587,0,0,0,0,0,0,0
588,0,0,0,0,0,0,0
589,1,2,0,2,2,0,0
590,0,0,0,0,0,0,0
591,1,0,1,1,0,0,0
592,0,0,0,0,0,0,0
593,0,0,0,0,0,0,0
594,0,0,0,0,0,0,0
595,0,0,0,0,0,0,0
596,2,0,1,0,3,4,3
597,0,0,0,0,0,0,0
598,6,2,3,3,3,8,5
599,0,0,0,0,0,0,0
600,0,0,0,0,0,0,0
601,0,0,0,0,0,0,0
602,0,0,0,0,0,0,0
603,7,6,5,4,5,8,18
604,0,0,0,0,0,0,0
605,0,0,0,0,0,0,0
606,0,0,0,0,0,0,0
607,0,0,0,0,0,0,0
608,0,0,0,0,0,0,0
609,0,0,0,0,0,0,0
610,2,4,1,2,5,4,1
611,0,0,0,0,0,0,0
612,0,0,0,0,0,0,0
613,0,0,0,0,0,0,0
614,0,0,0,0,0,0,0
615,0,0,0,0,0,0,0
616,10,9,7,9,19,21,7
617,0,0,0,0,0,0,0
618,5,2,6,2,2,0,0
619,5,13,12,18,7,12,13
620,0,0,0,0,0,0,0
621,0,0,0,0,0,0,0
622,0,0,0,0,0,0,0
623,0,0,0,0,0,0,0
624,0,0,0,0,0,0,0
625,0,0,0,0,0,0,0
626,0,0,0,0,0,0,0
627,0,2,0,2,6,0,1
628,1,1,3,0,0,1,1
629,0,0,0,0,0,0,0
630,0,0,0,0,0,0,0
631,6,16,15,8,9,2,7
632,0,0,0,0,0,0,0
633,0,0,0,0,0,0,0
634,0,0,0,0,0,0,0
635,0,0,0,0,0,0,0
636,0,0,0,0,0,0,0
637,0,0,0,0,0,0,0
638,0,0,0,0,0,0,0
639,0,0,0,0,0,0,0
640,0,0,0,0,0,0,0
641,10,0,7,4,3,9,3
642,6,2,9,11,10,7,12
643,11,10,19,14,14,22,14
644,0,0,0,0,0,3,1
645,3,11,8,7,8,8,6
646,0,0,0,0,0,0,0
647,0,0,0,0,0,0,0
648,0,0,0,0,0,0,0
649,0,0,0,0,0,0,0
650,0,0,0,0,0,0,0
651,0,0,0,0,0,0,0
652,0,0,0,0,0,0,0
653,7,18,9,10,9,7,10
654,0,0,0,0,0,0,0
655,7,0,3,3,11,5,10
656,0,0,0,0,0,0,0
657,3,0,3,1,4,5,2
658,0,0,0,0,0,0,0
659,0,0,0,0,0,0,0
660,2,4,1,0,0,0,1
661,0,0,0,0,0,0,0
662,0,0,0,0,0,0,0
663,0,0,0,0,0,0,0
664,0,0,0,0,1,0,0
665,0,0,0,0,0,0,0
666,0,0,0,0,0,0,0
667,0,1,0,0,1,1,1
668,0,0,0,0,0,0,0
669,0,0,0,0,0,0,0
670,4,3,4,3,6,9,2
671,0,0,0,0,0,0,0
672,0,0,0,0,0,0,0
673,0,0,0,0,0,0,0
674,0,0,0,0,0,0,0
675,9,4,4,3,1,6,3
676,1,2,5,5,9,3,4
677,0,0,0,0,0,0,0
678,2,0,0,3,1,4,1
679,0,0,0,0,0,0,0
680,0,0,0,0,0,0,0
681,6,4,4,7,6,11,3
682,0,0,0,0,0,0,0
683,0,0,0,0,0,0,0
684,0,0,0,2,0,0,2
685,0,0,0,0,0,0,0
686,0,0,0,0,0,0,0
687,0,0,0,0,0,0,0
688,0,0,0,2,1,3,1
689,0,0,0,0,0,0,0
690,0,0,0,0,0,0,0
691,0,0,0,0,0,0,0
692,9,5,9,10,6,3,12
693,0,0,0,0,0,0,0
694,0,0,0,0,0,0,0
695,0,0,0,0,0,0,0
696,0,0,0,0,0,0,0
697,0,2,0,0,3,0,0
698,0,0,0,0,0,0,0
699,0,0,0,0,0,0,0
700,0,0,0,0,0,1,0
701,0,0,0,0,0,0,0
702,1,0,0,0,1,0,3
703,0,0,0,0,0,0,0
704,0,0,0,0,0,0,0
705,0,0,0,0,0,0,0
706,0,0,0,0,0,0,0
707,0,0,0,0,0,0,0
708,0,0,0,0,0,0,0
709,0,0,0,0,0,0,0
710,1,1,1,2,1,5,0
711,0,0,0,0,0,0,0
712,0,0,0,0,0,0,0
713,8,4,4,3,4,6,2
714,0,0,0,0,0,0,0
715,0,0,0,0,0,0,0
716,0,0,0,0,0,0,0
717,0,0,0,0,0,0,0
718,1,2,1,0,2,1,0
719,0,0,0,0,0,0,0
720,8,10,13,13,15,17,9
721,0,0,0,0,0,0,0
722,0,0,0,0,0,0,0
723,0,0,0,0,0,0,0
724,1,3,1,0,3,0,0
725,0,0,0,0,0,1,1
726,0,0,0,0,0,0,0
727,7,8,6,10,11,14,3
728,0,0,0,0,0,0,0
729,8,3,5,4,4,7,3
730,0,0,0,0,0,0,0
731,4,0,4,0,0,6,0
732,0,0,0,0,0,0,0
733,0,1,1,0,0,1,0
734,0,0,0,0,0,0,0
735,3,1,0,0,0,4,4
736,0,0,0,0,0,0,0
737,4,2,8,12,7,8,4
738,0,0,0,0,0,0,0
739,0,0,0,0,0,0,0
740,0,0,0,0,0,0,0
741,0,0,0,0,0,0,0
742,0,0,0,0,0,0,0
743,4,7,7,3,2,3,2
744,0,0,0,0,0,0,0
745,0,0,0,0,0,0,0
746,2,10,6,4,8,6,7
747,0,0,0,0,0,0,0
748,0,0,0,0,0,0,0
749,0,0,0,0,0,0,0
750,7,5,6,1,7,5,0
751,0,0,0,0,0,0,0
752,0,0,0,0,0,0,0
753,0,0,0,0,0,0,0
754,0,0,0,0,0,0,0
755,0,0,0,0,0,0,0
756,0,0,0,0,0,0,0
757,0,0,0,0,0,0,0
758,0,0,0,0,0,0,0
759,0,0,0,0,0,0,0
760,0,0,0,0,0,0,0
761,0,0,0,0,0,0,0
762,0,0,0,0,0,0,0
763,0,0,0,0,0,0,0
764,0,0,0,0,0,0,0
765,0,0,0,0,0,0,0
766,0,0,0,0,0,0,0
767,6,5,3,1,11,6,2
768,0,0,0,0,0,0,0
769,0,0,0,0,1,0,0
770,0,0,0,0,0,0,0
771,6,9,9,5,10,3,0
772,0,0,0,0,0,0,0
773,3,8,4,11,12,22,7
774,0,0,0,0,0,0,0
775,3,2,2,0,11,0,0
776,0,0,0,0,0,0,0
777,0,0,0,0,0,0,0
778,0,0,0,0,0,0,0
779,0,0,0,0,0,0,0
780,20,24,16,24,36,17,33
781,0,0,0,0,0,0,0
782,1,5,1,3,2,1,7
783,0,0,0,0,1,0,0
784,0,0,2,4,1,0,1
785,9,9,9,5,9,9,7
786,0,0,0,2,2,0,0
787,0,0,0,0,0,0,0
788,0,0,0,0,0,0,0
789,0,0,0,0,0,0,0
790,0,0,0,0,0,0,0
791,1,3,1,1,4,3,0
792,2,5,4,7,8,8,7
793,0,0,0,0,0,0,0
794,0,0,0,0,0,0,0
795,0,0,0,0,0,0,0
796,0,0,0,0,0,0,0
797,3,3,4,1,7,5,3
798,0,0,0,0,0,0,0
799,14,11,15,12,15,10,13
800,0,0,0,0,0,0,0
801,0,0,0,0,0,0,0
802,0,0,0,0,0,0,0
803,0,0,0,0,0,0,0
804,0,0,0,0,0,0,0
805,4,6,10,5,10,8,8
806,0,0,0,0,0,0,0
807,0,0,0,0,0,0,0
808,7,12,11,9,20,25,28
809,0,0,0,0,0,0,0
810,0,0,0,0,0,0,0
811,0,0,0,0,0,0,0
812,0,0,0,0,0,0,0
813,0,0,0,0,0,0,0
814,17,18,15,15,20,17,20
815,0,0,0,0,0,0,0
816,0,0,0,0,0,0,0
817,0,0,0,0,0,0,0
818,0,0,0,0,0,0,0
819,0,0,0,1,1,2,1
820,0,0,0,0,0,0,0
821,0,0,0,0,0,0,0
822,0,0,0,0,0,0,0
823,0,0,0,0,0,0,0
824,0,0,0,0,0,0,0
825,0,0,0,0,0,0,0
826,0,0,0,0,0,0,0
827,0,3,0,0,2,2,2
828,0,0,0,0,0,0,0
829,0,0,0,0,0,0,0
830,1,0,0,3,0,0,0
831,0,0,0,0,0,0,0
832,2,0,4,6,2,3,2
833,0,0,0,0,0,0,0
834,0,0,0,0,0,0,0
835,0,0,0,0,0,0,0
836,0,0,0,0,0,0,0
837,0,0,0,0,0,0,0
838,11,19,13,10,15,13,11
839,0,0,0,0,0,0,0
840,0,0,1,1,0,0,1
841,0,0,0,1,0,0,0
842,0,0,0,0,0,0,0
843,0,0,0,0,0,0,0
844,0,0,0,0,0,0,0
845,0,0,0,0,0,0,0
846,0,0,0,0,0,0,0
847,0,0,0,0,0,0,0
848,0,0,0,0,0,0,0
849,0,0,0,0,0,0,0
850,0,0,0,0,0,0,0
851,0,0,0,0,0,0,0
852,0,0,0,0,0,0,0
853,0,0,0,0,0,0,0
854,0,0,0,0,0,0,0
855,0,0,0,0,0,0,0
856,0,4,4,2,5,7,3
857,0,0,0,0,0,0,0
858,0,0,0,0,0,0,0
859,0,0,0,0,0,0,0
860,0,0,0,0,0,0,0
861,0,0,0,0,0,0,0
862,0,0,0,0,0,0,0
863,0,0,0,0,0,0,0
864,0,0,0,0,0,0,0
865,0,0,0,0,0,0,0
866,0,0,0,0,0,0,0
867,0,0,0,0,0,0,1
868,0,0,0,0,0,0,0
869,0,0,0,0,0,0,0
870,0,0,0,0,0,0,0
871,0,0,0,0,0,0,0
872,0,0,0,0,0,0,0
873,0,0,0,0,0,0,0
874,1,3,5,2,3,4,2
875,3,2,4,4,4,7,3
876,0,0,0,1,0,0,0
877,0,0,0,0,0,0,0
878,0,0,0,0,0,0,0
879,0,0,0,0,0,0,0
880,0,0,0,0,0,0,0
881,0,0,0,0,0,0,0
882,0,0,0,0,0,0,0
883,0,0,0,0,0,0,0
884,0,0,0,0,0,0,0
885,5,11,4,13,18,29,7
886,0,0,0,0,0,0,0
887,0,0,0,0,0,0,0
888,0,0,0,0,0,0,0
889,0,0,0,0,0,0,0
890,2,9,1,3,3,6,0
891,0,0,0,0,0,0,0
892,0,0,0,0,0,0,0
893,3,6,0,3,8,10,4
894,0,0,0,0,0,0,0
895,0,0,0,0,0,0,0
896,14,11,16,15,11,15,13
897,0,0,0,0,0,0,0
898,0,0,0,0,0,0,0
899,0,0,0,0,0,0,0
900,0,0,0,0,0,0,0
901,0,0,0,0,0,0,0
902,0,0,0,0,0,0,0
903,0,0,0,0,0,0,0
904,7,2,4,8,16,26,11
905,0,0,0,0,0,0,0
906,0,0,0,0,0,0,0
907,0,0,0,0,0,0,0
908,0,0,0,0,0,0,0
909,0,0,0,0,0,0,0
910,0,0,0,0,0,0,0
911,0,0,0,0,0,0,0
912,0,0,0,0,0,0,0
913,0,0,0,0,0,0,0
914,0,0,0,0,0,0,0
915,0,0,0,0,0,0,0
916,0,0,3,0,0,0,0
917,4,6,4,2,3,4,5
918,0,0,0,0,0,0,0
919,0,0,0,0,0,0,0
920,0,0,0,0,0,0,0
921,0,0,0,0,0,0,0
922,0,0,0,0,0,0,0
923,0,0,0,0,0,0,0
924,0,0,0,0,0,0,0
925,0,0,1,1,0,2,0
926,0,0,0,0,0,0,0
927,0,0,0,0,0,0,0
928,0,0,0,0,0,0,0
929,0,0,0,0,0,0,0
930,0,0,0,0,0,0,0
931,0,0,0,0,0,0,0
932,0,0,0,0,0,0,0
933,0,0,0,0,0,0,0
934,0,0,0,0,0,0,0
935,0,2,0,0,2,0,0
936,0,0,0,0,0,0,0
937,0,0,0,0,0,0,0
938,0,0,0,0,0,0,0
939,0,0,0,0,0,0,0
940,0,0,0,0,0,0,0
941,0,0,0,0,0,0,0
942,0,0,0,0,0,0,0
943,0,0,0,0,0,0,0
944,0,0,0,0,0,0,0
945,0,0,0,0,0,0,0
946,0,0,0,0,0,0,0
947,3,10,3,7,8,8,4
948,0,0,0,0,0,0,2
949,0,0,0,0,0,0,0
950,4,0,1,2,1,2,3
951,0,0,0,0,0,0,0
952,0,0,0,0,0,0,0
953,0,0,0,0,0,0,0
954,0,0,0,0,0,0,0
955,0,0,0,0,0,0,0
956,0,0,0,0,0,0,0
957,0,0,0,0,0,0,0
958,0,0,0,0,0,0,0
959,4,9,12,13,16,19,16
960,0,1,0,0,0,0,0
961,0,0,0,0,0,0,0
962,0,0,0,0,0,0,0
963,0,0,0,0,0,0,0
964,0,0,0,0,0,0,0
965,0,0,0,0,0,0,0
966,0,0,0,0,0,0,0
967,0,0,0,0,0,0,0
968,9,4,14,8,11,10,8
969,0,0,0,0,0,0,0
970,7,8,7,5,8,2,4
971,0,0,0,0,0,0,0
972,4,13,5,4,12,13,10
973,0,0,0,0,0,0,0
974,0,0,0,0,0,0,0
975,0,0,0,0,0,0,0
976,5,5,4,0,2,1,4
977,1,0,0,1,2,1,0
978,7,12,9,21,17,22,20
979,0,0,0,0,0,0,0
980,0,0,0,0,0,0,0
981,0,0,0,0,0,0,0
982,0,0,0,0,0,0,0
983,0,0,0,0,0,0,0
984,0,0,0,0,0,0,0
985,3,3,4,3,7,11,1
986,0,0,0,0,0,0,0
987,0,0,0,0,0,0,0
988,0,0,0,0,0,0,0
989,5,0,4,3,3,4,3
990,0,0,0,0,0,0,0
991,0,0,0,0,0,0,0
992,0,0,0,0,0,0,0
993,0,0,0,0,0,0,0
994,0,0,0,0,0,0,0
995,0,0,0,0,0,0,0
996,0,0,0,0,0,0,0
997,0,0,0,0,0,0,0
998,0,0,0,0,0,0,0
999,2,1,3,2,1,10,4
1000,0,0,0,0,0,0,0
1001,0,0,0,0,0,0,0
1002,0,0,0,0,0,0,0
1003,0,0,0,0,0,0,0
1004,0,0,0,0,0,0,0
1005,0,0,0,0,0,0,0
1006,0,0,0,0,0,0,0
1007,0,1,0,0,3,3,1
1008,0,0,0,0,0,0,0
1009,0,0,0,0,0,0,0
1010,0,0,0,0,0,0,1
1011,0,0,0,0,0,0,0
1012,0,0,0,0,0,0,0
1013,0,1,5,0,4,0,2
1014,0,0,0,0,0,0,0
1015,0,0,0,0,0,0,0
1016,0,0,0,0,0,0,0
1017,0,0,0,0,0,0,0
1018,0,0,0,0,0,0,0
1019,0,0,0,0,0,0,0
1020,2,5,6,5,1,5,2
1021,0,0,0,0,0,0,0
1022,10,10,6,17,8,8,11
1023,0,0,0,0,0,0,0
1024,9,7,3,1,7,4,2
1025,0,0,0,0,0,0,0
1026,0,0,0,0,0,0,0
1027,0,0,0,0,0,0,0
1028,0,0,0,0,0,0,0
1029,0,0,0,0,0,0,0
1030,0,0,0,0,0,0,0
1031,0,0,0,0,0,0,0
1032,0,0,0,0,0,0,0
1033,0,0,0,0,0,0,0
1034,2,3,2,1,2,2,0
1035,0,0,0,0,0,0,0
1036,0,0,0,0,0,0,0
1037,0,0,0,0,0,0,0
1038,0,0,0,0,0,0,0
1039,0,0,0,0,0,0,0
1040,0,0,0,0,0,0,0
1041,0,0,0,0,0,0,0
1042,0,0,0,0,0,0,0
1043,1,3,3,3,3,4,0
1044,0,0,0,0,0,0,0
1045,0,0,0,0,0,0,0
1046,4,2,6,7,7,6,8
1047,0,0,0,0,0,0,0
1048,11,4,11,11,10,8,13
1049,1,1,4,2,9,1,2
1050,0,0,0,0,0,0,0
1051,0,0,1,0,0,0,0
1052,0,0,0,0,0,0,0
1053,0,0,0,0,0,0,0
1054,0,0,0,0,1,0,0
1055,0,0,0,0,0,0,0
1056,0,0,0,0,0,0,0
1057,0,0,0,0,0,0,0
1058,0,0,0,0,0,0,0
1059,0,0,0,0,0,0,0
1060,0,0,0,0,0,0,0
1061,2,1,3,4,2,3,3
1062,0,1,2,0,2,0,0
1063,0,0,0,0,0,0,0
1064,7,11,11,10,12,8,7
1065,0,0,0,0,0,0,0
1066,4,2,2,6,5,6,3
1067,0,0,0,0,0,0,0
1068,0,0,0,0,0,0,0
1069,0,0,0,0,0,0,0
1070,0,0,0,0,0,0,0
1071,0,0,0,0,0,0,0
1072,0,0,0,0,0,0,0
1073,5,4,11,6,8,15,11
1074,0,0,0,0,0,0,0
1075,0,0,0,0,0,0,0
1076,0,0,0,0,0,0,0
1077,0,0,0,0,0,0,0
1078,2,0,0,0,1,0,1
1079,0,0,0,0,0,0,0
1080,0,0,0,0,0,0,0
1081,5,4,7,11,9,13,3
1082,0,0,0,0,0,0,0
1083,0,0,0,0,0,0,0
1084,0,0,0,0,0,0,0
1085,0,0,0,0,0,0,0
1086,0,0,0,0,0,0,0
1087,0,0,0,0,0,0,0
1088,0,0,0,0,0,0,0
1089,0,0,0,0,0,0,0
1090,1,0,0,0,0,0,0
1091,0,0,0,0,0,0,0
1092,0,0,0,0,0,0,0
1093,0,0,0,0,0,0,0
1094,4,4,4,5,6,9,8
1095,7,12,7,7,10,13,8
1096,0,0,0,0,0,0,0
1097,0,0,0,1,0,1,0
1098,0,0,0,0,0,0,0
1099,0,0,0,0,0,0,0
1100,0,0,0,0,0,0,0
1101,2,2,0,6,4,5,5
1102,7,3,2,10,14,17,10
1103,0,0,0,0,0,0,0
1104,0,0,0,0,0,0,0
1105,3,1,4,2,5,3,1
1106,0,0,0,0,0,0,0
1107,0,0,0,0,0,0,0
1108,10,18,19,15,22,28,22
1109,0,5,2,3,2,2,1
1110,0,0,0,0,0,0,0
1111,0,1,3,0,3,2,4
1112,0,0,0,0,0,0,0
1113,0,0,0,0,1,0,0
1114,0,0,1,0,0,0,0
1115,0,0,2,1,1,1,0
1116,0,0,0,0,0,0,0
1117,0,0,0,0,0,0,0
1118,0,0,0,0,0,0,0
1119,0,0,0,0,0,0,0
1120,4,0,3,0,2,0,1
1121,0,0,0,0,0,0,0
1122,0,0,2,1,0,6,2
1123,0,0,0,0,0,0,0
1124,0,0,0,0,0,0,0
1125,5,1,0,6,5,2,6
1126,0,0,0,0,0,0,0
1127,0,0,0,0,0,0,0
1128,0,0,0,0,0,0,0
1129,0,0,0,0,0,0,0
1130,0,0,0,0,0,0,0
1131,0,0,0,0,0,0,0
1132,0,0,0,0,0,0,0
1133,7,2,8,9,13,6,3
1134,3,1,2,0,1,1,0
1135,0,0,0,0,0,0,0
1136,0,0,0,0,0,0,0
1137,0,0,0,0,0,0,0
1138,0,0,0,0,0,0,0
1139,3,5,3,14,9,3,4
1140,0,0,0,0,0,0,0
1141,0,0,0,0,0,0,0
1142,0,0,0,0,0,0,0
1143,0,0,0,0,0,0,0
1144,0,0,0,0,0,0,0
1145,0,0,0,0,0,0,0
1146,0,0,0,0,0,0,0
1147,0,0,0,0,0,0,0
1148,0,0,0,0,0,0,0
1149,0,0,0,0,0,0,0
1150,0,0,0,0,0,0,0
1151,0,0,0,0,0,0,0
1152,0,0,0,0,0,0,0
1153,0,0,0,0,0,0,0
1154,0,0,0,0,0,0,0
1155,3,0,0,0,0,1,0
1156,0,0,0,0,0,0,0
1157,0,0,0,0,0,0,0
1158,0,0,0,0,0,0,0
1159,0,0,0,0,0,0,0
1160,4,5,2,2,3,5,4
1161,0,0,0,0,0,0,0
1162,0,0,0,0,0,0,0
1163,0,0,0,0,0,0,0
1164,0,0,0,0,0,0,0
1165,3,4,4,0,3,6,3
1166,0,0,0,0,0,0,0
1167,0,0,0,0,0,0,0
1168,0,0,0,0,0,0,0
1169,7,4,9,5,7,6,8
1170,0,0,0,0,0,0,0
1171,0,0,0,0,0,0,0
1172,0,0,0,0,0,0,0
1173,0,0,0,0,0,0,0
1174,5,2,1,2,6,7,5
1175,0,0,0,0,0,0,0
1176,0,0,0,0,0,0,0
1177,0,0,0,0,0,0,0
1178,0,0,0,0,0,0,0
1179,0,0,0,0,0,0,0
1180,0,0,0,0,0,0,0
1181,0,0,0,0,0,0,0
1182,0,0,0,0,0,0,0
1183,0,0,0,0,0,0,0
1184,0,0,0,0,0,0,0
1185,0,1,0,1,0,0,0
1186,8,10,6,5,7,4,0
1187,0,0,0,0,0,0,0
1188,0,0,0,0,0,0,0
1189,0,0,0,0,0,0,0
1190,7,9,13,11,17,20,0
1191,0,0,0,0,0,0,0
1192,0,0,0,0,0,0,0
1193,0,0,0,0,0,0,0
1194,0,0,0,0,0,0,0
1195,0,0,0,0,0,0,0
1196,0,0,0,0,0,0,0
1197,0,0,0,0,0,0,0
1198,0,0,0,0,1,1,0
1199,0,0,1,2,3,1,3
1200,14,16,12,11,10,14,16
1201,0,0,0,0,0,0,0
1202,1,1,1,4,0,3,2
1203,0,0,0,0,0,0,0
1204,0,0,0,0,0,0,0
1205,1,0,0,0,0,0,0
1206,1,1,1,1,3,2,3
1207,0,0,0,0,0,0,0
1208,0,0,0,0,0,0,0
1209,0,0,0,0,0,0,0
1210,0,0,0,0,0,0,0
1211,0,0,0,0,0,0,0
1212,0,0,0,0,0,0,0
1213,0,0,0,0,0,0,0
1214,0,0,0,0,0,0,0
1215,0,2,3,2,1,1,4
1216,0,0,0,0,0,0,0
1217,0,0,0,0,0,0,0
1218,5,0,0,0,4,2,4
1219,0,1,2,4,2,5,3
1220,1,0,0,2,3,1,3
1221,0,0,0,0,0,0,0
1222,0,0,0,0,0,0,0
1223,0,0,0,0,0,0,0
1224,0,0,0,0,0,0,0
1225,0,0,0,0,0,0,0
1226,0,0,0,0,0,0,0
1227,0,0,0,0,0,0,0
1228,0,0,0,0,0,0,0
1229,0,0,0,0,0,0,0
1230,6,3,12,8,7,7,4
1231,0,0,0,0,0,0,0
1232,0,0,0,0,0,0,0
1233,0,0,0,0,0,0,0
1234,0,0,0,0,0,0,0
1235,0,0,0,0,0,0,0
1236,0,0,0,0,0,0,0
1237,0,0,0,0,0,0,0
1238,9,14,8,6,3,6,9
1239,9,10,13,6,8,9,13
1240,0,0,0,0,0,0,0
1241,0,0,0,0,0,0,0
1242,0,0,0,0,0,0,0
1243,0,0,0,0,0,0,0
1244,0,0,0,0,0,0,0
1245,5,8,4,8,11,11,7
1246,0,0,0,0,0,0,0
1247,0,0,0,0,0,0,0
1248,9,11,4,6,9,18,8
1249,0,0,0,0,0,0,0
1250,6,2,9,0,6,1,2
1251,0,0,0,0,0,0,0
1252,0,0,0,0,0,0,0
1253,0,0,0,0,0,0,0
1254,0,0,0,0,0,0,0
1255,0,0,0,0,0,0,0
1256,0,0,0,0,0,0,0
1257,0,0,0,0,0,0,0
1258,0,0,0,0,0,0,0
1259,0,0,0,0,0,0,0
1260,0,0,0,0,0,0,0
1261,0,0,0,0,0,0,0
1262,0,0,0,0,0,0,0
1263,0,0,0,0,0,0,0
1264,0,0,0,0,0,0,0
1265,0,0,0,0,0,0,0
1266,14,11,20,9,16,13,11
1267,0,0,0,0,0,0,0
1268,0,0,0,0,0,0,0
1269,12,13,5,6,2,19,16
1270,0,0,0,0,0,0,0
1271,0,0,0,0,0,0,0
1272,0,0,0,0,0,0,0
1273,0,0,0,0,0,0,0
1274,0,0,0,0,0,0,0
1275,12,2,12,17,24,12,33
1276,1,0,0,0,0,0,0
1277,0,0,1,0,0,0,0
1278,0,0,0,0,0,0,0
1279,2,8,1,4,9,7,6
1280,0,0,0,0,0,0,0
1281,1,0,0,1,1,3,0
1282,0,0,0,0,0,0,0
1283,0,0,0,0,0,0,0
1284,0,0,0,0,2,2,0
1285,0,0,0,0,0,0,0
1286,0,0,0,0,0,0,0
1287,15,8,9,15,18,14,10
1288,0,0,0,0,0,0,0
1289,0,0,0,0,0,0,0
1290,0,0,0,0,0,0,0
1291,0,0,0,0,0,0,0
1292,0,0,0,0,0,1,0
1293,0,0,0,0,0,0,0
1294,0,0,0,0,0,0,0
1295,0,0,0,0,0,0,0
1296,0,0,0,0,0,0,0
1297,0,0,0,0,0,2,0
1298,0,0,0,0,0,0,0
1299,0,2,3,5,5,5,2
1300,0,0,0,0,0,0,0
1301,0,0,0,0,0,0,0
1302,0,0,0,0,0,0,0
1303,7,8,10,8,13,6,7
1304,0,0,0,0,0,0,0
1305,0,0,1,1,0,0,0
1306,0,0,0,0,0,0,0
1307,0,0,0,0,0,0,0
1308,0,0,0,0,0,0,0
1309,0,0,0,0,0,0,0
1310,0,0,0,0,0,0,0
1311,0,0,0,0,0,0,0
1312,21,17,11,14,17,18,14
1313,4,5,0,4,0,2,3
1314,0,1,2,2,2,3,9
1315,0,0,0,0,0,0,0
1316,0,0,0,0,0,0,0
1317,0,0,0,0,0,0,0
1318,0,0,0,0,0,0,0
1319,0,0,0,0,0,0,0
1320,0,0,0,0,0,0,0
1321,0,0,0,0,0,0,0
1322,30,42,32,29,41,43,39
1323,0,0,0,0,1,0,0
1324,0,0,0,0,0,0,0
1325,0,0,0,0,0,0,0
1326,0,0,0,0,0,0,0
1327,0,0,0,0,0,0,0
1328,0,0,0,0,0,0,0
1329,3,2,2,0,1,2,1
1330,0,0,0,0,0,0,0
1331,0,0,0,0,0,0,0
1332,0,0,0,0,0,0,0
1333,1,0,1,0,0,0,0
1334,0,0,0,0,0,0,0
1335,0,0,0,0,0,0,0
1336,0,0,0,0,0,0,0
1337,0,0,0,0,0,0,0
1338,0,0,0,0,0,0,0
1339,0,0,0,0,0,0,0
1340,0,0,0,0,0,0,0
1341,0,0,0,0,0,0,0
1342,0,0,0,0,0,0,0
1343,0,0,0,0,0,0,0
1344,0,0,0,0,0,0,0
1345,0,0,0,0,0,0,0
1346,0,0,0,0,0,0,0
1347,0,0,0,0,0,0,0
1348,8,3,9,2,7,4,4
1349,0,0,0,0,0,0,0
1350,4,4,5,9,9,10,5
1351,0,0,0,0,0,0,0
1352,2,3,2,0,5,7,3
1353,0,0,0,0,0,0,0
1354,0,0,0,0,0,0,0
1355,13,8,4,3,3,0,6
1356,0,0,0,0,0,0,0
1357,0,0,0,0,0,0,0
1358,0,0,0,0,0,0,0
1359,0,0,0,0,0,0,0
1360,0,0,0,2,1,0,4
1361,6,4,2,3,6,2,4
1362,1,2,4,3,6,4,2
1363,0,0,0,0,0,0,0
1364,0,0,0,0,0,0,0
1365,1,2,5,4,5,6,5
1366,0,0,0,0,0,0,0
1367,0,0,0,0,0,0,0
1368,1,1,12,8,5,10,3
1369,0,0,0,0,0,0,0
1370,0,0,0,0,0,0,0
1371,0,0,0,0,0,0,0
1372,0,0,0,0,0,0,0
1373,0,0,0,0,0,0,0
1374,0,0,0,0,0,0,0
1375,0,0,0,0,0,0,0
1376,0,0,0,0,0,0,0
1377,6,3,2,3,7,13,3
1378,0,0,0,0,0,0,0
1379,0,0,0,0,0,0,0
1380,0,0,0,0,0,0,0
1381,10,9,10,4,17,18,10
1382,5,6,4,4,3,2,6
1383,0,0,0,0,0,0,0
1384,0,0,0,0,0,0,0
1385,2,0,0,4,0,4,1
1386,0,0,0,0,0,0,0
1387,0,0,0,0,0,0,0
1388,0,0,2,1,1,3,1
1389,2,2,3,5,3,1,6
1390,0,0,0,0,0,0,0
1391,0,0,0,0,0,0,0
1392,0,0,0,0,0,0,0
1393,0,0,0,0,0,0,0
1394,0,0,0,0,0,0,0
1395,9,8,9,8,7,9,8
1396,0,0,0,0,0,0,0
1397,0,0,0,0,0,0,0
1398,0,0,0,0,0,0,0
1399,0,0,0,0,0,0,0
1400,0,0,0,0,0,0,0
1401,6,1,3,2,4,2,4
1402,0,0,0,0,0,0,0
1403,0,0,0,0,0,0,0
1404,0,0,0,0,0,0,0
1405,0,0,0,0,0,0,0
1406,0,0,0,0,0,0,0
1407,0,0,0,0,0,0,0
1408,0,0,0,0,0,0,0
1409,0,0,0,0,0,0,0
1410,0,0,0,0,0,0,0
1411,3,3,5,1,7,2,3
1412,0,0,0,0,0,0,0
1413,0,0,0,0,0,0,0
1414,0,0,0,0,0,0,0
1415,0,0,0,0,0,0,0
1416,0,0,0,0,0,0,0
1417,0,0,0,0,0,0,0
1418,0,0,0,0,0,0,0
1419,0,0,0,0,0,0,0
1420,1,2,1,2,6,4,1
1421,1,0,0,2,2,2,2
1422,18,22,16,21,35,32,20
1423,0,0,0,0,0,0,0
1424,0,0,0,0,0,0,0
1425,5,12,8,16,17,17,9
1426,5,3,7,3,9,4,6
1427,0,0,0,0,0,0,0
1428,0,0,0,0,0,0,0
1429,0,0,0,0,0,0,0
1430,0,0,0,0,0,0,0
1431,0,0,0,0,0,0,0
1432,1,9,13,2,18,17,2
1433,0,0,0,0,0,0,0
1434,1,0,0,0,0,1,1
1435,0,0,0,0,2,2,2
1436,0,0,0,0,0,0,0
1437,0,0,0,0,0,0,0
1438,1,3,4,5,2,13,5
1439,1,1,1,0,3,3,1
1440,0,0,0,0,0,0,0
1441,0,0,0,0,0,0,0
1442,0,0,0,0,0,0,0
1443,0,0,0,0,0,0,0
1444,0,0,0,0,0,0,0
1445,0,0,0,0,0,0,0
1446,7,4,5,8,8,4,7
1447,0,0,0,0,0,0,0
1448,0,0,0,0,0,0,0
1449,3,2,1,4,2,2,7
1450,0,0,0,0,0,0,0
1451,1,0,1,0,0,0,1
1452,0,0,0,0,0,0,0
1453,0,0,0,0,0,0,0
1454,0,0,0,0,0,0,0
1455,2,1,0,0,0,0,0
1456,7,8,7,2,11,9,15
1457,1,2,2,3,2,2,3
1458,0,0,0,0,0,0,0
1459,0,0,0,0,0,0,0
1460,0,0,0,0,0,0,0
1461,0,0,0,0,0,0,0
1462,0,0,0,0,0,0,0
1463,0,0,0,0,0,0,0
1464,0,0,0,0,0,0,0
1465,12,0,0,0,0,0,0
1466,0,0,0,0,0,0,0
1467,0,0,0,0,0,0,0
1468,0,0,0,0,0,0,0
1469,0,0,0,0,0,0,0
1470,0,0,0,0,0,0,0
1471,0,0,0,0,0,0,0
1472,0,0,0,0,0,0,0
1473,2,0,1,0,2,0,1
1474,0,0,0,0,0,0,0
1475,0,0,0,0,0,0,0
1476,3,6,3,1,13,11,7
1477,0,0,0,0,0,0,0
1478,0,0,0,0,0,0,0
1479,0,0,0,0,0,0,0
1480,0,0,0,0,0,0,0
1481,0,0,0,0,0,0,0
1482,0,0,0,0,0,0,0
1483,1,15,6,2,14,20,8
1484,0,0,0,0,0,0,0
1485,7,6,2,1,12,6,8
1486,0,0,0,0,0,0,1
1487,0,0,0,0,0,0,0
1488,16,13,8,11,10,17,19
1489,0,0,0,0,0,0,0
1490,0,0,0,0,0,0,0
1491,0,0,0,0,0,0,0
1492,0,0,0,0,0,0,0
1493,0,0,0,0,0,0,0
1494,0,0,0,0,0,0,0
1495,0,0,0,0,0,0,0
1496,0,0,0,0,0,0,0
1497,9,4,9,21,18,7,13
1498,0,0,0,0,0,0,0
1499,0,0,0,0,0,0,0
1500,0,0,0,0,0,0,0
1501,11,8,11,5,12,11,12
1502,0,0,0,0,0,0,0
1503,0,0,0,0,0,0,0
1504,0,0,0,0,0,0,0
1505,5,5,5,4,0,5,4
1506,0,0,0,0,0,0,0
1507,0,0,0,0,0,0,2
1508,0,0,0,0,0,0,0
1509,0,0,0,0,0,0,0
1510,0,0,0,0,0,0,0
1511,0,0,0,0,0,0,0
1512,0,0,0,0,0,0,0
1513,7,6,6,3,2,6,4
1514,0,0,0,0,1,0,0
1515,0,0,0,0,0,0,0
1516,2,4,5,6,7,6,10
1517,3,3,1,4,1,2,4
1518,0,0,0,0,0,0,0
1519,0,0,0,0,0,0,0
1520,0,0,0,0,0,0,0
1521,0,0,0,0,0,0,0
1522,0,0,0,0,0,0,0
1523,0,0,1,0,2,1,0
1524,0,0,0,0,0,0,0
1525,0,0,0,0,0,0,0
1526,0,0,0,0,0,0,0
1527,3,9,7,0,6,9,6
1528,0,0,0,0,0,0,0
1529,0,0,0,0,0,0,0
1530,3,2,0,1,0,3,1
1531,0,0,0,0,0,0,0
1532,0,0,0,0,0,0,0
1533,0,0,0,0,0,0,0
1534,15,10,7,12,15,17,12
1535,0,0,0,0,0,0,0
1536,0,2,0,0,0,0,0
1537,2,2,3,0,1,4,1
1538,0,0,0,0,0,0,0
1539,27,22,24,20,35,38,22
1540,0,0,0,0,0,0,0
1541,0,0,0,0,0,0,0
1542,0,0,0,0,0,0,0
1543,0,0,0,0,0,0,0
1544,0,0,0,0,0,0,0
1545,0,0,0,0,0,0,0
1546,0,0,0,0,0,0,0
1547,0,0,0,0,0,0,0
1548,0,0,0,0,0,0,0
1549,0,0,0,0,0,0,0
1550,0,0,0,0,0,0,0
1551,0,0,0,0,0,0,0
1552,1,2,4,3,6,1,1
1553,13,13,6,7,10,8,11
1554,0,0,0,0,0,1,0
1555,0,0,0,0,0,0,0
1556,0,0,0,0,0,0,0
1557,0,0,0,0,0,0,0
1558,0,0,0,0,0,0,0
1559,0,0,0,0,0,0,0
1560,0,0,0,0,0,0,0
1561,0,0,0,0,0,0,0
1562,0,0,0,0,0,0,0
1563,0,0,0,0,0,0,0
1564,5,3,4,2,7,7,13
1565,0,0,0,0,0,0,0
1566,0,0,0,0,0,0,0
1567,0,0,0,0,0,0,0
1568,0,0,0,0,0,0,0
1569,0,0,0,0,0,0,0
1570,17,17,11,13,13,16,14
1571,0,0,0,0,0,0,0
1572,0,0,0,0,0,0,0
1573,8,9,9,18,24,14,14
1574,0,1,2,2,11,3,2
1575,0,0,0,0,0,0,0
1576,0,8,5,3,4,6,3
1577,0,0,0,0,0,0,0
1578,0,0,0,0,0,0,0
1579,0,0,0,0,0,0,0
1580,0,0,0,0,0,0,0
1581,0,0,0,0,0,0,0
1582,0,0,0,0,0,0,0
1583,0,0,0,0,0,0,0
1584,0,0,0,0,0,0,0
1585,1,3,1,2,5,3,5
1586,0,0,0,0,0,0,1
1587,0,0,0,0,1,0,0
1588,3,2,0,1,4,10,4
1589,0,0,0,0,0,0,0
1590,0,0,0,0,0,0,0
1591,0,0,0,0,0,0,0
1592,1,1,1,0,1,4,3
1593,0,0,0,0,0,0,0
1594,0,0,0,0,0,0,0
1595,0,0,0,0,0,0,0
1596,0,1,0,1,0,0,0
1597,0,0,0,0,0,0,0
1598,1,1,1,2,4,3,3
1599,0,0,0,0,0,0,0
1600,0,0,0,0,0,0,0
1601,0,0,0,0,0,0,0
1602,0,0,0,0,0,0,0
1603,0,0,0,0,0,0,0
1604,0,0,0,0,0,0,0
1605,0,0,0,0,0,0,0
1606,0,0,0,0,0,0,0
1607,0,0,0,0,0,0,0
1608,0,0,0,0,0,0,0
1609,0,0,0,0,0,0,0
1610,0,0,0,0,0,0,0
1611,0,0,0,0,0,0,0
1612,6,13,12,13,11,15,8
1613,0,0,0,0,0,0,0
1614,0,0,0,0,0,0,0
1615,0,0,0,0,0,0,0
1616,0,0,0,0,0,0,0
1617,2,4,1,2,5,6,1
1618,0,0,2,5,0,1,3
1619,0,0,0,0,0,0,0
1620,0,0,0,0,0,0,0
1621,0,0,0,0,0,0,0
1622,5,8,1,7,7,2,1
1623,6,11,8,13,9,16,6
1624,12,14,26,16,36,22,28
1625,0,0,0,0,0,0,0
1626,0,0,0,0,0,0,0
1627,8,10,3,4,3,8,11
1628,0,0,0,0,0,0,0
1629,0,0,0,0,0,0,0
1630,0,0,0,0,0,0,0
1631,0,0,0,0,0,0,0
1632,12,9,8,6,9,5,2
1633,0,0,0,0,0,0,0
1634,12,11,10,8,10,4,8
1635,0,0,0,0,0,0,0
1636,0,0,0,0,0,0,0
1637,0,0,0,0,0,0,0
1638,0,0,0,0,0,0,0
1639,0,0,0,0,0,0,0
1640,0,0,0,0,0,0,0
1641,0,0,0,0,0,0,0
1642,0,0,0,0,0,0,0
1643,0,3,4,0,2,4,2
1644,0,0,0,0,0,0,0
1645,0,0,0,0,0,1,0
1646,0,0,0,0,0,0,0
1647,15,7,6,10,12,11,8
1648,0,0,0,0,0,0,0
1649,0,1,1,2,2,1,4
1650,0,0,0,0,0,0,0
1651,0,0,0,0,0,0,0
1652,0,0,0,0,0,0,0
1653,0,0,0,0,0,0,0
1654,0,0,0,0,0,0,0
1655,0,0,0,0,0,0,0
1656,0,0,0,0,0,0,0
1657,4,6,5,3,3,8,9
1658,0,0,0,0,0,0,0
1659,0,0,0,0,0,0,0
1660,0,0,0,0,0,0,0
1661,0,0,0,0,0,0,0
1662,1,6,2,4,6,11,9
1663,0,0,0,0,0,0,0
1664,0,0,0,0,0,0,0
1665,0,0,0,0,0,0,0
1666,0,0,0,0,0,0,0
1667,0,0,0,0,0,0,0
1668,0,0,0,0,0,0,0
1669,0,0,0,0,0,0,0
1670,24,29,21,25,30,45,25
1671,0,0,0,0,0,0,0
1672,0,0,0,0,0,0,0
1673,0,0,0,0,0,0,0
1674,5,3,5,3,6,2,5
1675,10,5,18,6,13,11,9
1676,3,8,4,6,14,3,7
1677,13,11,14,8,9,29,16
1678,0,0,0,0,0,0,0
1679,0,0,0,0,0,0,0
1680,11,15,5,17,11,5,11
1681,0,0,0,0,0,0,0
1682,0,0,0,0,0,0,0
1683,0,0,0,0,0,0,0
1684,0,0,0,0,0,0,0
1685,0,0,0,0,0,0,0
1686,0,2,0,2,1,0,1
1687,0,0,0,0,0,0,0
1688,0,0,0,0,0,0,0
1689,3,0,1,4,5,4,3
1690,1,3,8,6,8,8,2
1691,0,0,0,0,0,0,0
1692,0,0,0,0,0,0,0
1693,0,0,0,0,0,0,0
1694,0,0,0,0,0,0,0
1695,11,5,3,7,3,4,11
1696,7,8,2,8,4,9,8
1697,0,0,0,0,0,0,0
1698,0,0,0,0,0,0,0
1699,0,0,0,0,0,0,0
1700,0,0,0,0,0,0,0
1701,0,0,0,0,0,0,0
1702,0,0,0,0,0,0,0
1703,0,0,0,0,0,0,0
1704,1,2,0,0,0,0,0
1705,0,0,0,0,0,0,0
1706,5,9,6,4,8,7,3
1707,0,0,0,0,0,0,0
1708,3,3,2,4,2,1,0
1709,11,4,6,2,3,0,4
1710,0,0,0,0,0,0,0
1711,11,12,13,18,15,13,13
1712,0,0,0,0,0,0,0
1713,0,0,0,0,0,0,0
1714,0,0,0,0,0,0,0
1715,0,0,0,0,0,0,0
1716,0,0,0,0,0,0,0
1717,0,0,0,0,0,0,0
1718,0,0,0,0,0,0,0
1719,0,0,0,0,0,0,0
1720,20,13,37,38,36,43,32
1721,0,0,0,0,0,0,0
1722,0,0,0,0,0,0,0
1723,1,2,4,1,4,5,0
1724,0,0,0,0,0,0,0
1725,0,0,0,0,0,0,0
1726,0,0,0,0,0,0,0
1727,6,3,5,6,8,9,7
1728,7,9,4,4,1,7,7
1729,0,0,0,0,0,0,0
1730,0,0,0,0,0,0,0
1731,0,0,0,0,0,0,0
1732,0,0,0,0,0,0,0
1733,0,0,0,0,0,0,0
1734,5,7,5,3,4,3,4
1735,0,0,0,0,0,0,0
1736,0,0,0,0,0,5,1
1737,0,0,0,0,0,0,0
1738,0,3,3,3,5,1,1
1739,0,0,0,0,0,0,0
1740,0,1,0,3,1,4,1
1741,0,0,0,0,0,0,0
1742,0,0,0,0,0,0,0
1743,0,0,0,0,0,0,0
1744,0,1,0,0,0,2,1
1745,0,0,0,0,0,0,0
1746,0,0,0,0,0,0,0
1747,0,0,0,0,0,0,0
1748,0,0,0,0,0,0,0
1749,0,0,0,0,0,0,0
1750,11,5,7,8,5,11,9
1751,0,0,0,0,0,0,0
1752,0,0,0,0,0,0,0
1753,1,2,5,3,6,3,4
1754,0,0,0,0,0,0,0
1755,0,0,0,0,0,0,0
1756,0,0,0,0,0,0,0
1757,0,0,0,0,0,0,0
1758,0,0,0,0,0,0,0
1759,0,0,0,0,0,0,0
1760,0,0,0,0,1,0,0
1761,0,0,0,0,0,0,0
1762,1,0,0,1,0,2,0
1763,3,6,3,11,13,6,3
1764,0,7,4,4,5,5,6
1765,0,0,0,0,0,0,0
1766,10,14,2,6,9,14,4
1767,0,0,0,0,0,0,0
1768,0,0,0,1,0,0,0
1769,0,0,0,0,0,0,0
1770,0,0,0,0,0,0,0
1771,0,0,0,0,0,0,0
1772,0,0,0,0,0,0,0
1773,0,0,0,0,0,0,0
1774,0,0,0,0,0,0,0
1775,9,14,10,8,14,13,10
1776,0,0,0,0,0,0,0
1777,0,0,0,0,0,0,0
1778,0,0,0,0,0,0,0
1779,0,0,0,0,0,0,0
1780,0,0,0,0,0,0,0
1781,0,0,0,0,0,0,0
1782,2,0,7,6,5,7,3
1783,0,0,0,0,0,0,0
1784,0,0,0,0,0,0,0
1785,6,0,2,7,7,8,2
1786,0,0,0,0,0,0,0
1787,0,0,0,0,0,0,0
1788,0,0,0,0,0,0,0
1789,0,0,0,0,0,0,0
1790,2,5,1,2,3,5,0
1791,0,3,2,4,7,8,3
1792,0,0,0,0,0,0,0
1793,0,0,0,0,0,0,0
1794,0,0,0,0,0,0,0
1795,0,0,0,0,0,0,0
1796,0,0,0,0,0,0,0
1797,0,0,0,0,0,0,0
1798,0,0,0,0,0,0,0
1799,0,0,0,0,0,0,0
1800,8,5,7,5,6,8,7
1801,0,0,0,0,0,3,0
1802,0,0,0,0,0,0,0
1803,0,0,0,0,0,0,0
1804,0,0,0,0,0,0,0
1805,0,0,0,0,0,0,0
1806,5,1,2,2,1,1,1
1807,0,6,5,0,4,14,4
1808,0,0,0,0,0,0,0
1809,0,1,1,0,0,0,0
1810,0,0,0,0,0,1,0
1811,5,2,16,12,5,8,0
1812,0,0,1,0,4,0,2
1813,0,0,0,0,0,0,0
1814,0,0,0,0,0,0,0
1815,5,16,10,11,8,10,6
1816,0,0,0,0,0,1,0
1817,0,1,5,6,4,13,5
1818,0,0,0,0,0,0,0
1819,0,0,0,0,0,0,0
1820,0,4,5,6,6,12,3
1821,0,0,0,0,0,0,0
1822,0,0,0,0,0,0,0
1823,14,13,12,12,13,26,12
1824,0,0,0,0,0,0,0
1825,0,0,0,0,0,0,0
1826,0,0,0,0,0,0,0
1827,0,0,0,0,0,0,0
1828,0,0,0,0,0,5,0
1829,0,0,0,0,0,0,0
1830,0,0,0,0,0,1,0
1831,0,0,0,0,0,0,0
1832,0,0,0,0,0,0,0
1833,0,0,0,0,0,0,0
1834,3,4,5,4,8,4,3
1835,0,0,0,0,0,0,0
1836,0,0,0,0,0,0,0
1837,2,3,2,2,4,4,1
1838,0,0,0,0,0,0,0
1839,0,0,0,0,0,0,0
1840,0,0,0,0,0,0,0
1841,0,0,0,0,0,0,0
1842,0,0,0,0,0,0,0
1843,0,0,0,0,0,0,0
1844,7,3,2,8,1,10,0
1845,4,7,3,4,3,6,4
1846,0,0,0,0,0,0,0
1847,0,0,0,0,0,0,0
1848,0,0,0,0,0,0,0
1849,0,0,0,0,0,0,0
1850,0,0,0,0,0,0,0
1851,0,0,0,0,0,0,0
1852,0,0,0,0,0,0,0
1853,0,0,0,0,0,0,0
1854,0,0,0,0,0,0,0
1855,0,0,0,0,0,0,0
1856,0,0,0,0,0,0,0
1857,0,0,0,0,0,0,0
1858,0,0,0,0,0,0,0
1859,6,9,4,0,9,13,7
1860,0,0,0,0,0,0,0
1861,0,0,0,0,0,0,0
1862,0,0,0,0,0,0,0
1863,0,0,0,0,0,0,0
1864,0,0,0,0,0,0,0
1865,0,0,0,0,0,0,0
1866,0,0,0,0,0,0,0
1867,0,0,0,0,0,0,0
1868,2,4,2,4,4,10,2
1869,0,0,0,0,0,0,0
1870,0,0,0,0,0,0,0
1871,0,0,0,0,0,0,0
1872,0,0,0,0,0,0,0
1873,0,0,0,0,0,0,0
1874,12,9,9,9,11,16,11
1875,0,0,3,0,1,1,0
1876,0,0,0,0,0,0,0
1877,0,0,1,0,0,0,0
1878,0,0,0,0,0,0,0
1879,0,0,0,0,0,0,0
1880,0,0,0,0,0,0,0
1881,0,0,0,0,0,0,0
1882,0,0,0,0,0,0,0
1883,2,6,5,8,7,10,8
1884,2,3,2,3,6,3,5
1885,0,0,0,0,0,0,0
1886,0,0,0,0,0,0,0
1887,0,0,0,0,0,0,0
1888,5,8,8,7,17,8,8
1889,0,0,0,0,0,0,0
1890,0,1,0,1,1,2,0
1891,0,0,0,0,0,0,0
1892,0,0,0,0,0,0,0
1893,3,2,0,0,0,4,6
1894,0,0,0,0,0,0,0
1895,1,0,0,0,0,0,0
1896,0,0,0,0,0,0,0
1897,0,0,0,0,0,0,0
1898,0,0,0,0,0,0,0
1899,0,0,0,0,0,0,0
1900,2,1,4,6,6,1,7
1901,0,0,0,0,0,0,0
1902,0,0,0,0,1,0,0
1903,9,3,5,10,15,14,5
1904,0,0,0,0,0,0,0
1905,2,2,5,4,7,8,2
1906,0,0,0,0,0,0,0
1907,1,1,0,3,7,2,1
1908,0,0,0,0,0,0,0
1909,2,2,2,4,0,4,2
1910,3,3,1,0,2,1,0
1911,2,7,9,8,12,18,16
1912,6,2,6,4,10,4,9
1913,0,0,0,0,0,0,0
1914,11,10,7,6,14,22,7
1915,6,3,7,4,16,7,5
1916,19,13,13,18,14,11,24
1917,0,0,0,0,0,0,0
1918,0,0,0,0,0,0,0
1919,2,7,8,4,1,2,0
1920,0,0,0,0,0,0,0
1921,0,0,0,0,0,0,0
1922,0,0,0,0,0,0,0
1923,0,0,0,0,0,0,0
1924,5,7,6,3,4,5,8
1925,0,0,0,0,0,0,0
1926,0,0,0,0,0,0,0
1927,0,0,0,0,0,0,0
1928,0,0,0,0,0,0,0
1929,0,0,0,0,0,0,0
1930,0,0,0,0,0,0,0
1931,0,0,0,0,0,0,0
1932,0,0,0,0,0,0,0
1933,0,0,0,0,0,0,0
1934,0,0,0,0,0,0,0
1935,0,0,0,0,0,0,0
1936,0,0,0,0,0,0,0
1937,0,0,0,0,0,0,0
1938,0,0,0,0,0,0,0
1939,0,0,0,0,0,0,0
1940,1,7,3,8,5,10,8
1941,0,0,0,0,0,0,0
1942,0,0,0,0,0,0,0
1943,0,0,0,0,0,0,0
1944,0,0,0,0,0,0,0
1945,0,0,0,0,0,0,0
1946,0,0,0,0,0,0,0
1947,2,4,1,2,0,0,2
1948,0,0,0,0,0,0,0
1949,0,0,0,0,0,0,0
1950,0,0,0,0,0,0,0
1951,1,0,1,2,0,1,1
1952,0,0,0,0,0,0,0
1953,0,0,0,0,0,0,0
1954,0,0,0,0,0,0,0
1955,0,0,0,0,0,0,0
1956,18,16,9,19,20,23,13
1957,11,6,9,2,8,7,1
1958,0,0,0,0,0,0,0
1959,0,0,0,0,0,0,0
1960,0,0,0,0,0,0,0
1961,0,0,0,0,0,0,0
1962,0,0,0,0,0,0,0
1963,5,7,6,6,5,8,2
1964,0,0,0,0,0,0,0
1965,2,0,1,0,2,2,2
1966,0,0,0,0,0,0,0
1967,0,0,0,0,0,0,0
1968,0,0,0,0,0,0,0
1969,0,0,0,0,0,0,0
1970,0,0,0,0,0,0,0
1971,0,0,0,0,0,0,0
1972,0,0,0,0,0,0,0
1973,0,0,0,0,0,0,0
1974,0,0,0,0,0,0,0
1975,0,0,0,0,0,0,0
1976,0,0,0,0,0,0,0
1977,0,0,0,0,0,0,0
1978,0,0,0,0,0,0,0
1979,0,0,0,0,0,0,0
1980,0,0,0,0,0,0,0
1981,0,0,0,0,0,0,0
1982,0,0,0,0,0,0,0
1983,0,0,0,0,0,0,0
1984,0,0,0,0,0,0,0
1985,0,0,0,0,0,0,0
1986,6,3,7,5,8,10,11
1987,0,0,0,0,0,0,0
1988,0,0,0,0,0,0,0
1989,0,0,0,0,0,0,0
1990,0,0,0,0,0,0,0
1991,11,11,4,7,8,13,7
1992,0,0,0,0,0,0,0
1993,0,0,0,0,0,0,0
1994,0,0,0,0,0,0,0
1995,0,0,0,0,0,0,0
1996,8,11,12,7,21,17,11
1997,0,0,0,0,0,0,0
1998,0,0,1,1,0,1,0
1999,0,0,0,0,0,0,0
2000,0,0,0,0,0,0,0
