shop_id,2016-10-04,2016-10-05,2016-10-06,2016-10-07,2016-10-08,2016-10-09,2016-10-10
1,277.0,258.0,232.0,259.0,247.0,256.0,239.0
2,121.0,125.0,108.0,95.0,34.0,102.0,76.0
3,90.0,121.0,93.0,90.0,70.0,77.0,68.0
4,97.0,119.0,132.0,139.0,112.0,88.0,78.0
5,42.0,2.0,32.0,180.0,298.0,276.0,312.0
6,73.0,69.0,30.0,79.0,93.0,85.0,64.0
7,173.0,150.0,160.0,113.0,96.0,157.0,117.0
8,75.0,76.0,76.0,60.0,82.0,60.0,72.0
9,187.0,203.0,228.0,263.0,227.0,233.0,234.0
10,43.0,45.0,62.0,93.0,100.0,67.0,71.0
11,43.0,55.0,55.0,46.0,81.0,56.0,84.0
12,116.0,105.0,83.0,111.0,56.0,76.0,62.0
13,187.0,177.0,226.0,232.0,217.0,227.0,225.0
14,44.0,41.0,65.0,61.0,65.0,58.0,64.0
15,130.0,112.0,196.0,182.0,133.0,132.0,112.0
16,69.0,68.0,80.0,59.0,49.0,35.0,31.0
17,83.0,62.0,83.0,89.0,89.0,82.0,74.0
18,54.0,56.0,75.0,82.0,63.0,98.0,68.0
19,132.0,148.0,181.0,179.0,150.0,143.0,138.0
20,101.0,89.0,103.0,100.0,157.0,157.0,160.0
21,96.0,89.0,94.0,127.0,67.0,75.0,72.0
22,59.0,49.0,68.0,79.0,86.0,57.0,80.0
23,107.0,18.0,2.0,2.0,18.0,12.0,4.0
24,109.0,105.0,82.0,64.0,43.0,57.0,36.0
25,96.0,104.0,124.0,113.0,97.0,114.0,142.0
26,119.0,108.0,108.0,136.0,72.0,88.0,85.0
27,51.0,64.0,62.0,73.0,84.0,74.0,100.0
28,103.0,85.0,84.0,83.0,66.0,76.0,53.0
29,119.0,113.0,129.0,125.0,86.0,114.0,82.0
30,66.0,52.0,46.0,57.0,58.0,47.0,53.0
31,303.0,359.0,357.0,467.0,412.0,290.0,308.0
32,86.0,107.0,122.0,127.0,397.0,406.0,425.0
33,79.0,111.0,92.0,110.0,84.0,63.0,77.0
34,374.0,409.0,414.0,401.0,353.0,341.0,327.0
35,191.0,181.0,163.0,171.0,203.0,172.0,141.0
36,87.0,72.0,88.0,90.0,67.0,62.0,75.0
37,114.0,133.0,154.0,239.0,168.0,200.0,199.0
38,48.0,34.0,50.0,62.0,94.0,85.0,90.0
39,237.0,340.0,281.0,332.0,220.0,216.0,236.0
40,82.0,85.0,73.0,92.0,85.0,90.0,64.0
41,185.0,261.0,254.0,264.0,132.0,175.0,144.0
42,129.0,125.0,106.0,105.0,81.0,95.0,74.0
43,149.0,193.0,181.0,159.0,114.0,86.0,62.0
44,72.0,71.0,78.0,67.0,52.0,68.0,51.0
45,74.0,49.0,69.0,56.0,38.0,24.0,22.0
46,116.0,127.0,129.0,116.0,177.0,178.0,181.0
47,45.0,44.0,39.0,51.0,156.0,152.0,155.0
48,569.0,569.0,594.0,497.0,467.0,406.0,405.0
49,438.0,466.0,446.0,437.0,448.0,454.0,369.0
50,62.0,82.0,95.0,75.0,75.0,66.0,46.0
51,11.0,14.0,17.0,29.0,65.0,73.0,69.0
52,103.0,124.0,104.0,112.0,76.0,106.0,51.0
53,98.0,109.0,122.0,98.0,110.0,123.0,134.0
54,275.0,270.0,339.0,323.0,404.0,364.0,322.0
55,224.0,231.0,273.0,277.0,273.0,261.0,260.0
56,111.0,104.0,83.0,58.0,53.0,58.0,50.0
57,374.0,395.0,408.0,440.0,372.0,293.0,286.0
58,1553.0,1505.0,1613.0,1631.0,1664.0,1728.0,1651.0
59,231.0,247.0,266.0,274.0,216.0,123.0,138.0
60,140.0,124.0,115.0,147.0,128.0,150.0,154.0
61,72.0,61.0,62.0,61.0,78.0,65.0,62.0
62,221.0,196.0,132.0,96.0,74.0,93.0,89.0
63,238.0,249.0,199.0,231.0,217.0,213.0,169.0
64,102.0,81.0,89.0,108.0,143.0,107.0,120.0
65,123.0,0.0,0.0,0.0,289.0,436.0,341.0
66,62.0,78.0,74.0,96.0,61.0,62.0,51.0
67,59.0,81.0,55.0,64.0,55.0,56.0,63.0
68,63.0,57.0,47.0,54.0,68.0,57.0,65.0
69,130.0,124.0,113.0,106.0,116.0,113.0,93.0
70,48.0,63.0,56.0,78.0,45.0,74.0,45.0
71,90.0,107.0,83.0,120.0,140.0,146.0,163.0
72,383.0,385.0,440.0,486.0,498.0,472.0,485.0
73,93.0,96.0,105.0,100.0,100.0,100.0,96.0
74,107.0,91.0,101.0,93.0,101.0,94.0,108.0
75,46.0,31.0,31.0,29.0,43.0,68.0,60.0
76,64.0,77.0,46.0,62.0,49.0,36.0,32.0
77,118.0,147.0,127.0,139.0,105.0,100.0,110.0
78,33.0,52.0,52.0,52.0,51.0,50.0,42.0
79,22.0,32.0,37.0,39.0,98.0,131.0,124.0
80,68.0,71.0,62.0,51.0,58.0,73.0,48.0
81,89.0,81.0,82.0,83.0,120.0,112.0,133.0
82,77.0,72.0,83.0,67.0,115.0,108.0,136.0
83,125.0,138.0,177.0,136.0,88.0,133.0,132.0
84,273.0,302.0,336.0,384.0,154.0,164.0,142.0
85,109.0,108.0,85.0,77.0,71.0,75.0,80.0
86,124.0,109.0,124.0,164.0,119.0,97.0,136.0
87,9.0,9.0,22.0,17.0,123.0,163.0,141.0
88,329.0,303.0,296.0,426.0,385.0,488.0,397.0
89,54.0,62.0,62.0,58.0,32.0,46.0,44.0
90,253.0,294.0,271.0,309.0,222.0,249.0,215.0
91,114.0,112.0,76.0,115.0,79.0,115.0,89.0
92,169.0,168.0,151.0,167.0,123.0,131.0,101.0
93,92.0,95.0,116.0,106.0,172.0,143.0,167.0
94,84.0,105.0,105.0,101.0,149.0,148.0,160.0
95,42.0,55.0,63.0,63.0,81.0,92.0,87.0
96,125.0,130.0,125.0,116.0,112.0,119.0,99.0
97,99.0,111.0,121.0,154.0,167.0,159.0,201.0
98,95.0,85.0,109.0,79.0,96.0,75.0,97.0
99,39.0,32.0,26.0,14.0,1.0,22.0,47.0
100,306.0,292.0,289.0,252.0,375.0,327.0,466.0
101,136.0,120.0,115.0,82.0,95.0,144.0,115.0
102,157.0,120.0,133.0,114.0,107.0,124.0,127.0
103,68.0,72.0,77.0,66.0,93.0,66.0,85.0
104,74.0,80.0,87.0,58.0,107.0,93.0,86.0
105,111.0,111.0,103.0,99.0,83.0,79.0,70.0
106,65.0,57.0,61.0,51.0,95.0,59.0,63.0
107,174.0,151.0,165.0,106.0,57.0,101.0,54.0
108,68.0,64.0,100.0,112.0,96.0,96.0,108.0
109,92.0,108.0,101.0,108.0,90.0,94.0,89.0
110,82.0,96.0,102.0,102.0,158.0,128.0,153.0
111,54.0,51.0,52.0,61.0,72.0,70.0,60.0
112,123.0,154.0,136.0,147.0,129.0,125.0,130.0
113,53.0,49.0,36.0,73.0,129.0,86.0,91.0
114,336.0,359.0,391.0,377.0,437.0,552.0,615.0
115,303.0,344.0,375.0,371.0,422.0,429.0,439.0
116,175.0,177.0,56.0,35.0,339.0,381.0,457.0
117,324.0,281.0,246.0,229.0,146.0,161.0,121.0
118,23.0,30.0,25.0,37.0,83.0,68.0,96.0
119,76.0,85.0,77.0,60.0,51.0,51.0,42.0
120,253.0,276.0,270.0,268.0,292.0,288.0,252.0
121,54.0,40.0,52.0,55.0,47.0,45.0,37.0
122,36.0,52.0,53.0,50.0,49.0,52.0,49.0
123,68.0,93.0,70.0,144.0,113.0,96.0,111.0
124,359.0,374.0,355.0,379.0,400.0,406.0,402.0
125,230.0,139.0,126.0,79.0,60.0,34.0,39.0
126,60.0,62.0,87.0,90.0,85.0,63.0,87.0
127,195.0,169.0,136.0,110.0,71.0,65.0,43.0
128,55.0,68.0,67.0,62.0,35.0,49.0,30.0
129,227.0,217.0,191.0,210.0,193.0,203.0,171.0
130,293.0,328.0,319.0,264.0,330.0,356.0,316.0
131,53.0,62.0,81.0,68.0,58.0,78.0,48.0
132,87.0,81.0,82.0,65.0,59.0,56.0,45.0
133,55.0,36.0,62.0,53.0,89.0,102.0,100.0
134,164.0,170.0,186.0,250.0,335.0,328.0,397.0
135,156.0,184.0,142.0,171.0,162.0,155.0,155.0
136,91.0,96.0,64.0,106.0,61.0,107.0,109.0
137,43.0,54.0,68.0,62.0,73.0,77.0,94.0
138,179.0,191.0,166.0,187.0,227.0,260.0,248.0
139,95.0,88.0,106.0,89.0,65.0,57.0,55.0
140,62.0,70.0,67.0,72.0,251.0,280.0,294.0
141,36.0,62.0,51.0,51.0,41.0,38.0,41.0
142,148.0,57.0,208.0,228.0,406.0,459.0,492.0
143,87.0,80.0,74.0,108.0,116.0,111.0,126.0
144,111.0,153.0,133.0,157.0,90.0,103.0,92.0
145,126.0,122.0,57.0,58.0,58.0,56.0,66.0
146,527.0,576.0,556.0,650.0,370.0,606.0,471.0
147,66.0,97.0,95.0,107.0,127.0,136.0,147.0
148,23.0,36.0,67.0,56.0,67.0,58.0,61.0
149,183.0,193.0,200.0,177.0,118.0,113.0,131.0
150,96.0,115.0,115.0,98.0,33.0,23.0,30.0
151,42.0,36.0,57.0,68.0,84.0,90.0,94.0
152,56.0,48.0,48.0,56.0,53.0,42.0,67.0
153,60.0,101.0,98.0,83.0,74.0,55.0,60.0
154,120.0,69.0,85.0,60.0,83.0,96.0,91.0
155,114.0,110.0,123.0,151.0,119.0,121.0,120.0
156,147.0,171.0,150.0,156.0,143.0,130.0,120.0
157,71.0,91.0,98.0,98.0,74.0,96.0,90.0
158,89.0,69.0,56.0,57.0,76.0,82.0,68.0
159,134.0,126.0,86.0,76.0,48.0,61.0,58.0
160,76.0,102.0,90.0,99.0,296.0,281.0,320.0
161,27.0,69.0,62.0,79.0,80.0,97.0,89.0
162,100.0,77.0,105.0,86.0,74.0,68.0,70.0
163,104.0,101.0,98.0,91.0,86.0,104.0,80.0
164,42.0,88.0,104.0,101.0,136.0,146.0,160.0
165,119.0,114.0,147.0,44.0,106.0,93.0,93.0
166,106.0,123.0,132.0,111.0,47.0,62.0,52.0
167,141.0,137.0,114.0,94.0,119.0,109.0,90.0
168,77.0,77.0,73.0,83.0,88.0,84.0,111.0
169,140.0,147.0,159.0,165.0,70.0,100.0,78.0
170,79.0,94.0,99.0,77.0,62.0,64.0,38.0
171,217.0,170.0,163.0,201.0,189.0,229.0,232.0
172,196.0,189.0,239.0,264.0,191.0,188.0,161.0
173,152.0,166.0,178.0,136.0,175.0,183.0,185.0
174,98.0,118.0,100.0,127.0,207.0,223.0,174.0
175,104.0,144.0,130.0,120.0,77.0,101.0,71.0
176,116.0,101.0,97.0,102.0,73.0,85.0,77.0
177,121.0,126.0,114.0,121.0,82.0,111.0,100.0
178,66.0,94.0,73.0,123.0,95.0,65.0,93.0
179,89.0,74.0,88.0,76.0,50.0,64.0,92.0
180,207.0,220.0,174.0,279.0,232.0,310.0,239.0
181,107.0,106.0,108.0,88.0,74.0,75.0,72.0
182,98.0,78.0,99.0,49.0,44.0,47.0,43.0
183,71.0,69.0,57.0,56.0,173.0,179.0,181.0
184,45.0,74.0,59.0,70.0,73.0,66.0,67.0
185,76.0,73.0,86.0,91.0,118.0,105.0,88.0
186,163.0,147.0,186.0,152.0,146.0,164.0,110.0
187,91.0,98.0,62.0,80.0,66.0,66.0,64.0
188,94.0,105.0,133.0,88.0,85.0,98.0,83.0
189,472.0,523.0,513.0,603.0,507.0,479.0,378.0
190,69.0,78.0,82.0,68.0,59.0,41.0,41.0
191,28.0,35.0,41.0,34.0,64.0,69.0,71.0
192,68.0,62.0,61.0,73.0,25.0,44.0,53.0
193,165.0,196.0,176.0,163.0,124.0,120.0,124.0
194,24.0,20.0,30.0,22.0,34.0,44.0,49.0
195,122.0,111.0,102.0,93.0,55.0,59.0,48.0
196,172.0,169.0,192.0,129.0,55.0,71.0,59.0
197,117.0,99.0,116.0,65.0,53.0,48.0,61.0
198,42.0,46.0,44.0,54.0,110.0,123.0,125.0
199,153.0,158.0,141.0,174.0,176.0,184.0,161.0
200,380.0,419.0,326.0,228.0,161.0,180.0,145.0
201,100.0,71.0,64.0,74.0,35.0,27.0,33.0
202,130.0,101.0,3.0,122.0,138.0,107.0,85.0
203,418.0,489.0,418.0,518.0,386.0,395.0,323.0
204,62.0,53.0,73.0,79.0,82.0,61.0,76.0
205,86.0,58.0,61.0,90.0,92.0,113.0,100.0
206,84.0,77.0,79.0,74.0,34.0,39.0,41.0
207,80.0,91.0,109.0,113.0,61.0,68.0,54.0
208,71.0,73.0,78.0,94.0,94.0,101.0,91.0
209,149.0,164.0,153.0,66.0,59.0,75.0,60.0
210,166.0,162.0,203.0,156.0,119.0,87.0,59.0
211,91.0,79.0,99.0,74.0,85.0,82.0,76.0
212,101.0,114.0,82.0,77.0,51.0,41.0,49.0
213,1.0,55.0,23.0,28.0,71.0,59.0,49.0
214,79.0,86.0,63.0,60.0,46.0,38.0,38.0
215,161.0,224.0,234.0,208.0,151.0,119.0,123.0
216,24.0,34.0,22.0,38.0,49.0,54.0,54.0
217,464.0,432.0,430.0,405.0,422.0,362.0,339.0
218,4.0,6.0,7.0,6.0,46.0,46.0,41.0
219,58.0,54.0,46.0,40.0,49.0,63.0,46.0
220,34.0,33.0,46.0,28.0,83.0,86.0,94.0
221,108.0,106.0,105.0,97.0,90.0,102.0,98.0
222,24.0,37.0,42.0,35.0,24.0,12.0,17.0
223,122.0,98.0,100.0,116.0,86.0,76.0,75.0
224,10.0,13.0,17.0,17.0,85.0,83.0,101.0
225,70.0,72.0,74.0,77.0,84.0,86.0,103.0
226,137.0,143.0,172.0,140.0,181.0,181.0,201.0
227,128.0,131.0,111.0,127.0,66.0,60.0,62.0
228,43.0,54.0,70.0,36.0,68.0,70.0,77.0
229,73.0,91.0,104.0,78.0,66.0,75.0,58.0
230,51.0,55.0,53.0,64.0,47.0,72.0,67.0
231,90.0,76.0,79.0,63.0,78.0,75.0,66.0
232,93.0,74.0,59.0,58.0,51.0,58.0,71.0
233,352.0,309.0,313.0,394.0,231.0,236.0,237.0
234,151.0,159.0,171.0,169.0,134.0,139.0,150.0
235,159.0,169.0,118.0,159.0,122.0,132.0,114.0
236,69.0,69.0,75.0,57.0,76.0,55.0,44.0
237,31.0,39.0,44.0,47.0,49.0,37.0,35.0
238,38.0,39.0,39.0,38.0,46.0,65.0,57.0
239,143.0,141.0,91.0,93.0,85.0,90.0,70.0
240,195.0,255.0,197.0,175.0,253.0,246.0,247.0
241,57.0,77.0,64.0,85.0,91.0,78.0,78.0
242,45.0,45.0,61.0,54.0,74.0,87.0,84.0
243,363.0,313.0,318.0,363.0,281.0,286.0,250.0
244,25.0,26.0,58.0,133.0,187.0,180.0,163.0
245,41.0,60.0,54.0,78.0,149.0,180.0,105.0
246,84.0,96.0,87.0,58.0,23.0,31.0,19.0
247,128.0,137.0,131.0,147.0,149.0,155.0,182.0
248,29.0,48.0,31.0,70.0,64.0,75.0,69.0
249,44.0,45.0,68.0,82.0,114.0,125.0,157.0
250,62.0,84.0,88.0,71.0,52.0,40.0,39.0
251,39.0,44.0,34.0,44.0,89.0,93.0,111.0
252,112.0,112.0,93.0,139.0,152.0,145.0,107.0
253,101.0,117.0,130.0,119.0,66.0,67.0,60.0
254,23.0,41.0,33.0,84.0,51.0,59.0,57.0
255,40.0,50.0,56.0,54.0,90.0,86.0,83.0
256,203.0,190.0,273.0,262.0,194.0,216.0,175.0
257,61.0,74.0,57.0,66.0,77.0,86.0,82.0
258,103.0,158.0,196.0,205.0,102.0,79.0,46.0
259,65.0,68.0,73.0,64.0,64.0,84.0,79.0
260,65.0,67.0,45.0,53.0,38.0,55.0,53.0
261,129.0,107.0,115.0,110.0,112.0,104.0,95.0
262,56.0,50.0,51.0,69.0,82.0,150.0,153.0
263,104.0,131.0,103.0,123.0,138.0,89.0,80.0
264,89.0,128.0,91.0,95.0,119.0,115.0,132.0
265,96.0,93.0,118.0,128.0,110.0,97.0,119.0
266,42.0,55.0,40.0,43.0,43.0,51.0,36.0
267,80.0,81.0,98.0,68.0,109.0,95.0,95.0
268,51.0,55.0,68.0,49.0,94.0,94.0,88.0
269,25.0,30.0,55.0,67.0,102.0,107.0,101.0
270,155.0,103.0,102.0,113.0,87.0,98.0,109.0
271,37.0,31.0,46.0,39.0,61.0,95.0,82.0
272,93.0,131.0,173.0,288.0,440.0,482.0,506.0
273,115.0,117.0,99.0,119.0,93.0,112.0,90.0
274,28.0,59.0,81.0,64.0,52.0,50.0,70.0
275,242.0,268.0,304.0,440.0,516.0,497.0,515.0
276,100.0,124.0,154.0,158.0,129.0,131.0,132.0
277,60.0,70.0,82.0,92.0,31.0,42.0,34.0
278,331.0,301.0,338.0,348.0,273.0,265.0,255.0
279,550.0,553.0,536.0,607.0,423.0,477.0,408.0
280,65.0,53.0,49.0,46.0,56.0,54.0,55.0
281,198.0,200.0,164.0,173.0,169.0,152.0,144.0
282,181.0,103.0,115.0,107.0,257.0,258.0,260.0
283,252.0,224.0,144.0,101.0,69.0,80.0,49.0
284,38.0,45.0,50.0,54.0,31.0,26.0,35.0
285,268.0,267.0,290.0,283.0,210.0,205.0,227.0
286,87.0,26.0,67.0,167.0,440.0,407.0,427.0
287,203.0,212.0,202.0,212.0,184.0,206.0,184.0
288,71.0,81.0,89.0,83.0,49.0,73.0,65.0
289,49.0,44.0,58.0,59.0,61.0,52.0,61.0
290,73.0,65.0,66.0,46.0,58.0,56.0,47.0
291,37.0,37.0,45.0,68.0,114.0,96.0,120.0
292,89.0,93.0,86.0,94.0,152.0,127.0,166.0
293,148.0,177.0,186.0,226.0,161.0,220.0,205.0
294,86.0,86.0,74.0,109.0,112.0,128.0,125.0
295,54.0,61.0,74.0,84.0,70.0,63.0,40.0
296,474.0,442.0,456.0,531.0,381.0,391.0,355.0
297,212.0,222.0,232.0,205.0,256.0,322.0,318.0
298,328.0,330.0,429.0,514.0,379.0,409.0,323.0
299,227.0,212.0,237.0,242.0,191.0,212.0,156.0
300,58.0,81.0,47.0,77.0,62.0,48.0,55.0
301,48.0,94.0,80.0,67.0,44.0,67.0,63.0
302,40.0,62.0,129.0,182.0,183.0,195.0,172.0
303,88.0,108.0,114.0,77.0,41.0,52.0,55.0
304,245.0,193.0,201.0,189.0,223.0,188.0,179.0
305,117.0,114.0,157.0,126.0,109.0,128.0,104.0
306,470.0,485.0,9.0,83.0,462.0,172.0,376.0
307,156.0,142.0,113.0,88.0,45.0,53.0,63.0
308,35.0,29.0,45.0,37.0,100.0,79.0,86.0
309,66.0,63.0,71.0,91.0,162.0,124.0,158.0
310,201.0,184.0,168.0,219.0,177.0,182.0,150.0
311,12.0,19.0,50.0,29.0,116.0,100.0,115.0
312,82.0,90.0,95.0,118.0,94.0,124.0,95.0
313,504.0,559.0,393.0,331.0,541.0,501.0,603.0
314,104.0,93.0,113.0,79.0,106.0,95.0,93.0
315,118.0,139.0,164.0,130.0,161.0,167.0,177.0
316,75.0,69.0,66.0,84.0,165.0,202.0,171.0
317,97.0,77.0,87.0,79.0,65.0,68.0,38.0
318,168.0,167.0,167.0,172.0,141.0,114.0,108.0
319,151.0,148.0,148.0,148.0,153.0,182.0,179.0
320,227.0,260.0,310.0,294.0,194.0,210.0,200.0
321,119.0,120.0,133.0,140.0,102.0,104.0,114.0
322,60.0,58.0,73.0,61.0,81.0,81.0,80.0
323,122.0,171.0,154.0,147.0,160.0,190.0,185.0
324,48.0,66.0,59.0,47.0,117.0,130.0,118.0
325,96.0,102.0,108.0,61.0,80.0,79.0,66.0
326,109.0,76.0,88.0,67.0,87.0,96.0,68.0
327,52.0,55.0,61.0,61.0,62.0,55.0,67.0
328,105.0,116.0,117.0,127.0,123.0,158.0,159.0
329,119.0,114.0,95.0,98.0,77.0,76.0,65.0
330,153.0,162.0,150.0,106.0,36.0,53.0,37.0
331,384.0,351.0,263.0,191.0,387.0,341.0,372.0
332,169.0,178.0,155.0,111.0,100.0,98.0,91.0
333,66.0,84.0,78.0,93.0,89.0,108.0,105.0
334,74.0,118.0,129.0,106.0,148.0,147.0,176.0
335,40.0,44.0,117.0,88.0,164.0,159.0,189.0
336,327.0,331.0,322.0,216.0,180.0,226.0,237.0
337,102.0,90.0,80.0,80.0,89.0,96.0,68.0
338,596.0,597.0,668.0,793.0,420.0,520.0,316.0
339,78.0,135.0,117.0,134.0,116.0,89.0,73.0
340,61.0,62.0,72.0,56.0,65.0,65.0,72.0
341,213.0,219.0,242.0,216.0,168.0,174.0,161.0
342,63.0,69.0,75.0,79.0,98.0,117.0,105.0
343,80.0,69.0,78.0,74.0,93.0,87.0,91.0
344,162.0,142.0,146.0,158.0,160.0,129.0,131.0
345,112.0,97.0,93.0,55.0,71.0,91.0,89.0
346,197.0,204.0,171.0,186.0,212.0,228.0,128.0
347,88.0,75.0,67.0,60.0,53.0,58.0,35.0
348,227.0,318.0,258.0,392.0,323.0,325.0,282.0
349,77.0,78.0,80.0,83.0,86.0,101.0,98.0
350,29.0,65.0,53.0,41.0,200.0,220.0,225.0
351,56.0,56.0,68.0,37.0,98.0,83.0,97.0
352,282.0,279.0,1.0,1.0,225.0,225.0,294.0
353,48.0,47.0,52.0,47.0,51.0,45.0,63.0
354,73.0,75.0,61.0,52.0,62.0,70.0,52.0
355,37.0,40.0,25.0,22.0,61.0,32.0,35.0
356,107.0,99.0,103.0,146.0,158.0,121.0,128.0
357,56.0,56.0,56.0,55.0,55.0,62.0,59.0
358,80.0,70.0,90.0,107.0,121.0,147.0,119.0
359,157.0,153.0,167.0,126.0,157.0,139.0,154.0
360,170.0,169.0,189.0,231.0,153.0,148.0,106.0
361,75.0,65.0,85.0,98.0,175.0,197.0,232.0
362,114.0,115.0,123.0,114.0,142.0,133.0,136.0
363,72.0,76.0,79.0,80.0,69.0,66.0,68.0
364,139.0,128.0,129.0,136.0,89.0,121.0,88.0
365,50.0,61.0,57.0,57.0,53.0,63.0,62.0
366,109.0,96.0,76.0,76.0,95.0,70.0,91.0
367,59.0,60.0,60.0,80.0,89.0,90.0,84.0
368,196.0,195.0,191.0,136.0,298.0,268.0,299.0
369,141.0,118.0,131.0,122.0,133.0,123.0,119.0
370,140.0,131.0,165.0,335.0,141.0,121.0,114.0
371,263.0,276.0,281.0,256.0,209.0,194.0,158.0
372,80.0,59.0,75.0,54.0,52.0,50.0,46.0
373,59.0,68.0,68.0,65.0,24.0,50.0,50.0
374,47.0,44.0,48.0,64.0,34.0,63.0,61.0
375,87.0,110.0,101.0,85.0,76.0,60.0,35.0
376,49.0,44.0,46.0,41.0,29.0,54.0,32.0
377,73.0,76.0,100.0,103.0,86.0,90.0,106.0
378,166.0,184.0,179.0,215.0,180.0,182.0,163.0
379,109.0,119.0,103.0,73.0,31.0,30.0,29.0
380,277.0,277.0,284.0,223.0,223.0,216.0,196.0
381,50.0,57.0,58.0,52.0,91.0,43.0,53.0
382,49.0,63.0,53.0,46.0,89.0,80.0,62.0
383,96.0,63.0,62.0,68.0,99.0,106.0,85.0
384,31.0,24.0,16.0,28.0,47.0,51.0,76.0
385,80.0,77.0,63.0,58.0,30.0,41.0,42.0
386,184.0,178.0,154.0,146.0,128.0,165.0,157.0
387,66.0,87.0,66.0,70.0,71.0,82.0,48.0
388,104.0,89.0,118.0,123.0,82.0,100.0,88.0
389,78.0,79.0,85.0,75.0,91.0,92.0,96.0
390,73.0,76.0,75.0,78.0,49.0,46.0,41.0
391,266.0,315.0,289.0,320.0,246.0,184.0,257.0
392,99.0,101.0,89.0,98.0,280.0,269.0,284.0
393,414.0,418.0,463.0,490.0,520.0,528.0,471.0
394,105.0,102.0,107.0,133.0,137.0,155.0,158.0
395,134.0,161.0,132.0,146.0,205.0,219.0,230.0
396,64.0,65.0,73.0,74.0,103.0,117.0,122.0
397,141.0,149.0,151.0,206.0,142.0,164.0,127.0
398,62.0,58.0,74.0,67.0,77.0,105.0,117.0
399,457.0,415.0,333.0,162.0,105.0,83.0,96.0
400,58.0,69.0,67.0,62.0,64.0,69.0,51.0
401,24.0,29.0,41.0,64.0,88.0,69.0,68.0
402,106.0,126.0,142.0,163.0,209.0,232.0,242.0
403,149.0,139.0,176.0,142.0,103.0,85.0,64.0
404,193.0,172.0,189.0,205.0,180.0,150.0,191.0
405,57.0,55.0,69.0,66.0,126.0,122.0,126.0
406,63.0,113.0,118.0,126.0,133.0,129.0,139.0
407,106.0,84.0,119.0,127.0,169.0,144.0,147.0
408,335.0,337.0,369.0,354.0,288.0,338.0,248.0
409,74.0,96.0,108.0,85.0,89.0,97.0,96.0
410,83.0,67.0,43.0,85.0,64.0,96.0,34.0
411,43.0,31.0,27.0,19.0,13.0,28.0,25.0
412,19.0,23.0,34.0,24.0,56.0,84.0,82.0
413,96.0,101.0,96.0,127.0,186.0,214.0,201.0
414,498.0,464.0,499.0,499.0,400.0,490.0,396.0
415,33.0,26.0,38.0,33.0,51.0,47.0,57.0
416,105.0,116.0,102.0,98.0,69.0,72.0,77.0
417,41.0,44.0,25.0,41.0,18.0,38.0,28.0
418,169.0,169.0,150.0,119.0,124.0,122.0,145.0
419,40.0,74.0,56.0,50.0,23.0,26.0,39.0
420,118.0,87.0,102.0,63.0,116.0,133.0,96.0
421,104.0,81.0,82.0,77.0,43.0,52.0,34.0
422,108.0,98.0,97.0,91.0,114.0,96.0,114.0
423,144.0,145.0,144.0,106.0,74.0,70.0,53.0
424,84.0,80.0,74.0,90.0,71.0,79.0,56.0
425,133.0,130.0,140.0,130.0,94.0,95.0,88.0
426,179.0,193.0,215.0,170.0,140.0,114.0,129.0
427,72.0,55.0,60.0,54.0,86.0,97.0,115.0
428,56.0,69.0,51.0,61.0,111.0,131.0,135.0
429,60.0,58.0,57.0,55.0,39.0,48.0,35.0
430,70.0,87.0,102.0,97.0,99.0,86.0,111.0
431,60.0,53.0,64.0,61.0,66.0,62.0,53.0
432,102.0,97.0,107.0,79.0,19.0,41.0,34.0
433,56.0,53.0,62.0,64.0,97.0,91.0,80.0
434,109.0,89.0,58.0,53.0,35.0,45.0,31.0
435,467.0,525.0,540.0,525.0,334.0,312.0,38.0
436,304.0,360.0,373.0,453.0,373.0,385.0,417.0
437,45.0,56.0,47.0,65.0,59.0,76.0,67.0
438,88.0,68.0,82.0,88.0,76.0,55.0,68.0
439,101.0,119.0,102.0,114.0,106.0,96.0,122.0
440,53.0,65.0,48.0,60.0,64.0,70.0,75.0
441,220.0,244.0,207.0,260.0,246.0,224.0,183.0
442,84.0,91.0,117.0,79.0,71.0,78.0,80.0
443,60.0,60.0,67.0,85.0,68.0,56.0,46.0
444,77.0,82.0,68.0,56.0,76.0,73.0,95.0
445,118.0,122.0,140.0,155.0,131.0,173.0,141.0
446,83.0,75.0,64.0,56.0,45.0,39.0,55.0
447,73.0,62.0,100.0,101.0,231.0,266.0,245.0
448,39.0,42.0,50.0,56.0,175.0,162.0,186.0
449,132.0,95.0,92.0,79.0,33.0,34.0,22.0
450,48.0,82.0,59.0,58.0,69.0,60.0,70.0
451,175.0,172.0,188.0,151.0,110.0,122.0,107.0
452,183.0,175.0,212.0,206.0,211.0,218.0,217.0
453,44.0,43.0,55.0,55.0,86.0,60.0,69.0
454,66.0,68.0,78.0,63.0,93.0,51.0,57.0
455,133.0,104.0,135.0,113.0,112.0,153.0,138.0
456,55.0,55.0,73.0,55.0,75.0,76.0,53.0
457,77.0,66.0,63.0,71.0,45.0,56.0,55.0
458,202.0,232.0,260.0,270.0,156.0,104.0,90.0
459,19.0,9.0,24.0,31.0,3.0,6.0,7.0
460,17.0,19.0,57.0,69.0,237.0,227.0,235.0
461,39.0,49.0,35.0,36.0,53.0,54.0,55.0
462,169.0,139.0,141.0,90.0,72.0,54.0,63.0
463,143.0,139.0,32.0,100.0,147.0,129.0,136.0
464,95.0,121.0,109.0,79.0,84.0,80.0,73.0
465,0.0,0.0,0.0,0.0,302.0,397.0,387.0
466,131.0,116.0,132.0,135.0,68.0,68.0,69.0
467,94.0,91.0,89.0,103.0,100.0,113.0,80.0
468,56.0,60.0,58.0,59.0,56.0,50.0,49.0
469,28.0,33.0,40.0,47.0,66.0,42.0,47.0
470,80.0,93.0,123.0,86.0,52.0,49.0,64.0
471,75.0,49.0,64.0,76.0,116.0,82.0,105.0
472,337.0,419.0,457.0,477.0,409.0,471.0,411.0
473,42.0,51.0,38.0,37.0,80.0,78.0,87.0
474,26.0,29.0,27.0,24.0,30.0,24.0,39.0
475,169.0,158.0,127.0,156.0,113.0,123.0,124.0
476,13.0,17.0,32.0,13.0,93.0,84.0,94.0
477,85.0,88.0,91.0,73.0,95.0,97.0,80.0
478,44.0,42.0,46.0,55.0,51.0,52.0,38.0
479,72.0,78.0,60.0,96.0,66.0,67.0,69.0
480,166.0,164.0,164.0,146.0,69.0,62.0,63.0
481,80.0,90.0,88.0,96.0,64.0,81.0,83.0
482,106.0,105.0,137.0,119.0,78.0,64.0,77.0
483,36.0,44.0,49.0,60.0,52.0,44.0,66.0
484,87.0,100.0,112.0,78.0,72.0,124.0,65.0
485,121.0,124.0,105.0,101.0,124.0,124.0,111.0
486,117.0,91.0,72.0,59.0,81.0,78.0,64.0
487,41.0,50.0,50.0,61.0,65.0,73.0,56.0
488,52.0,61.0,53.0,70.0,81.0,86.0,61.0
489,59.0,85.0,76.0,57.0,65.0,77.0,70.0
490,33.0,58.0,56.0,47.0,23.0,41.0,24.0
491,217.0,221.0,213.0,284.0,290.0,280.0,281.0
492,72.0,60.0,63.0,48.0,85.0,77.0,85.0
493,27.0,29.0,47.0,82.0,64.0,102.0,89.0
494,48.0,71.0,47.0,103.0,78.0,74.0,60.0
495,112.0,84.0,86.0,81.0,48.0,40.0,37.0
496,151.0,179.0,151.0,107.0,127.0,118.0,138.0
497,148.0,162.0,135.0,112.0,56.0,56.0,44.0
498,42.0,43.0,66.0,34.0,81.0,75.0,79.0
499,87.0,76.0,85.0,83.0,57.0,42.0,37.0
500,201.0,178.0,171.0,174.0,148.0,141.0,109.0
501,89.0,98.0,111.0,65.0,27.0,41.0,115.0
502,173.0,168.0,135.0,155.0,124.0,25.0,131.0
503,66.0,50.0,57.0,52.0,94.0,100.0,101.0
504,114.0,102.0,120.0,92.0,71.0,74.0,63.0
505,124.0,123.0,75.0,77.0,78.0,100.0,115.0
506,44.0,80.0,84.0,100.0,70.0,63.0,56.0
507,60.0,65.0,59.0,133.0,243.0,207.0,204.0
508,74.0,76.0,57.0,52.0,124.0,127.0,148.0
509,90.0,134.0,104.0,139.0,39.0,57.0,26.0
510,57.0,66.0,67.0,83.0,71.0,62.0,63.0
511,167.0,149.0,147.0,159.0,116.0,123.0,130.0
512,86.0,64.0,86.0,103.0,90.0,106.0,88.0
513,113.0,120.0,104.0,131.0,142.0,118.0,118.0
514,57.0,44.0,62.0,79.0,92.0,84.0,84.0
515,144.0,99.0,122.0,131.0,138.0,114.0,106.0
516,76.0,66.0,67.0,75.0,81.0,71.0,80.0
517,2663.0,2196.0,2309.0,2660.0,1779.0,1861.0,1648.0
518,96.0,94.0,84.0,78.0,78.0,81.0,57.0
519,144.0,162.0,151.0,184.0,173.0,168.0,182.0
520,71.0,71.0,79.0,39.0,61.0,84.0,85.0
521,224.0,181.0,171.0,104.0,58.0,60.0,45.0
522,175.0,166.0,150.0,157.0,147.0,125.0,109.0
523,53.0,52.0,35.0,51.0,37.0,41.0,41.0
524,13.0,14.0,14.0,15.0,67.0,76.0,84.0
525,58.0,71.0,63.0,85.0,82.0,81.0,70.0
526,126.0,109.0,117.0,115.0,79.0,103.0,104.0
527,19.0,15.0,30.0,33.0,75.0,65.0,62.0
528,529.0,507.0,475.0,499.0,429.0,411.0,355.0
529,79.0,77.0,99.0,93.0,107.0,103.0,124.0
530,940.0,29.0,42.0,57.0,937.0,954.0,1013.0
531,224.0,171.0,138.0,124.0,125.0,118.0,110.0
532,87.0,79.0,90.0,124.0,98.0,89.0,103.0
533,50.0,49.0,58.0,64.0,132.0,129.0,141.0
534,109.0,112.0,113.0,65.0,27.0,31.0,22.0
535,228.0,195.0,202.0,203.0,168.0,187.0,157.0
536,50.0,66.0,78.0,86.0,76.0,92.0,87.0
537,140.0,153.0,120.0,130.0,121.0,105.0,99.0
538,81.0,99.0,88.0,71.0,51.0,36.0,21.0
539,104.0,67.0,79.0,99.0,69.0,99.0,78.0
540,66.0,61.0,53.0,75.0,76.0,99.0,65.0
541,223.0,221.0,194.0,178.0,186.0,177.0,159.0
542,60.0,47.0,63.0,63.0,79.0,95.0,86.0
543,82.0,86.0,97.0,67.0,78.0,71.0,54.0
544,170.0,151.0,176.0,125.0,132.0,129.0,112.0
545,135.0,122.0,121.0,109.0,116.0,114.0,110.0
546,91.0,100.0,96.0,83.0,67.0,54.0,22.0
547,47.0,44.0,63.0,75.0,51.0,46.0,41.0
548,67.0,96.0,106.0,121.0,115.0,103.0,112.0
549,115.0,113.0,118.0,76.0,77.0,81.0,89.0
550,59.0,63.0,60.0,73.0,75.0,76.0,94.0
551,141.0,165.0,84.0,193.0,75.0,96.0,80.0
552,131.0,136.0,138.0,153.0,92.0,104.0,87.0
553,174.0,174.0,179.0,239.0,271.0,307.0,271.0
554,106.0,91.0,92.0,121.0,72.0,74.0,58.0
555,73.0,66.0,61.0,77.0,131.0,140.0,129.0
556,52.0,60.0,40.0,55.0,68.0,59.0,45.0
557,253.0,261.0,222.0,238.0,250.0,265.0,313.0
558,87.0,103.0,87.0,127.0,80.0,135.0,124.0
559,25.0,16.0,24.0,41.0,243.0,234.0,230.0
560,183.0,251.0,240.0,338.0,194.0,182.0,162.0
561,68.0,75.0,59.0,37.0,56.0,95.0,100.0
562,12.0,16.0,20.0,11.0,75.0,54.0,71.0
563,66.0,49.0,55.0,49.0,41.0,42.0,33.0
564,360.0,346.0,315.0,294.0,177.0,201.0,184.0
565,168.0,215.0,218.0,221.0,258.0,264.0,271.0
566,72.0,76.0,92.0,93.0,71.0,70.0,63.0
567,29.0,53.0,38.0,36.0,71.0,59.0,78.0
568,222.0,191.0,177.0,170.0,129.0,141.0,113.0
569,68.0,62.0,57.0,170.0,123.0,170.0,147.0
570,225.0,230.0,211.0,201.0,129.0,143.0,157.0
571,58.0,75.0,71.0,99.0,136.0,148.0,172.0
572,366.0,396.0,380.0,344.0,344.0,338.0,350.0
573,29.0,45.0,62.0,59.0,53.0,45.0,51.0
574,65.0,58.0,45.0,44.0,56.0,58.0,45.0
575,115.0,111.0,126.0,105.0,155.0,125.0,160.0
576,123.0,105.0,120.0,89.0,62.0,67.0,65.0
577,612.0,576.0,556.0,609.0,498.0,648.0,475.0
578,118.0,132.0,86.0,92.0,143.0,172.0,150.0
579,103.0,99.0,156.0,155.0,117.0,105.0,107.0
580,694.0,671.0,661.0,694.0,627.0,739.0,513.0
581,51.0,60.0,58.0,61.0,60.0,69.0,70.0
582,113.0,108.0,95.0,127.0,58.0,46.0,48.0
583,85.0,78.0,74.0,58.0,34.0,32.0,36.0
584,147.0,135.0,115.0,106.0,77.0,87.0,75.0
585,53.0,51.0,71.0,64.0,77.0,66.0,86.0
586,83.0,77.0,87.0,35.0,97.0,87.0,87.0
587,106.0,113.0,127.0,117.0,152.0,138.0,114.0
588,77.0,73.0,54.0,47.0,48.0,60.0,33.0
589,57.0,52.0,39.0,51.0,36.0,39.0,50.0
590,84.0,92.0,89.0,123.0,99.0,144.0,117.0
591,58.0,53.0,59.0,54.0,46.0,43.0,55.0
592,347.0,375.0,406.0,353.0,376.0,391.0,372.0
593,294.0,238.0,265.0,143.0,138.0,135.0,130.0
594,158.0,149.0,135.0,96.0,56.0,66.0,46.0
595,275.0,256.0,230.0,128.0,280.0,334.0,366.0
596,35.0,31.0,32.0,37.0,39.0,44.0,58.0
597,65.0,62.0,81.0,60.0,58.0,74.0,61.0
598,55.0,68.0,57.0,88.0,79.0,79.0,85.0
599,46.0,52.0,47.0,48.0,58.0,54.0,54.0
600,177.0,215.0,217.0,174.0,214.0,238.0,178.0
601,75.0,80.0,91.0,91.0,97.0,97.0,110.0
602,93.0,96.0,81.0,69.0,69.0,70.0,61.0
603,61.0,51.0,56.0,57.0,65.0,81.0,82.0
604,40.0,67.0,77.0,27.0,133.0,133.0,164.0
605,89.0,70.0,74.0,71.0,74.0,66.0,55.0
606,95.0,107.0,108.0,111.0,131.0,144.0,138.0
607,89.0,89.0,85.0,72.0,101.0,86.0,96.0
608,242.0,260.0,267.0,265.0,301.0,273.0,282.0
609,81.0,82.0,95.0,89.0,88.0,75.0,84.0
610,95.0,98.0,98.0,113.0,72.0,63.0,62.0
611,104.0,111.0,145.0,155.0,140.0,143.0,134.0
612,71.0,69.0,75.0,92.0,87.0,106.0,90.0
613,191.0,188.0,195.0,228.0,177.0,221.0,166.0
614,177.0,169.0,171.0,145.0,187.0,185.0,183.0
615,169.0,160.0,155.0,140.0,116.0,147.0,135.0
616,81.0,83.0,102.0,95.0,78.0,92.0,78.0
617,94.0,90.0,32.0,68.0,71.0,51.0,54.0
618,106.0,126.0,123.0,119.0,174.0,164.0,198.0
619,112.0,98.0,111.0,70.0,82.0,73.0,61.0
620,94.0,116.0,112.0,133.0,150.0,148.0,160.0
621,117.0,126.0,119.0,131.0,164.0,103.0,114.0
622,75.0,84.0,53.0,54.0,46.0,53.0,39.0
623,74.0,83.0,81.0,93.0,102.0,127.0,102.0
624,107.0,152.0,153.0,128.0,138.0,155.0,185.0
625,81.0,102.0,97.0,96.0,83.0,118.0,83.0
626,91.0,68.0,89.0,78.0,118.0,102.0,101.0
627,123.0,157.0,132.0,115.0,217.0,194.0,267.0
628,227.0,272.0,243.0,232.0,157.0,161.0,175.0
629,124.0,170.0,140.0,197.0,127.0,132.0,115.0
630,226.0,169.0,158.0,167.0,116.0,111.0,102.0
631,148.0,141.0,172.0,130.0,161.0,139.0,173.0
632,126.0,104.0,79.0,216.0,85.0,41.0,40.0
633,57.0,51.0,57.0,48.0,51.0,52.0,41.0
634,60.0,71.0,76.0,82.0,75.0,85.0,81.0
635,77.0,70.0,69.0,77.0,63.0,55.0,47.0
636,51.0,95.0,75.0,63.0,99.0,89.0,68.0
637,120.0,170.0,201.0,178.0,253.0,233.0,216.0
638,182.0,221.0,225.0,261.0,241.0,295.0,291.0
639,133.0,162.0,147.0,92.0,101.0,67.0,97.0
640,131.0,149.0,180.0,140.0,131.0,164.0,118.0
641,60.0,47.0,60.0,74.0,66.0,56.0,62.0
642,146.0,138.0,113.0,146.0,134.0,125.0,128.0
643,101.0,114.0,95.0,92.0,97.0,109.0,87.0
644,80.0,79.0,61.0,56.0,42.0,46.0,29.0
645,78.0,77.0,102.0,85.0,120.0,105.0,108.0
646,43.0,46.0,43.0,40.0,103.0,106.0,124.0
647,167.0,193.0,175.0,156.0,126.0,142.0,101.0
648,58.0,66.0,72.0,69.0,94.0,79.0,50.0
649,60.0,61.0,92.0,71.0,166.0,139.0,156.0
650,489.0,504.0,602.0,724.0,608.0,599.0,548.0
651,297.0,319.0,117.0,166.0,245.0,280.0,301.0
652,131.0,191.0,123.0,175.0,213.0,219.0,170.0
653,105.0,109.0,94.0,104.0,102.0,109.0,102.0
654,61.0,100.0,103.0,82.0,134.0,93.0,105.0
655,68.0,66.0,76.0,71.0,57.0,60.0,50.0
656,200.0,163.0,61.0,120.0,165.0,178.0,200.0
657,50.0,65.0,59.0,63.0,45.0,56.0,63.0
658,201.0,244.0,218.0,207.0,106.0,150.0,149.0
659,36.0,41.0,1.0,11.0,11.0,16.0,17.0
660,51.0,86.0,71.0,80.0,57.0,68.0,56.0
661,102.0,99.0,115.0,124.0,77.0,107.0,87.0
662,50.0,45.0,26.0,32.0,87.0,100.0,117.0
663,92.0,83.0,97.0,79.0,60.0,81.0,92.0
664,63.0,69.0,74.0,63.0,73.0,60.0,49.0
665,187.0,169.0,163.0,102.0,101.0,99.0,84.0
666,71.0,58.0,76.0,70.0,86.0,59.0,87.0
667,226.0,238.0,236.0,224.0,262.0,324.0,257.0
668,480.0,518.0,348.0,175.0,160.0,186.0,137.0
669,99.0,76.0,87.0,84.0,78.0,74.0,77.0
670,132.0,133.0,148.0,151.0,134.0,126.0,134.0
671,251.0,248.0,245.0,235.0,206.0,204.0,176.0
672,144.0,158.0,147.0,104.0,102.0,89.0,106.0
673,58.0,72.0,64.0,88.0,88.0,80.0,72.0
674,46.0,78.0,94.0,107.0,198.0,184.0,231.0
675,70.0,78.0,66.0,82.0,80.0,62.0,82.0
676,122.0,152.0,136.0,143.0,119.0,120.0,117.0
677,89.0,62.0,86.0,123.0,104.0,91.0,108.0
678,55.0,50.0,57.0,64.0,92.0,88.0,84.0
679,808.0,716.0,690.0,557.0,563.0,587.0,476.0
680,24.0,12.0,31.0,27.0,61.0,41.0,52.0
681,99.0,94.0,97.0,67.0,97.0,69.0,65.0
682,92.0,114.0,96.0,68.0,60.0,84.0,80.0
683,70.0,69.0,44.0,55.0,56.0,55.0,48.0
684,61.0,57.0,62.0,61.0,71.0,66.0,60.0
685,201.0,272.0,196.0,207.0,245.0,244.0,259.0
686,94.0,137.0,132.0,151.0,156.0,149.0,115.0
687,79.0,93.0,99.0,106.0,92.0,79.0,68.0
688,86.0,79.0,84.0,86.0,108.0,97.0,89.0
689,45.0,70.0,74.0,74.0,61.0,79.0,70.0
690,96.0,140.0,110.0,110.0,76.0,112.0,91.0
691,185.0,218.0,205.0,307.0,207.0,168.0,176.0
692,170.0,177.0,150.0,108.0,94.0,98.0,79.0
693,33.0,44.0,45.0,58.0,68.0,68.0,71.0
694,60.0,53.0,66.0,69.0,139.0,145.0,127.0
695,172.0,210.0,214.0,208.0,151.0,154.0,104.0
696,57.0,59.0,54.0,69.0,62.0,83.0,75.0
697,35.0,1.0,43.0,25.0,103.0,77.0,109.0
698,36.0,63.0,57.0,62.0,53.0,56.0,48.0
699,38.0,36.0,54.0,60.0,70.0,88.0,66.0
700,0.0,0.0,0.0,0.0,0.0,0.0,0.0
701,74.0,105.0,74.0,2.0,82.0,58.0,69.0
702,128.0,127.0,137.0,108.0,90.0,108.0,91.0
703,23.0,21.0,32.0,36.0,45.0,51.0,65.0
704,31.0,39.0,49.0,47.0,102.0,79.0,91.0
705,137.0,127.0,118.0,136.0,50.0,63.0,32.0
706,52.0,54.0,54.0,55.0,55.0,61.0,80.0
707,71.0,71.0,83.0,68.0,47.0,98.0,91.0
708,56.0,63.0,57.0,89.0,89.0,81.0,92.0
709,68.0,57.0,64.0,76.0,47.0,61.0,63.0
710,69.0,76.0,71.0,79.0,75.0,50.0,72.0
711,62.0,77.0,62.0,102.0,117.0,87.0,108.0
712,110.0,100.0,97.0,106.0,60.0,59.0,51.0
713,239.0,261.0,246.0,272.0,267.0,250.0,204.0
714,207.0,185.0,181.0,176.0,138.0,147.0,103.0
715,232.0,263.0,264.0,230.0,228.0,216.0,221.0
716,37.0,43.0,67.0,103.0,118.0,103.0,126.0
717,131.0,140.0,126.0,131.0,70.0,82.0,78.0
718,73.0,85.0,86.0,68.0,61.0,61.0,78.0
719,130.0,126.0,147.0,150.0,152.0,140.0,129.0
720,89.0,113.0,118.0,122.0,147.0,150.0,157.0
721,82.0,102.0,85.0,49.0,72.0,229.0,133.0
722,0.0,0.0,17.0,56.0,0.0,131.0,142.0
723,210.0,218.0,271.0,254.0,148.0,178.0,167.0
724,33.0,41.0,52.0,33.0,26.0,44.0,28.0
725,99.0,104.0,109.0,98.0,133.0,121.0,116.0
726,40.0,36.0,48.0,53.0,51.0,55.0,61.0
727,131.0,116.0,109.0,67.0,73.0,92.0,80.0
728,381.0,354.0,393.0,416.0,428.0,431.0,436.0
729,255.0,252.0,292.0,248.0,268.0,243.0,272.0
730,331.0,278.0,314.0,311.0,255.0,305.0,221.0
731,703.0,776.0,784.0,1193.0,1067.0,1497.0,1698.0
732,215.0,173.0,187.0,182.0,109.0,143.0,98.0
733,72.0,56.0,51.0,70.0,79.0,123.0,100.0
734,149.0,201.0,195.0,179.0,136.0,120.0,118.0
735,39.0,52.0,58.0,43.0,57.0,58.0,70.0
736,99.0,92.0,86.0,103.0,86.0,91.0,89.0
737,266.0,271.0,316.0,327.0,347.0,391.0,357.0
738,204.0,179.0,164.0,173.0,148.0,158.0,120.0
739,85.0,134.0,100.0,85.0,69.0,97.0,71.0
740,288.0,200.0,147.0,123.0,85.0,99.0,77.0
741,69.0,120.0,101.0,29.0,90.0,93.0,77.0
742,27.0,31.0,37.0,41.0,67.0,53.0,70.0
743,19.0,20.0,26.0,34.0,116.0,108.0,116.0
744,177.0,183.0,150.0,166.0,76.0,75.0,74.0
745,80.0,79.0,48.0,62.0,29.0,33.0,51.0
746,50.0,65.0,94.0,79.0,74.0,54.0,53.0
747,417.0,392.0,385.0,544.0,430.0,436.0,390.0
748,161.0,172.0,142.0,143.0,120.0,127.0,114.0
749,80.0,88.0,80.0,106.0,76.0,63.0,37.0
750,64.0,86.0,94.0,100.0,109.0,118.0,149.0
751,107.0,87.0,33.0,72.0,82.0,67.0,79.0
752,149.0,126.0,168.0,137.0,123.0,79.0,29.0
753,56.0,65.0,52.0,58.0,54.0,67.0,61.0
754,67.0,81.0,81.0,106.0,139.0,153.0,131.0
755,190.0,225.0,168.0,178.0,133.0,95.0,79.0
756,128.0,125.0,150.0,148.0,112.0,122.0,172.0
757,212.0,209.0,182.0,183.0,137.0,146.0,135.0
758,61.0,45.0,1.0,2.0,2.0,39.0,65.0
759,62.0,91.0,66.0,71.0,133.0,106.0,131.0
760,126.0,139.0,139.0,149.0,114.0,112.0,86.0
761,99.0,103.0,86.0,96.0,105.0,106.0,97.0
762,256.0,159.0,142.0,162.0,152.0,139.0,102.0
763,126.0,103.0,122.0,68.0,93.0,105.0,105.0
764,114.0,82.0,86.0,78.0,67.0,67.0,54.0
765,54.0,56.0,57.0,60.0,114.0,139.0,103.0
766,51.0,54.0,65.0,74.0,54.0,58.0,48.0
767,75.0,61.0,54.0,55.0,66.0,72.0,45.0
768,31.0,29.0,36.0,52.0,96.0,70.0,99.0
769,273.0,225.0,229.0,248.0,102.0,141.0,88.0
770,51.0,48.0,69.0,60.0,55.0,64.0,52.0
771,78.0,68.0,96.0,82.0,75.0,107.0,109.0
772,183.0,162.0,177.0,155.0,131.0,136.0,114.0
773,261.0,221.0,210.0,163.0,119.0,134.0,145.0
774,292.0,285.0,239.0,200.0,184.0,194.0,154.0
775,208.0,270.0,255.0,266.0,277.0,286.0,344.0
776,202.0,214.0,245.0,267.0,213.0,298.0,212.0
777,59.0,59.0,70.0,105.0,199.0,214.0,209.0
778,50.0,9.0,52.0,34.0,114.0,98.0,122.0
779,90.0,123.0,135.0,194.0,149.0,196.0,217.0
780,108.0,96.0,120.0,89.0,117.0,124.0,104.0
781,248.0,264.0,239.0,208.0,161.0,153.0,188.0
782,71.0,69.0,49.0,41.0,47.0,62.0,30.0
783,63.0,91.0,79.0,74.0,105.0,107.0,95.0
784,57.0,58.0,54.0,58.0,55.0,59.0,69.0
785,58.0,54.0,67.0,78.0,70.0,69.0,66.0
786,126.0,92.0,63.0,56.0,49.0,44.0,51.0
787,142.0,124.0,101.0,111.0,73.0,95.0,69.0
788,127.0,109.0,143.0,202.0,334.0,341.0,356.0
789,52.0,66.0,59.0,54.0,168.0,165.0,181.0
790,49.0,39.0,52.0,60.0,57.0,46.0,64.0
791,73.0,90.0,86.0,55.0,76.0,99.0,77.0
792,104.0,110.0,126.0,111.0,178.0,183.0,203.0
793,62.0,80.0,60.0,82.0,44.0,48.0,41.0
794,138.0,137.0,111.0,139.0,161.0,155.0,167.0
795,76.0,75.0,72.0,62.0,90.0,118.0,117.0
796,30.0,101.0,118.0,84.0,53.0,76.0,55.0
797,136.0,115.0,128.0,80.0,74.0,66.0,98.0
798,26.0,22.0,26.0,40.0,114.0,85.0,107.0
799,128.0,173.0,137.0,124.0,92.0,95.0,91.0
800,235.0,266.0,226.0,252.0,164.0,163.0,189.0
801,45.0,75.0,69.0,121.0,88.0,89.0,81.0
802,90.0,88.0,89.0,93.0,47.0,48.0,37.0
803,38.0,31.0,34.0,73.0,189.0,217.0,245.0
804,103.0,141.0,133.0,126.0,94.0,106.0,102.0
805,83.0,82.0,86.0,94.0,187.0,166.0,196.0
806,477.0,487.0,559.0,714.0,486.0,460.0,477.0
807,51.0,57.0,53.0,56.0,58.0,88.0,69.0
808,464.0,522.0,577.0,660.0,356.0,334.0,180.0
809,49.0,40.0,40.0,59.0,57.0,63.0,54.0
810,0.0,0.0,0.0,0.0,0.0,0.0,0.0
811,73.0,81.0,72.0,51.0,38.0,51.0,43.0
812,31.0,48.0,64.0,54.0,162.0,165.0,198.0
813,55.0,62.0,51.0,66.0,98.0,83.0,71.0
814,166.0,219.0,199.0,192.0,211.0,200.0,204.0
815,61.0,49.0,58.0,49.0,44.0,44.0,51.0
816,297.0,323.0,290.0,314.0,303.0,292.0,295.0
817,92.0,109.0,105.0,113.0,129.0,147.0,120.0
818,68.0,73.0,89.0,84.0,41.0,47.0,44.0
819,17.0,21.0,13.0,16.0,62.0,62.0,73.0
820,175.0,188.0,178.0,223.0,216.0,262.0,210.0
821,199.0,225.0,190.0,245.0,217.0,180.0,184.0
822,72.0,61.0,65.0,66.0,47.0,82.0,69.0
823,95.0,107.0,111.0,111.0,128.0,115.0,125.0
824,50.0,86.0,86.0,80.0,93.0,112.0,87.0
825,382.0,446.0,480.0,567.0,525.0,520.0,527.0
826,44.0,55.0,72.0,62.0,65.0,78.0,96.0
827,31.0,27.0,23.0,28.0,66.0,61.0,75.0
828,49.0,38.0,34.0,45.0,64.0,55.0,48.0
829,314.0,353.0,342.0,303.0,394.0,405.0,445.0
830,90.0,114.0,104.0,94.0,86.0,97.0,78.0
831,228.0,238.0,248.0,154.0,211.0,221.0,200.0
832,62.0,52.0,69.0,64.0,54.0,65.0,67.0
833,47.0,44.0,45.0,48.0,87.0,55.0,51.0
834,89.0,100.0,115.0,146.0,66.0,79.0,74.0
835,117.0,114.0,132.0,112.0,101.0,108.0,91.0
836,135.0,136.0,118.0,124.0,76.0,90.0,104.0
837,41.0,65.0,56.0,66.0,84.0,67.0,96.0
838,103.0,118.0,119.0,107.0,134.0,149.0,128.0
839,122.0,126.0,114.0,85.0,75.0,94.0,82.0
840,287.0,275.0,256.0,287.0,204.0,170.0,133.0
841,27.0,43.0,39.0,47.0,57.0,44.0,44.0
842,58.0,42.0,50.0,45.0,29.0,49.0,35.0
843,74.0,68.0,62.0,79.0,80.0,65.0,58.0
844,67.0,73.0,82.0,78.0,75.0,65.0,58.0
845,56.0,69.0,73.0,63.0,101.0,93.0,72.0
846,68.0,66.0,64.0,68.0,69.0,59.0,45.0
847,197.0,168.0,163.0,106.0,84.0,67.0,65.0
848,56.0,45.0,55.0,57.0,134.0,131.0,125.0
849,83.0,71.0,97.0,75.0,90.0,80.0,64.0
850,326.0,400.0,456.0,404.0,187.0,174.0,140.0
851,79.0,66.0,75.0,74.0,83.0,100.0,52.0
852,138.0,134.0,111.0,150.0,77.0,106.0,64.0
853,170.0,149.0,134.0,122.0,85.0,71.0,72.0
854,475.0,481.0,480.0,562.0,506.0,560.0,464.0
855,28.0,25.0,43.0,39.0,47.0,31.0,50.0
856,53.0,45.0,49.0,73.0,38.0,35.0,45.0
857,106.0,91.0,90.0,67.0,55.0,43.0,40.0
858,50.0,46.0,62.0,53.0,58.0,91.0,126.0
859,53.0,88.0,81.0,84.0,106.0,89.0,107.0
860,499.0,556.0,516.0,676.0,560.0,642.0,553.0
861,87.0,90.0,105.0,73.0,117.0,124.0,114.0
862,142.0,160.0,176.0,231.0,147.0,150.0,164.0
863,44.0,41.0,41.0,22.0,54.0,60.0,51.0
864,333.0,389.0,389.0,339.0,542.0,629.0,710.0
865,320.0,323.0,300.0,269.0,239.0,241.0,193.0
866,23.0,32.0,38.0,53.0,348.0,322.0,337.0
867,52.0,79.0,81.0,75.0,132.0,120.0,131.0
868,104.0,110.0,145.0,177.0,199.0,273.0,257.0
869,451.0,403.0,390.0,473.0,264.0,311.0,260.0
870,197.0,229.0,207.0,247.0,231.0,193.0,261.0
871,109.0,147.0,109.0,103.0,55.0,69.0,44.0
872,21.0,28.0,58.0,65.0,179.0,170.0,201.0
873,98.0,83.0,72.0,88.0,142.0,153.0,171.0
874,75.0,103.0,95.0,97.0,160.0,189.0,233.0
875,42.0,43.0,47.0,58.0,110.0,93.0,88.0
876,71.0,75.0,74.0,197.0,196.0,222.0,225.0
877,158.0,157.0,200.0,164.0,190.0,183.0,226.0
878,62.0,82.0,64.0,60.0,45.0,25.0,52.0
879,115.0,95.0,95.0,111.0,64.0,70.0,67.0
880,32.0,58.0,40.0,57.0,76.0,75.0,78.0
881,100.0,87.0,93.0,115.0,88.0,130.0,110.0
882,115.0,120.0,103.0,85.0,105.0,95.0,91.0
883,53.0,72.0,61.0,91.0,100.0,100.0,88.0
884,136.0,121.0,136.0,127.0,166.0,178.0,174.0
885,158.0,161.0,136.0,155.0,85.0,112.0,79.0
886,87.0,91.0,65.0,70.0,51.0,71.0,54.0
887,118.0,111.0,96.0,114.0,59.0,59.0,29.0
888,42.0,37.0,36.0,47.0,88.0,70.0,93.0
889,129.0,152.0,124.0,146.0,120.0,142.0,134.0
890,69.0,51.0,65.0,39.0,31.0,36.0,47.0
891,630.0,600.0,708.0,753.0,504.0,569.0,428.0
892,123.0,154.0,181.0,170.0,189.0,197.0,196.0
893,97.0,81.0,93.0,68.0,50.0,54.0,56.0
894,137.0,126.0,101.0,119.0,83.0,126.0,95.0
895,85.0,86.0,83.0,93.0,127.0,169.0,162.0
896,87.0,78.0,96.0,75.0,78.0,98.0,98.0
897,345.0,336.0,375.0,407.0,297.0,334.0,250.0
898,60.0,72.0,96.0,85.0,133.0,127.0,104.0
899,116.0,119.0,156.0,178.0,113.0,107.0,103.0
900,974.0,990.0,907.0,923.0,582.0,638.0,536.0
901,87.0,88.0,97.0,112.0,99.0,108.0,117.0
902,29.0,41.0,48.0,44.0,68.0,80.0,82.0
903,31.0,21.0,29.0,32.0,62.0,63.0,66.0
904,127.0,116.0,101.0,112.0,43.0,60.0,37.0
905,80.0,93.0,75.0,82.0,61.0,90.0,82.0
906,69.0,69.0,76.0,93.0,109.0,137.0,103.0
907,95.0,108.0,100.0,115.0,63.0,77.0,86.0
908,58.0,61.0,83.0,78.0,87.0,78.0,83.0
909,131.0,135.0,132.0,141.0,115.0,122.0,109.0
910,230.0,291.0,253.0,223.0,225.0,234.0,224.0
911,50.0,86.0,78.0,76.0,54.0,59.0,74.0
912,85.0,69.0,84.0,101.0,90.0,100.0,102.0
913,169.0,149.0,137.0,121.0,72.0,83.0,57.0
914,67.0,55.0,50.0,55.0,63.0,54.0,57.0
915,86.0,125.0,107.0,113.0,102.0,124.0,102.0
916,228.0,236.0,284.0,245.0,253.0,271.0,295.0
917,38.0,52.0,65.0,52.0,58.0,64.0,73.0
918,76.0,87.0,89.0,82.0,62.0,81.0,76.0
919,74.0,69.0,58.0,63.0,35.0,38.0,44.0
920,40.0,49.0,46.0,32.0,56.0,63.0,66.0
921,81.0,80.0,52.0,83.0,115.0,121.0,99.0
922,65.0,96.0,62.0,79.0,74.0,109.0,90.0
923,134.0,131.0,130.0,146.0,89.0,102.0,91.0
924,47.0,57.0,96.0,74.0,129.0,139.0,158.0
925,15.0,16.0,54.0,9.0,9.0,84.0,117.0
926,89.0,83.0,74.0,88.0,67.0,81.0,80.0
927,98.0,82.0,115.0,98.0,67.0,65.0,45.0
928,98.0,112.0,90.0,118.0,106.0,96.0,107.0
929,72.0,76.0,76.0,61.0,50.0,57.0,41.0
930,69.0,67.0,3.0,73.0,66.0,62.0,56.0
931,54.0,92.0,81.0,107.0,171.0,141.0,183.0
932,61.0,46.0,50.0,54.0,54.0,58.0,51.0
933,53.0,48.0,83.0,61.0,85.0,86.0,100.0
934,740.0,820.0,670.0,687.0,749.0,786.0,688.0
935,72.0,79.0,74.0,86.0,117.0,104.0,135.0
936,95.0,100.0,83.0,77.0,32.0,41.0,39.0
937,208.0,193.0,206.0,146.0,91.0,86.0,71.0
938,84.0,71.0,62.0,99.0,87.0,98.0,88.0
939,42.0,55.0,42.0,49.0,106.0,96.0,117.0
940,70.0,97.0,99.0,118.0,113.0,105.0,108.0
941,66.0,84.0,62.0,55.0,53.0,53.0,39.0
942,93.0,84.0,62.0,43.0,54.0,63.0,47.0
943,97.0,83.0,123.0,113.0,73.0,61.0,65.0
944,41.0,63.0,64.0,74.0,40.0,50.0,40.0
945,58.0,64.0,83.0,34.0,67.0,59.0,56.0
946,115.0,114.0,121.0,95.0,140.0,123.0,117.0
947,44.0,54.0,82.0,55.0,74.0,71.0,78.0
948,51.0,69.0,62.0,81.0,99.0,105.0,93.0
949,52.0,69.0,66.0,61.0,59.0,95.0,67.0
950,138.0,165.0,136.0,132.0,151.0,127.0,148.0
951,315.0,314.0,280.0,257.0,177.0,194.0,180.0
952,52.0,76.0,75.0,82.0,70.0,68.0,80.0
953,150.0,161.0,163.0,172.0,142.0,170.0,151.0
954,137.0,127.0,81.0,70.0,95.0,114.0,101.0
955,91.0,125.0,85.0,102.0,93.0,163.0,101.0
956,69.0,57.0,68.0,52.0,48.0,47.0,50.0
957,229.0,240.0,259.0,273.0,172.0,165.0,160.0
958,128.0,1.0,50.0,70.0,158.0,159.0,180.0
959,213.0,251.0,228.0,186.0,225.0,222.0,201.0
960,41.0,44.0,55.0,76.0,91.0,86.0,101.0
961,199.0,199.0,176.0,192.0,257.0,251.0,252.0
962,134.0,140.0,109.0,109.0,117.0,105.0,119.0
963,34.0,31.0,41.0,34.0,68.0,76.0,79.0
964,211.0,248.0,284.0,305.0,144.0,134.0,110.0
965,58.0,76.0,81.0,82.0,92.0,79.0,65.0
966,74.0,74.0,101.0,114.0,117.0,90.0,100.0
967,75.0,66.0,60.0,85.0,62.0,73.0,84.0
968,82.0,90.0,103.0,90.0,124.0,114.0,134.0
969,163.0,140.0,145.0,151.0,125.0,145.0,133.0
970,45.0,50.0,55.0,60.0,121.0,108.0,148.0
971,103.0,126.0,105.0,141.0,113.0,112.0,126.0
972,178.0,195.0,175.0,156.0,145.0,155.0,158.0
973,157.0,159.0,183.0,200.0,203.0,198.0,186.0
974,52.0,46.0,64.0,65.0,99.0,97.0,120.0
975,90.0,72.0,66.0,78.0,110.0,89.0,110.0
976,91.0,75.0,79.0,72.0,89.0,68.0,88.0
977,66.0,78.0,91.0,86.0,89.0,106.0,106.0
978,103.0,111.0,122.0,113.0,148.0,153.0,164.0
979,112.0,114.0,101.0,151.0,120.0,104.0,116.0
980,94.0,101.0,108.0,106.0,81.0,80.0,68.0
981,117.0,131.0,129.0,143.0,69.0,64.0,30.0
982,116.0,120.0,115.0,127.0,118.0,101.0,108.0
983,41.0,49.0,50.0,63.0,59.0,74.0,90.0
984,60.0,94.0,110.0,138.0,98.0,68.0,90.0
985,108.0,141.0,117.0,135.0,248.0,261.0,293.0
986,45.0,78.0,50.0,77.0,111.0,101.0,131.0
987,21.0,27.0,35.0,30.0,61.0,77.0,84.0
988,275.0,366.0,341.0,385.0,304.0,338.0,304.0
989,84.0,89.0,105.0,98.0,179.0,158.0,160.0
990,171.0,141.0,202.0,257.0,148.0,114.0,74.0
991,124.0,136.0,129.0,110.0,105.0,75.0,97.0
992,33.0,49.0,52.0,62.0,86.0,91.0,115.0
993,35.0,64.0,48.0,55.0,54.0,75.0,64.0
994,149.0,156.0,142.0,121.0,83.0,91.0,88.0
995,112.0,117.0,117.0,112.0,118.0,137.0,101.0
996,21.0,50.0,31.0,49.0,78.0,66.0,72.0
997,137.0,79.0,57.0,80.0,106.0,121.0,113.0
998,203.0,162.0,175.0,199.0,180.0,180.0,132.0
999,53.0,52.0,246.0,80.0,266.0,222.0,319.0
1000,114.0,100.0,118.0,101.0,64.0,89.0,47.0
1001,36.0,47.0,53.0,30.0,31.0,24.0,22.0
1002,67.0,87.0,84.0,62.0,43.0,39.0,50.0
1003,39.0,54.0,43.0,64.0,56.0,72.0,56.0
1004,88.0,83.0,86.0,119.0,148.0,127.0,114.0
1005,108.0,108.0,5.0,92.0,68.0,79.0,111.0
1006,90.0,79.0,78.0,83.0,67.0,70.0,68.0
1007,85.0,114.0,118.0,114.0,136.0,104.0,122.0
1008,95.0,99.0,87.0,79.0,59.0,67.0,46.0
1009,106.0,106.0,92.0,106.0,78.0,67.0,75.0
1010,46.0,53.0,44.0,65.0,51.0,48.0,36.0
1011,107.0,94.0,111.0,84.0,119.0,90.0,97.0
1012,62.0,71.0,84.0,98.0,116.0,193.0,167.0
1013,61.0,71.0,66.0,49.0,143.0,166.0,174.0
1014,51.0,66.0,67.0,60.0,55.0,69.0,70.0
1015,105.0,90.0,84.0,75.0,84.0,92.0,95.0
1016,56.0,48.0,74.0,56.0,56.0,51.0,60.0
1017,161.0,149.0,156.0,191.0,156.0,118.0,124.0
1018,456.0,464.0,484.0,592.0,402.0,385.0,338.0
1019,109.0,124.0,130.0,116.0,95.0,129.0,121.0
1020,46.0,38.0,50.0,35.0,31.0,70.0,54.0
1021,117.0,140.0,136.0,124.0,148.0,114.0,117.0
1022,94.0,113.0,96.0,116.0,113.0,96.0,84.0
1023,73.0,60.0,54.0,52.0,35.0,36.0,40.0
1024,79.0,74.0,74.0,82.0,60.0,85.0,76.0
1025,162.0,163.0,165.0,152.0,128.0,156.0,115.0
1026,127.0,92.0,89.0,109.0,103.0,169.0,90.0
1027,126.0,122.0,142.0,124.0,117.0,127.0,123.0
1028,25.0,17.0,40.0,34.0,53.0,74.0,80.0
1029,24.0,23.0,32.0,34.0,71.0,78.0,76.0
1030,39.0,28.0,29.0,43.0,90.0,128.0,117.0
1031,65.0,59.0,61.0,68.0,34.0,43.0,42.0
1032,44.0,38.0,56.0,68.0,89.0,53.0,65.0
1033,60.0,70.0,60.0,74.0,45.0,66.0,51.0
1034,80.0,97.0,97.0,96.0,78.0,105.0,88.0
1035,159.0,169.0,206.0,165.0,126.0,138.0,136.0
1036,92.0,82.0,102.0,107.0,93.0,97.0,101.0
1037,106.0,68.0,108.0,100.0,66.0,84.0,73.0
1038,134.0,151.0,156.0,152.0,146.0,148.0,152.0
1039,282.0,275.0,306.0,339.0,301.0,334.0,289.0
1040,58.0,83.0,87.0,81.0,50.0,60.0,34.0
1041,255.0,202.0,218.0,195.0,150.0,157.0,145.0
1042,124.0,132.0,147.0,156.0,109.0,120.0,106.0
1043,155.0,165.0,173.0,163.0,148.0,175.0,136.0
1044,90.0,109.0,106.0,91.0,60.0,61.0,67.0
1045,122.0,112.0,124.0,194.0,127.0,130.0,118.0
1046,64.0,58.0,57.0,72.0,45.0,61.0,45.0
1047,40.0,47.0,74.0,53.0,76.0,65.0,92.0
1048,52.0,67.0,56.0,45.0,52.0,46.0,43.0
1049,71.0,85.0,89.0,112.0,113.0,103.0,97.0
1050,33.0,40.0,49.0,48.0,120.0,71.0,52.0
1051,56.0,84.0,54.0,80.0,57.0,73.0,55.0
1052,293.0,319.0,293.0,321.0,286.0,265.0,254.0
1053,69.0,78.0,64.0,73.0,83.0,92.0,70.0
1054,74.0,78.0,35.0,50.0,67.0,92.0,70.0
1055,159.0,148.0,160.0,131.0,102.0,105.0,87.0
1056,110.0,83.0,86.0,103.0,63.0,69.0,66.0
1057,83.0,79.0,106.0,83.0,76.0,80.0,78.0
1058,47.0,58.0,59.0,56.0,50.0,50.0,82.0
1059,56.0,102.0,73.0,93.0,101.0,107.0,92.0
1060,73.0,60.0,74.0,91.0,143.0,147.0,164.0
1061,108.0,123.0,145.0,160.0,113.0,126.0,123.0
1062,83.0,88.0,74.0,71.0,83.0,125.0,79.0
1063,89.0,88.0,78.0,77.0,48.0,48.0,25.0
1064,48.0,48.0,44.0,37.0,57.0,53.0,56.0
1065,45.0,74.0,63.0,91.0,86.0,88.0,96.0
1066,104.0,97.0,131.0,138.0,143.0,187.0,144.0
1067,29.0,15.0,39.0,181.0,118.0,166.0,108.0
1068,64.0,67.0,47.0,53.0,55.0,77.0,75.0
1069,178.0,156.0,168.0,180.0,138.0,147.0,127.0
1070,74.0,57.0,67.0,46.0,70.0,70.0,52.0
1071,30.0,47.0,42.0,45.0,72.0,90.0,130.0
1072,109.0,121.0,93.0,119.0,158.0,281.0,477.0
1073,61.0,61.0,67.0,46.0,65.0,57.0,65.0
1074,149.0,144.0,159.0,125.0,51.0,96.0,91.0
1075,80.0,76.0,61.0,88.0,81.0,66.0,59.0
1076,90.0,115.0,95.0,122.0,112.0,93.0,78.0
1077,68.0,63.0,55.0,67.0,42.0,51.0,43.0
1078,38.0,37.0,32.0,79.0,78.0,75.0,69.0
1079,55.0,56.0,54.0,57.0,71.0,72.0,67.0
1080,76.0,67.0,47.0,40.0,48.0,48.0,46.0
1081,73.0,68.0,73.0,70.0,70.0,77.0,66.0
1082,63.0,68.0,71.0,78.0,88.0,83.0,87.0
1083,63.0,53.0,65.0,90.0,115.0,104.0,91.0
1084,155.0,169.0,145.0,148.0,98.0,107.0,108.0
1085,174.0,180.0,183.0,157.0,96.0,93.0,121.0
1086,59.0,65.0,60.0,76.0,69.0,80.0,79.0
1087,131.0,119.0,162.0,116.0,78.0,66.0,57.0
1088,94.0,102.0,99.0,104.0,99.0,94.0,76.0
1089,65.0,55.0,67.0,53.0,34.0,46.0,37.0
1090,432.0,407.0,343.0,119.0,361.0,348.0,368.0
1091,64.0,60.0,79.0,78.0,84.0,81.0,72.0
1092,151.0,137.0,167.0,155.0,119.0,122.0,144.0
1093,183.0,190.0,131.0,116.0,132.0,139.0,180.0
1094,163.0,169.0,155.0,154.0,117.0,129.0,96.0
1095,165.0,184.0,154.0,149.0,105.0,111.0,109.0
1096,47.0,67.0,61.0,85.0,75.0,98.0,98.0
1097,41.0,59.0,71.0,78.0,43.0,40.0,37.0
1098,149.0,185.0,222.0,192.0,224.0,203.0,206.0
1099,114.0,131.0,106.0,117.0,108.0,100.0,83.0
1100,136.0,151.0,117.0,82.0,23.0,27.0,29.0
1101,177.0,175.0,144.0,142.0,109.0,102.0,103.0
1102,116.0,121.0,145.0,169.0,142.0,151.0,126.0
1103,47.0,19.0,24.0,22.0,44.0,44.0,59.0
1104,295.0,304.0,317.0,396.0,234.0,289.0,243.0
1105,64.0,106.0,101.0,85.0,84.0,77.0,84.0
1106,27.0,20.0,24.0,16.0,67.0,52.0,62.0
1107,92.0,79.0,41.0,43.0,28.0,45.0,39.0
1108,140.0,138.0,125.0,146.0,80.0,132.0,81.0
1109,85.0,104.0,103.0,113.0,137.0,130.0,111.0
1110,103.0,93.0,110.0,131.0,185.0,234.0,196.0
1111,64.0,74.0,55.0,49.0,79.0,71.0,43.0
1112,28.0,54.0,54.0,75.0,84.0,80.0,83.0
1113,235.0,188.0,191.0,173.0,155.0,169.0,164.0
1114,88.0,81.0,82.0,106.0,193.0,196.0,164.0
1115,11.0,23.0,23.0,31.0,52.0,44.0,38.0
1116,14.0,24.0,11.0,47.0,78.0,152.0,287.0
1117,224.0,209.0,242.0,221.0,253.0,250.0,259.0
1118,156.0,201.0,180.0,142.0,91.0,102.0,70.0
1119,63.0,61.0,58.0,49.0,88.0,71.0,55.0
1120,41.0,47.0,40.0,48.0,42.0,42.0,39.0
1121,108.0,108.0,112.0,148.0,135.0,121.0,128.0
1122,100.0,89.0,90.0,151.0,111.0,115.0,81.0
1123,593.0,600.0,603.0,617.0,462.0,577.0,462.0
1124,100.0,125.0,80.0,70.0,25.0,33.0,15.0
1125,361.0,345.0,349.0,414.0,229.0,168.0,205.0
1126,105.0,129.0,97.0,97.0,84.0,100.0,106.0
1127,89.0,121.0,128.0,118.0,69.0,89.0,90.0
1128,115.0,118.0,80.0,99.0,79.0,49.0,74.0
1129,119.0,111.0,105.0,88.0,90.0,84.0,96.0
1130,65.0,94.0,55.0,72.0,124.0,100.0,88.0
1131,78.0,73.0,92.0,96.0,225.0,205.0,218.0
1132,61.0,58.0,55.0,70.0,71.0,82.0,55.0
1133,50.0,45.0,40.0,45.0,52.0,42.0,54.0
1134,82.0,88.0,105.0,68.0,57.0,62.0,58.0
1135,151.0,140.0,139.0,177.0,135.0,78.0,142.0
1136,174.0,170.0,177.0,228.0,183.0,233.0,216.0
1137,64.0,109.0,81.0,87.0,80.0,66.0,63.0
1138,31.0,42.0,43.0,46.0,49.0,49.0,59.0
1139,90.0,62.0,70.0,65.0,71.0,59.0,62.0
1140,49.0,45.0,33.0,40.0,130.0,130.0,163.0
1141,53.0,61.0,70.0,103.0,82.0,88.0,88.0
1142,93.0,109.0,97.0,91.0,66.0,69.0,59.0
1143,176.0,147.0,131.0,109.0,80.0,84.0,83.0
1144,96.0,61.0,95.0,105.0,78.0,88.0,73.0
1145,88.0,95.0,81.0,41.0,39.0,54.0,52.0
1146,161.0,179.0,186.0,197.0,186.0,198.0,215.0
1147,276.0,336.0,292.0,158.0,471.0,432.0,476.0
1148,29.0,42.0,47.0,65.0,71.0,68.0,60.0
1149,36.0,47.0,38.0,56.0,49.0,62.0,59.0
1150,277.0,329.0,333.0,343.0,309.0,386.0,359.0
1151,78.0,100.0,97.0,92.0,124.0,105.0,155.0
1152,226.0,195.0,223.0,267.0,169.0,184.0,192.0
1153,149.0,146.0,170.0,163.0,169.0,171.0,221.0
1154,35.0,37.0,53.0,64.0,53.0,69.0,57.0
1155,55.0,60.0,55.0,38.0,51.0,60.0,55.0
1156,90.0,118.0,97.0,68.0,94.0,65.0,57.0
1157,41.0,38.0,48.0,47.0,81.0,74.0,94.0
1158,70.0,90.0,60.0,57.0,75.0,67.0,52.0
1159,82.0,80.0,79.0,86.0,80.0,82.0,58.0
1160,32.0,35.0,30.0,25.0,42.0,57.0,47.0
1161,136.0,152.0,147.0,159.0,61.0,87.0,51.0
1162,110.0,115.0,100.0,139.0,59.0,80.0,69.0
1163,57.0,43.0,54.0,30.0,78.0,95.0,130.0
1164,40.0,46.0,37.0,35.0,89.0,88.0,42.0
1165,49.0,51.0,70.0,52.0,71.0,54.0,76.0
1166,107.0,79.0,84.0,76.0,89.0,84.0,85.0
1167,189.0,151.0,138.0,106.0,114.0,78.0,66.0
1168,288.0,269.0,238.0,213.0,202.0,201.0,153.0
1169,157.0,135.0,123.0,119.0,159.0,152.0,122.0
1170,49.0,44.0,43.0,43.0,62.0,60.0,47.0
1171,196.0,138.0,123.0,62.0,52.0,64.0,57.0
1172,111.0,91.0,83.0,64.0,41.0,75.0,57.0
1173,105.0,84.0,90.0,120.0,74.0,94.0,84.0
1174,61.0,67.0,73.0,90.0,130.0,140.0,173.0
1175,170.0,174.0,167.0,203.0,179.0,177.0,144.0
1176,144.0,124.0,110.0,97.0,111.0,108.0,76.0
1177,83.0,96.0,104.0,103.0,107.0,119.0,119.0
1178,64.0,73.0,78.0,92.0,180.0,185.0,270.0
1179,62.0,72.0,90.0,89.0,111.0,102.0,76.0
1180,169.0,192.0,164.0,160.0,130.0,134.0,122.0
1181,205.0,193.0,182.0,148.0,161.0,180.0,165.0
1182,99.0,71.0,104.0,82.0,63.0,51.0,45.0
1183,67.0,77.0,67.0,86.0,45.0,70.0,65.0
1184,128.0,165.0,141.0,108.0,97.0,115.0,90.0
1185,190.0,174.0,162.0,5.0,274.0,248.0,259.0
1186,72.0,60.0,78.0,55.0,66.0,71.0,57.0
1187,101.0,113.0,99.0,92.0,51.0,67.0,74.0
1188,62.0,54.0,97.0,111.0,122.0,134.0,147.0
1189,73.0,79.0,83.0,119.0,117.0,93.0,80.0
1190,307.0,271.0,295.0,361.0,341.0,392.0,369.0
1191,58.0,45.0,61.0,61.0,71.0,68.0,63.0
1192,91.0,65.0,87.0,90.0,69.0,69.0,54.0
1193,70.0,74.0,62.0,77.0,84.0,113.0,108.0
1194,112.0,150.0,128.0,154.0,134.0,152.0,123.0
1195,166.0,108.0,116.0,95.0,54.0,68.0,58.0
1196,149.0,135.0,144.0,104.0,117.0,98.0,94.0
1197,102.0,119.0,120.0,100.0,125.0,129.0,116.0
1198,54.0,56.0,65.0,72.0,65.0,65.0,84.0
1199,22.0,37.0,26.0,31.0,138.0,116.0,140.0
1200,74.0,64.0,61.0,55.0,60.0,67.0,67.0
1201,205.0,193.0,95.0,207.0,88.0,155.0,76.0
1202,68.0,72.0,62.0,45.0,39.0,38.0,28.0
1203,279.0,279.0,277.0,257.0,131.0,152.0,117.0
1204,178.0,153.0,133.0,147.0,78.0,113.0,73.0
1205,38.0,56.0,51.0,52.0,124.0,134.0,136.0
1206,39.0,19.0,35.0,68.0,20.0,59.0,52.0
1207,58.0,75.0,74.0,82.0,57.0,55.0,63.0
1208,131.0,125.0,154.0,169.0,91.0,97.0,86.0
1209,83.0,76.0,62.0,58.0,62.0,45.0,54.0
1210,91.0,91.0,83.0,84.0,65.0,80.0,79.0
1211,281.0,343.0,269.0,255.0,199.0,223.0,181.0
1212,97.0,103.0,79.0,75.0,100.0,89.0,96.0
1213,64.0,69.0,82.0,86.0,207.0,205.0,214.0
1214,5.0,7.0,6.0,10.0,119.0,91.0,94.0
1215,103.0,95.0,77.0,57.0,61.0,56.0,36.0
1216,55.0,36.0,44.0,52.0,93.0,71.0,105.0
1217,309.0,386.0,417.0,509.0,289.0,176.0,130.0
1218,33.0,52.0,44.0,59.0,152.0,152.0,156.0
1219,62.0,54.0,65.0,68.0,53.0,39.0,41.0
1220,227.0,2.0,70.0,77.0,187.0,180.0,221.0
1221,154.0,182.0,162.0,149.0,146.0,132.0,123.0
1222,72.0,68.0,80.0,71.0,77.0,102.0,74.0
1223,98.0,66.0,106.0,73.0,104.0,115.0,154.0
1224,168.0,179.0,175.0,160.0,118.0,122.0,101.0
1225,46.0,49.0,53.0,61.0,64.0,71.0,69.0
1226,444.0,462.0,427.0,490.0,543.0,515.0,510.0
1227,104.0,112.0,89.0,119.0,121.0,118.0,102.0
1228,102.0,113.0,133.0,112.0,154.0,118.0,115.0
1229,525.0,97.0,257.0,548.0,585.0,637.0,635.0
1230,54.0,72.0,60.0,54.0,56.0,59.0,50.0
1231,188.0,187.0,198.0,184.0,103.0,164.0,149.0
1232,27.0,52.0,51.0,43.0,65.0,67.0,71.0
1233,109.0,113.0,115.0,67.0,84.0,77.0,44.0
1234,63.0,68.0,46.0,66.0,22.0,36.0,31.0
1235,61.0,74.0,72.0,71.0,74.0,76.0,85.0
1236,98.0,106.0,117.0,127.0,132.0,133.0,134.0
1237,50.0,64.0,49.0,43.0,54.0,73.0,66.0
1238,52.0,65.0,73.0,73.0,97.0,109.0,115.0
1239,70.0,73.0,65.0,71.0,62.0,73.0,61.0
1240,121.0,145.0,197.0,181.0,162.0,187.0,168.0
1241,55.0,123.0,105.0,129.0,53.0,41.0,29.0
1242,77.0,67.0,75.0,71.0,60.0,66.0,57.0
1243,47.0,32.0,12.0,28.0,43.0,51.0,58.0
1244,158.0,124.0,134.0,143.0,145.0,136.0,145.0
1245,78.0,88.0,78.0,72.0,59.0,70.0,85.0
1246,135.0,136.0,101.0,84.0,60.0,84.0,73.0
1247,44.0,48.0,72.0,67.0,77.0,83.0,92.0
1248,77.0,74.0,97.0,82.0,110.0,110.0,118.0
1249,114.0,142.0,167.0,145.0,240.0,229.0,236.0
1250,86.0,113.0,123.0,128.0,216.0,187.0,235.0
1251,63.0,78.0,72.0,67.0,83.0,71.0,80.0
1252,257.0,268.0,263.0,215.0,138.0,125.0,126.0
1253,78.0,81.0,83.0,65.0,69.0,76.0,64.0
1254,60.0,83.0,73.0,58.0,76.0,64.0,49.0
1255,132.0,175.0,137.0,105.0,73.0,46.0,32.0
1256,184.0,232.0,193.0,253.0,250.0,246.0,269.0
1257,0.0,0.0,0.0,0.0,190.0,257.0,207.0
1258,103.0,101.0,155.0,166.0,211.0,243.0,242.0
1259,52.0,80.0,73.0,75.0,102.0,60.0,80.0
1260,58.0,57.0,79.0,80.0,96.0,99.0,110.0
1261,32.0,42.0,56.0,49.0,116.0,130.0,146.0
1262,87.0,76.0,93.0,90.0,85.0,90.0,95.0
1263,237.0,219.0,253.0,313.0,392.0,440.0,282.0
1264,153.0,143.0,141.0,146.0,127.0,122.0,101.0
1265,24.0,23.0,20.0,25.0,25.0,19.0,28.0
1266,95.0,94.0,60.0,55.0,91.0,63.0,55.0
1267,212.0,169.0,185.0,171.0,163.0,177.0,151.0
1268,213.0,215.0,256.0,248.0,333.0,364.0,338.0
1269,0.0,0.0,0.0,0.0,0.0,0.0,0.0
1270,75.0,80.0,81.0,69.0,85.0,73.0,77.0
1271,180.0,182.0,187.0,180.0,161.0,202.0,188.0
1272,52.0,57.0,48.0,60.0,58.0,104.0,96.0
1273,126.0,124.0,121.0,81.0,113.0,121.0,152.0
1274,46.0,57.0,57.0,77.0,63.0,65.0,60.0
1275,185.0,207.0,249.0,274.0,127.0,124.0,67.0
1276,77.0,71.0,78.0,74.0,141.0,109.0,138.0
1277,70.0,74.0,86.0,67.0,48.0,33.0,46.0
1278,132.0,140.0,93.0,55.0,55.0,51.0,45.0
1279,96.0,86.0,89.0,96.0,109.0,77.0,83.0
1280,65.0,77.0,82.0,79.0,73.0,59.0,70.0
1281,85.0,85.0,100.0,61.0,72.0,68.0,59.0
1282,44.0,51.0,56.0,49.0,78.0,68.0,73.0
1283,231.0,298.0,261.0,195.0,236.0,217.0,164.0
1284,91.0,76.0,80.0,85.0,84.0,84.0,90.0
1285,90.0,93.0,81.0,83.0,99.0,123.0,127.0
1286,115.0,136.0,145.0,78.0,81.0,112.0,69.0
1287,88.0,92.0,91.0,112.0,111.0,109.0,120.0
1288,110.0,117.0,110.0,79.0,76.0,91.0,78.0
1289,75.0,104.0,71.0,90.0,47.0,64.0,47.0
1290,108.0,127.0,112.0,118.0,78.0,82.0,67.0
1291,98.0,92.0,75.0,71.0,58.0,73.0,51.0
1292,175.0,170.0,167.0,217.0,178.0,207.0,176.0
1293,82.0,73.0,95.0,107.0,144.0,162.0,145.0
1294,75.0,86.0,81.0,66.0,64.0,63.0,55.0
1295,73.0,59.0,55.0,80.0,53.0,67.0,69.0
1296,0.0,0.0,0.0,0.0,510.0,695.0,640.0
1297,201.0,218.0,239.0,219.0,194.0,53.0,197.0
1298,180.0,173.0,160.0,180.0,141.0,148.0,143.0
1299,121.0,124.0,124.0,118.0,199.0,173.0,179.0
1300,56.0,41.0,56.0,56.0,70.0,81.0,65.0
1301,129.0,128.0,140.0,110.0,90.0,75.0,95.0
1302,758.0,750.0,827.0,1138.0,562.0,527.0,463.0
1303,117.0,135.0,118.0,145.0,162.0,154.0,174.0
1304,132.0,122.0,117.0,120.0,96.0,75.0,79.0
1305,65.0,68.0,3.0,8.0,56.0,70.0,64.0
1306,320.0,346.0,359.0,458.0,444.0,358.0,288.0
1307,26.0,43.0,46.0,43.0,58.0,68.0,83.0
1308,190.0,233.0,244.0,300.0,298.0,349.0,337.0
1309,200.0,188.0,236.0,251.0,311.0,272.0,310.0
1310,278.0,310.0,329.0,378.0,316.0,269.0,250.0
1311,95.0,103.0,93.0,98.0,64.0,83.0,63.0
1312,108.0,119.0,101.0,103.0,96.0,99.0,98.0
1313,93.0,93.0,85.0,67.0,36.0,40.0,43.0
1314,141.0,148.0,201.0,173.0,165.0,185.0,189.0
1315,128.0,147.0,135.0,155.0,190.0,163.0,170.0
1316,67.0,73.0,98.0,96.0,64.0,53.0,54.0
1317,90.0,95.0,89.0,115.0,85.0,112.0,91.0
1318,254.0,255.0,176.0,75.0,66.0,93.0,66.0
1319,34.0,41.0,59.0,35.0,51.0,40.0,47.0
1320,16.0,19.0,17.0,13.0,61.0,71.0,63.0
1321,34.0,43.0,49.0,79.0,70.0,74.0,49.0
1322,250.0,235.0,243.0,210.0,165.0,167.0,153.0
1323,46.0,35.0,37.0,62.0,66.0,89.0,74.0
1324,76.0,83.0,52.0,84.0,160.0,154.0,172.0
1325,148.0,155.0,154.0,134.0,107.0,125.0,132.0
1326,496.0,429.0,444.0,468.0,417.0,456.0,360.0
1327,107.0,91.0,87.0,93.0,99.0,124.0,144.0
1328,46.0,52.0,55.0,55.0,41.0,51.0,60.0
1329,56.0,70.0,60.0,59.0,96.0,96.0,94.0
1330,34.0,33.0,42.0,46.0,60.0,48.0,51.0
1331,89.0,86.0,63.0,64.0,14.0,31.0,17.0
1332,371.0,404.0,311.0,160.0,127.0,179.0,115.0
1333,45.0,54.0,69.0,69.0,78.0,100.0,82.0
1334,53.0,92.0,81.0,98.0,68.0,53.0,91.0
1335,260.0,235.0,167.0,121.0,91.0,102.0,96.0
1336,48.0,64.0,46.0,53.0,36.0,50.0,55.0
1337,87.0,88.0,84.0,96.0,37.0,38.0,27.0
1338,123.0,129.0,123.0,127.0,114.0,133.0,112.0
1339,234.0,230.0,191.0,169.0,180.0,155.0,173.0
1340,55.0,49.0,52.0,67.0,104.0,133.0,123.0
1341,154.0,126.0,128.0,127.0,111.0,138.0,142.0
1342,155.0,101.0,140.0,179.0,87.0,120.0,110.0
1343,70.0,73.0,85.0,94.0,77.0,86.0,86.0
1344,158.0,173.0,179.0,280.0,215.0,185.0,193.0
1345,82.0,71.0,93.0,91.0,87.0,113.0,69.0
1346,1257.0,1303.0,1210.0,1256.0,1197.0,1296.0,1121.0
1347,103.0,98.0,94.0,102.0,91.0,81.0,69.0
1348,124.0,154.0,141.0,143.0,97.0,126.0,123.0
1349,84.0,100.0,84.0,96.0,104.0,108.0,86.0
1350,394.0,414.0,494.0,413.0,379.0,386.0,455.0
1351,134.0,102.0,108.0,120.0,85.0,88.0,70.0
1352,63.0,55.0,57.0,64.0,66.0,59.0,51.0
1353,106.0,93.0,131.0,156.0,361.0,401.0,472.0
1354,192.0,204.0,213.0,200.0,223.0,243.0,207.0
1355,281.0,282.0,299.0,253.0,315.0,342.0,354.0
1356,178.0,195.0,184.0,157.0,157.0,159.0,139.0
1357,177.0,178.0,170.0,145.0,144.0,167.0,146.0
1358,221.0,225.0,251.0,294.0,241.0,14.0,143.0
1359,117.0,83.0,83.0,73.0,37.0,34.0,37.0
1360,55.0,52.0,55.0,50.0,45.0,55.0,57.0
1361,73.0,57.0,83.0,93.0,148.0,163.0,179.0
1362,74.0,70.0,85.0,83.0,42.0,48.0,45.0
1363,89.0,97.0,88.0,99.0,90.0,103.0,104.0
1364,78.0,95.0,96.0,102.0,63.0,62.0,60.0
1365,217.0,259.0,251.0,215.0,301.0,312.0,331.0
1366,23.0,30.0,26.0,11.0,143.0,117.0,155.0
1367,158.0,171.0,176.0,281.0,91.0,53.0,54.0
1368,93.0,100.0,114.0,85.0,126.0,91.0,108.0
1369,52.0,65.0,57.0,46.0,80.0,72.0,58.0
1370,64.0,68.0,75.0,147.0,95.0,111.0,113.0
1371,36.0,27.0,32.0,28.0,93.0,134.0,128.0
1372,1122.0,97.0,172.0,166.0,1004.0,1018.0,1083.0
1373,474.0,429.0,488.0,586.0,376.0,428.0,341.0
1374,61.0,62.0,60.0,54.0,62.0,59.0,42.0
1375,47.0,32.0,47.0,70.0,60.0,84.0,72.0
1376,130.0,147.0,135.0,129.0,144.0,115.0,123.0
1377,184.0,213.0,193.0,196.0,168.0,154.0,166.0
1378,59.0,41.0,52.0,46.0,96.0,92.0,100.0
1379,161.0,149.0,168.0,162.0,212.0,233.0,248.0
1380,58.0,66.0,62.0,57.0,74.0,86.0,74.0
1381,143.0,132.0,150.0,174.0,131.0,112.0,137.0
1382,72.0,72.0,71.0,60.0,68.0,68.0,56.0
1383,59.0,64.0,86.0,98.0,197.0,163.0,200.0
1384,295.0,222.0,188.0,81.0,40.0,46.0,24.0
1385,70.0,71.0,81.0,74.0,84.0,92.0,106.0
1386,65.0,75.0,63.0,77.0,42.0,90.0,65.0
1387,280.0,237.0,276.0,285.0,102.0,108.0,116.0
1388,96.0,105.0,94.0,113.0,80.0,62.0,62.0
1389,100.0,114.0,113.0,108.0,102.0,76.0,88.0
1390,69.0,80.0,76.0,72.0,35.0,40.0,34.0
1391,148.0,137.0,115.0,68.0,161.0,158.0,155.0
1392,194.0,203.0,226.0,220.0,272.0,303.0,262.0
1393,101.0,113.0,81.0,81.0,76.0,59.0,65.0
1394,206.0,250.0,233.0,253.0,363.0,385.0,405.0
1395,104.0,109.0,87.0,80.0,105.0,114.0,114.0
1396,244.0,273.0,303.0,365.0,349.0,395.0,344.0
1397,269.0,264.0,275.0,276.0,195.0,205.0,174.0
1398,84.0,71.0,75.0,63.0,37.0,40.0,33.0
1399,150.0,146.0,167.0,223.0,144.0,137.0,94.0
1400,77.0,85.0,66.0,77.0,35.0,44.0,142.0
1401,97.0,98.0,119.0,115.0,99.0,96.0,95.0
1402,42.0,42.0,34.0,44.0,75.0,93.0,74.0
1403,174.0,173.0,183.0,171.0,144.0,152.0,132.0
1404,89.0,95.0,95.0,115.0,120.0,139.0,143.0
1405,56.0,50.0,66.0,43.0,81.0,73.0,66.0
1406,46.0,57.0,68.0,79.0,57.0,57.0,52.0
1407,25.0,28.0,30.0,41.0,80.0,64.0,97.0
1408,50.0,49.0,73.0,64.0,63.0,66.0,63.0
1409,200.0,199.0,192.0,188.0,225.0,231.0,259.0
1410,139.0,150.0,128.0,120.0,138.0,128.0,124.0
1411,117.0,117.0,138.0,129.0,148.0,120.0,173.0
1412,238.0,213.0,205.0,176.0,107.0,129.0,123.0
1413,41.0,57.0,73.0,69.0,81.0,74.0,91.0
1414,42.0,47.0,44.0,68.0,36.0,55.0,39.0
1415,50.0,63.0,65.0,65.0,61.0,72.0,50.0
1416,108.0,104.0,88.0,64.0,44.0,51.0,32.0
1417,139.0,149.0,173.0,168.0,178.0,166.0,160.0
1418,79.0,75.0,97.0,118.0,126.0,110.0,98.0
1419,112.0,100.0,117.0,99.0,148.0,148.0,140.0
1420,78.0,79.0,86.0,79.0,227.0,213.0,232.0
1421,153.0,164.0,145.0,148.0,128.0,128.0,125.0
1422,119.0,121.0,125.0,143.0,123.0,117.0,92.0
1423,149.0,114.0,132.0,126.0,56.0,100.0,55.0
1424,157.0,163.0,202.0,248.0,125.0,150.0,147.0
1425,86.0,82.0,74.0,60.0,66.0,67.0,59.0
1426,74.0,87.0,111.0,104.0,509.0,497.0,566.0
1427,221.0,217.0,228.0,184.0,167.0,187.0,165.0
1428,113.0,76.0,102.0,74.0,55.0,71.0,60.0
1429,92.0,104.0,99.0,95.0,122.0,121.0,136.0
1430,45.0,19.0,28.0,24.0,56.0,43.0,58.0
1431,58.0,82.0,85.0,95.0,95.0,88.0,114.0
1432,296.0,300.0,351.0,315.0,328.0,349.0,249.0
1433,54.0,61.0,80.0,83.0,74.0,78.0,79.0
1434,308.0,328.0,343.0,394.0,452.0,464.0,496.0
1435,59.0,79.0,63.0,61.0,43.0,63.0,47.0
1436,334.0,362.0,310.0,340.0,313.0,309.0,280.0
1437,88.0,92.0,90.0,105.0,103.0,105.0,88.0
1438,203.0,198.0,206.0,173.0,148.0,130.0,133.0
1439,73.0,89.0,88.0,65.0,119.0,122.0,145.0
1440,199.0,188.0,175.0,134.0,162.0,138.0,137.0
1441,85.0,69.0,97.0,86.0,111.0,95.0,105.0
1442,36.0,39.0,46.0,59.0,41.0,40.0,46.0
1443,120.0,98.0,89.0,133.0,108.0,95.0,69.0
1444,140.0,130.0,154.0,103.0,67.0,52.0,60.0
1445,190.0,191.0,170.0,193.0,200.0,208.0,208.0
1446,116.0,135.0,158.0,120.0,194.0,229.0,260.0
1447,113.0,99.0,60.0,49.0,70.0,74.0,89.0
1448,48.0,52.0,46.0,55.0,40.0,46.0,34.0
1449,219.0,208.0,189.0,244.0,146.0,108.0,87.0
1450,74.0,102.0,97.0,77.0,59.0,52.0,50.0
1451,85.0,92.0,89.0,118.0,146.0,128.0,121.0
1452,72.0,66.0,50.0,59.0,51.0,57.0,56.0
1453,328.0,291.0,258.0,143.0,113.0,97.0,101.0
1454,101.0,152.0,115.0,156.0,144.0,118.0,116.0
1455,107.0,128.0,135.0,122.0,93.0,70.0,89.0
1456,103.0,90.0,103.0,92.0,85.0,93.0,92.0
1457,68.0,113.0,68.0,109.0,110.0,131.0,134.0
1458,127.0,134.0,152.0,138.0,83.0,78.0,80.0
1459,109.0,104.0,104.0,97.0,74.0,71.0,62.0
1460,97.0,96.0,105.0,118.0,45.0,77.0,43.0
1461,484.0,438.0,459.0,462.0,419.0,514.0,401.0
1462,78.0,99.0,92.0,104.0,112.0,1.0,149.0
1463,120.0,126.0,151.0,115.0,154.0,113.0,111.0
1464,0.0,1.0,0.0,0.0,0.0,0.0,0.0
1465,267.0,350.0,314.0,300.0,51.0,312.0,215.0
1466,91.0,113.0,104.0,128.0,80.0,118.0,102.0
1467,157.0,151.0,155.0,211.0,145.0,174.0,145.0
1468,150.0,167.0,147.0,184.0,127.0,150.0,124.0
1469,267.0,322.0,370.0,484.0,472.0,536.0,502.0
1470,130.0,95.0,124.0,125.0,55.0,68.0,63.0
1471,78.0,102.0,72.0,82.0,58.0,77.0,65.0
1472,349.0,355.0,363.0,301.0,304.0,302.0,297.0
1473,62.0,79.0,78.0,83.0,67.0,67.0,47.0
1474,117.0,148.0,163.0,190.0,139.0,158.0,135.0
1475,85.0,56.0,72.0,48.0,46.0,33.0,39.0
1476,70.0,56.0,65.0,70.0,53.0,56.0,57.0
1477,55.0,66.0,84.0,103.0,204.0,200.0,206.0
1478,202.0,190.0,97.0,157.0,201.0,230.0,207.0
1479,216.0,233.0,157.0,194.0,79.0,74.0,47.0
1480,74.0,78.0,91.0,107.0,88.0,83.0,84.0
1481,62.0,51.0,58.0,50.0,82.0,88.0,89.0
1482,95.0,126.0,100.0,123.0,116.0,117.0,64.0
1483,290.0,280.0,242.0,292.0,266.0,255.0,303.0
1484,210.0,199.0,184.0,215.0,251.0,185.0,201.0
1485,127.0,106.0,107.0,106.0,86.0,101.0,83.0
1486,38.0,57.0,78.0,68.0,65.0,69.0,51.0
1487,42.0,44.0,44.0,33.0,41.0,28.0,35.0
1488,96.0,122.0,109.0,100.0,95.0,109.0,105.0
1489,143.0,171.0,174.0,179.0,153.0,188.0,226.0
1490,133.0,147.0,130.0,120.0,119.0,101.0,85.0
1491,65.0,100.0,95.0,102.0,86.0,80.0,95.0
1492,39.0,38.0,53.0,55.0,69.0,63.0,53.0
1493,42.0,49.0,38.0,19.0,79.0,72.0,78.0
1494,190.0,180.0,178.0,198.0,141.0,189.0,160.0
1495,48.0,40.0,53.0,61.0,69.0,105.0,96.0
1496,150.0,139.0,132.0,131.0,189.0,161.0,160.0
1497,82.0,99.0,87.0,77.0,68.0,82.0,70.0
1498,69.0,98.0,55.0,103.0,64.0,60.0,59.0
1499,92.0,112.0,124.0,119.0,110.0,107.0,106.0
1500,162.0,156.0,217.0,151.0,200.0,188.0,165.0
1501,127.0,144.0,161.0,141.0,176.0,228.0,233.0
1502,86.0,87.0,108.0,152.0,174.0,149.0,182.0
1503,193.0,178.0,113.0,164.0,163.0,206.0,198.0
1504,65.0,72.0,93.0,70.0,124.0,118.0,95.0
1505,48.0,58.0,52.0,52.0,84.0,90.0,90.0
1506,137.0,117.0,122.0,88.0,87.0,95.0,68.0
1507,75.0,78.0,69.0,64.0,93.0,96.0,64.0
1508,53.0,62.0,48.0,80.0,45.0,47.0,43.0
1509,77.0,65.0,52.0,61.0,61.0,62.0,63.0
1510,35.0,46.0,42.0,31.0,41.0,44.0,44.0
1511,132.0,154.0,156.0,160.0,107.0,110.0,91.0
1512,180.0,150.0,154.0,128.0,94.0,85.0,80.0
1513,127.0,110.0,96.0,79.0,70.0,70.0,63.0
1514,51.0,59.0,71.0,56.0,101.0,143.0,158.0
1515,166.0,204.0,222.0,295.0,251.0,204.0,221.0
1516,53.0,40.0,56.0,48.0,65.0,67.0,66.0
1517,108.0,124.0,112.0,74.0,52.0,65.0,54.0
1518,83.0,82.0,97.0,92.0,99.0,85.0,88.0
1519,105.0,78.0,73.0,63.0,113.0,100.0,93.0
1520,87.0,90.0,77.0,54.0,77.0,43.0,49.0
1521,94.0,89.0,107.0,86.0,90.0,102.0,95.0
1522,83.0,83.0,75.0,86.0,110.0,129.0,139.0
1523,4.0,111.0,93.0,41.0,54.0,74.0,65.0
1524,119.0,118.0,147.0,133.0,126.0,104.0,136.0
1525,110.0,97.0,101.0,107.0,99.0,113.0,97.0
1526,5.0,20.0,20.0,20.0,35.0,11.0,16.0
1527,61.0,68.0,78.0,58.0,50.0,63.0,53.0
1528,106.0,137.0,176.0,403.0,432.0,377.0,360.0
1529,29.0,27.0,12.0,63.0,31.0,41.0,37.0
1530,61.0,48.0,71.0,57.0,61.0,66.0,52.0
1531,52.0,58.0,78.0,64.0,85.0,84.0,89.0
1532,50.0,49.0,48.0,61.0,82.0,83.0,96.0
1533,150.0,156.0,148.0,116.0,94.0,126.0,75.0
1534,101.0,96.0,89.0,89.0,73.0,82.0,89.0
1535,766.0,727.0,654.0,736.0,640.0,879.0,617.0
1536,153.0,143.0,143.0,166.0,114.0,91.0,89.0
1537,125.0,136.0,116.0,77.0,62.0,55.0,59.0
1538,179.0,151.0,90.0,140.0,124.0,83.0,106.0
1539,170.0,182.0,177.0,178.0,114.0,140.0,124.0
1540,239.0,291.0,271.0,408.0,165.0,129.0,107.0
1541,69.0,58.0,69.0,69.0,56.0,65.0,65.0
1542,59.0,64.0,58.0,63.0,55.0,37.0,33.0
1543,64.0,56.0,58.0,69.0,62.0,69.0,43.0
1544,186.0,236.0,199.0,257.0,214.0,202.0,157.0
1545,92.0,121.0,118.0,100.0,111.0,103.0,105.0
1546,83.0,66.0,84.0,78.0,76.0,53.0,54.0
1547,228.0,193.0,150.0,109.0,45.0,61.0,35.0
1548,140.0,162.0,182.0,198.0,31.0,47.0,64.0
1549,111.0,103.0,104.0,91.0,117.0,115.0,96.0
1550,60.0,73.0,90.0,107.0,132.0,104.0,128.0
1551,98.0,100.0,90.0,68.0,90.0,93.0,99.0
1552,92.0,89.0,71.0,77.0,60.0,74.0,39.0
1553,102.0,116.0,128.0,120.0,118.0,110.0,106.0
1554,57.0,74.0,68.0,61.0,97.0,86.0,111.0
1555,127.0,146.0,232.0,209.0,147.0,124.0,112.0
1556,109.0,124.0,91.0,89.0,138.0,145.0,150.0
1557,326.0,339.0,382.0,402.0,333.0,320.0,356.0
1558,173.0,166.0,158.0,131.0,82.0,109.0,79.0
1559,105.0,130.0,129.0,96.0,63.0,63.0,40.0
1560,157.0,223.0,233.0,235.0,159.0,246.0,217.0
1561,20.0,12.0,20.0,26.0,243.0,251.0,315.0
1562,60.0,64.0,51.0,60.0,40.0,49.0,49.0
1563,54.0,60.0,47.0,67.0,37.0,55.0,40.0
1564,158.0,156.0,179.0,166.0,133.0,145.0,140.0
1565,53.0,42.0,47.0,44.0,91.0,79.0,95.0
1566,62.0,73.0,67.0,83.0,90.0,102.0,95.0
1567,47.0,57.0,41.0,51.0,48.0,67.0,74.0
1568,226.0,232.0,226.0,230.0,156.0,146.0,144.0
1569,17.0,5.0,20.0,54.0,101.0,100.0,83.0
1570,165.0,171.0,188.0,134.0,138.0,132.0,131.0
1571,34.0,11.0,19.0,65.0,448.0,380.0,369.0
1572,49.0,5.0,59.0,65.0,90.0,85.0,114.0
1573,126.0,116.0,148.0,121.0,197.0,189.0,211.0
1574,85.0,84.0,95.0,88.0,68.0,73.0,51.0
1575,68.0,76.0,55.0,80.0,63.0,81.0,72.0
1576,132.0,138.0,143.0,117.0,99.0,93.0,72.0
1577,40.0,53.0,45.0,50.0,28.0,29.0,24.0
1578,84.0,93.0,75.0,70.0,149.0,125.0,107.0
1579,55.0,32.0,56.0,41.0,23.0,40.0,43.0
1580,287.0,292.0,188.0,183.0,102.0,145.0,139.0
1581,85.0,71.0,81.0,75.0,45.0,70.0,65.0
1582,87.0,81.0,86.0,84.0,88.0,120.0,101.0
1583,125.0,143.0,156.0,126.0,270.0,246.0,269.0
1584,179.0,164.0,158.0,197.0,213.0,229.0,203.0
1585,43.0,46.0,64.0,55.0,97.0,98.0,90.0
1586,80.0,88.0,70.0,51.0,53.0,64.0,47.0
1587,101.0,73.0,77.0,64.0,50.0,59.0,48.0
1588,93.0,92.0,89.0,96.0,88.0,91.0,83.0
1589,49.0,51.0,57.0,64.0,116.0,112.0,127.0
1590,142.0,137.0,113.0,202.0,400.0,217.0,207.0
1591,89.0,79.0,79.0,84.0,120.0,130.0,169.0
1592,68.0,61.0,80.0,70.0,72.0,75.0,52.0
1593,125.0,118.0,139.0,116.0,95.0,83.0,57.0
1594,129.0,148.0,129.0,99.0,76.0,93.0,106.0
1595,103.0,77.0,101.0,106.0,74.0,82.0,64.0
1596,93.0,72.0,95.0,109.0,176.0,166.0,164.0
1597,35.0,49.0,104.0,112.0,219.0,207.0,272.0
1598,48.0,38.0,66.0,40.0,70.0,50.0,55.0
1599,132.0,111.0,92.0,125.0,68.0,86.0,75.0
1600,69.0,70.0,84.0,68.0,68.0,73.0,74.0
1601,58.0,60.0,56.0,50.0,80.0,68.0,77.0
1602,73.0,82.0,82.0,53.0,84.0,77.0,73.0
1603,107.0,115.0,107.0,120.0,152.0,145.0,167.0
1604,72.0,59.0,43.0,68.0,46.0,42.0,47.0
1605,213.0,238.0,254.0,309.0,275.0,279.0,238.0
1606,68.0,40.0,57.0,39.0,59.0,58.0,85.0
1607,55.0,55.0,58.0,48.0,39.0,39.0,36.0
1608,73.0,76.0,94.0,95.0,113.0,100.0,113.0
1609,11.0,19.0,15.0,20.0,24.0,119.0,154.0
1610,174.0,204.0,191.0,192.0,210.0,248.0,223.0
1611,107.0,113.0,94.0,128.0,130.0,158.0,94.0
1612,132.0,159.0,95.0,101.0,112.0,179.0,172.0
1613,21.0,41.0,58.0,50.0,343.0,372.0,364.0
1614,94.0,79.0,83.0,73.0,86.0,124.0,58.0
1615,72.0,63.0,77.0,67.0,271.0,291.0,255.0
1616,390.0,397.0,452.0,466.0,475.0,456.0,441.0
1617,49.0,43.0,45.0,50.0,67.0,75.0,76.0
1618,79.0,97.0,84.0,116.0,77.0,94.0,70.0
1619,163.0,180.0,185.0,190.0,143.0,166.0,167.0
1620,107.0,132.0,179.0,244.0,259.0,243.0,236.0
1621,39.0,60.0,62.0,101.0,177.0,167.0,163.0
1622,94.0,121.0,118.0,109.0,125.0,98.0,121.0
1623,402.0,375.0,361.0,320.0,296.0,305.0,299.0
1624,315.0,308.0,284.0,329.0,362.0,406.0,349.0
1625,169.0,195.0,171.0,194.0,178.0,174.0,173.0
1626,127.0,128.0,132.0,127.0,335.0,339.0,342.0
1627,159.0,149.0,134.0,122.0,155.0,187.0,173.0
1628,90.0,86.0,93.0,67.0,108.0,107.0,116.0
1629,2117.0,2195.0,2026.0,2715.0,2013.0,2121.0,1874.0
1630,46.0,67.0,62.0,76.0,107.0,97.0,97.0
1631,239.0,253.0,278.0,343.0,299.0,324.0,312.0
1632,69.0,76.0,26.0,69.0,60.0,56.0,64.0
1633,65.0,63.0,54.0,67.0,60.0,68.0,63.0
1634,107.0,111.0,86.0,83.0,103.0,111.0,114.0
1635,95.0,91.0,76.0,77.0,71.0,53.0,65.0
1636,39.0,54.0,75.0,49.0,79.0,88.0,75.0
1637,71.0,58.0,82.0,74.0,128.0,126.0,150.0
1638,145.0,156.0,143.0,215.0,96.0,115.0,89.0
1639,145.0,166.0,187.0,193.0,52.0,44.0,46.0
1640,55.0,85.0,65.0,93.0,24.0,25.0,28.0
1641,57.0,62.0,79.0,54.0,55.0,77.0,61.0
1642,162.0,162.0,177.0,166.0,187.0,219.0,227.0
1643,71.0,42.0,74.0,53.0,31.0,28.0,47.0
1644,146.0,167.0,183.0,140.0,138.0,152.0,149.0
1645,132.0,170.0,199.0,251.0,310.0,286.0,308.0
1646,104.0,89.0,104.0,97.0,73.0,70.0,59.0
1647,222.0,250.0,255.0,262.0,174.0,230.0,190.0
1648,176.0,221.0,193.0,199.0,218.0,238.0,188.0
1649,105.0,88.0,73.0,52.0,48.0,38.0,34.0
1650,71.0,79.0,72.0,98.0,234.0,245.0,259.0
1651,62.0,84.0,66.0,86.0,116.0,103.0,94.0
1652,49.0,74.0,58.0,75.0,71.0,77.0,87.0
1653,133.0,124.0,123.0,125.0,132.0,118.0,111.0
1654,77.0,72.0,75.0,71.0,70.0,71.0,75.0
1655,26.0,26.0,46.0,46.0,81.0,93.0,95.0
1656,63.0,47.0,65.0,43.0,57.0,62.0,47.0
1657,90.0,82.0,91.0,100.0,111.0,108.0,101.0
1658,131.0,118.0,121.0,129.0,261.0,224.0,236.0
1659,149.0,135.0,145.0,140.0,113.0,130.0,118.0
1660,100.0,93.0,89.0,84.0,40.0,69.0,52.0
1661,479.0,479.0,485.0,442.0,397.0,449.0,386.0
1662,70.0,71.0,81.0,98.0,88.0,62.0,64.0
1663,295.0,314.0,323.0,345.0,299.0,298.0,297.0
1664,111.0,140.0,123.0,149.0,68.0,69.0,51.0
1665,125.0,131.0,73.0,127.0,114.0,58.0,115.0
1666,296.0,335.0,331.0,278.0,214.0,196.0,175.0
1667,208.0,245.0,280.0,288.0,356.0,337.0,366.0
1668,144.0,141.0,158.0,134.0,103.0,120.0,101.0
1669,115.0,109.0,92.0,98.0,107.0,97.0,98.0
1670,264.0,234.0,224.0,230.0,160.0,158.0,136.0
1671,60.0,59.0,66.0,75.0,44.0,75.0,56.0
1672,157.0,133.0,157.0,119.0,75.0,74.0,60.0
1673,208.0,216.0,246.0,269.0,268.0,232.0,251.0
1674,85.0,63.0,77.0,62.0,67.0,64.0,56.0
1675,105.0,103.0,104.0,73.0,72.0,74.0,81.0
1676,80.0,110.0,83.0,66.0,109.0,110.0,114.0
1677,136.0,119.0,129.0,129.0,119.0,119.0,97.0
1678,52.0,63.0,66.0,52.0,77.0,75.0,83.0
1679,19.0,26.0,39.0,48.0,118.0,136.0,112.0
1680,82.0,87.0,112.0,101.0,124.0,138.0,169.0
1681,105.0,135.0,79.0,83.0,43.0,64.0,57.0
1682,109.0,98.0,84.0,74.0,96.0,101.0,92.0
1683,92.0,90.0,75.0,67.0,26.0,40.0,25.0
1684,63.0,81.0,71.0,103.0,85.0,93.0,77.0
1685,33.0,53.0,52.0,53.0,66.0,68.0,105.0
1686,17.0,16.0,7.0,25.0,87.0,67.0,89.0
1687,659.0,663.0,617.0,817.0,575.0,544.0,556.0
1688,52.0,39.0,37.0,53.0,55.0,74.0,99.0
1689,68.0,74.0,73.0,86.0,53.0,74.0,96.0
1690,181.0,166.0,175.0,216.0,193.0,217.0,216.0
1691,42.0,54.0,31.0,57.0,29.0,29.0,35.0
1692,279.0,265.0,236.0,195.0,214.0,344.0,194.0
1693,60.0,81.0,56.0,98.0,104.0,101.0,92.0
1694,98.0,80.0,80.0,76.0,21.0,40.0,22.0
1695,107.0,107.0,78.0,99.0,62.0,68.0,78.0
1696,58.0,52.0,67.0,95.0,94.0,111.0,106.0
1697,154.0,188.0,187.0,198.0,44.0,113.0,93.0
1698,288.0,310.0,266.0,246.0,350.0,407.0,405.0
1699,75.0,72.0,91.0,95.0,55.0,58.0,73.0
1700,132.0,110.0,99.0,94.0,92.0,76.0,89.0
1701,82.0,74.0,87.0,99.0,108.0,83.0,97.0
1702,22.0,29.0,31.0,27.0,60.0,39.0,55.0
1703,126.0,105.0,75.0,43.0,26.0,36.0,37.0
1704,160.0,154.0,228.0,213.0,373.0,378.0,390.0
1705,97.0,100.0,83.0,79.0,79.0,59.0,77.0
1706,48.0,59.0,38.0,60.0,210.0,199.0,232.0
1707,290.0,267.0,268.0,316.0,311.0,323.0,372.0
1708,205.0,230.0,250.0,318.0,163.0,148.0,130.0
1709,211.0,243.0,243.0,223.0,618.0,609.0,907.0
1710,156.0,183.0,181.0,182.0,221.0,230.0,222.0
1711,73.0,96.0,88.0,50.0,111.0,94.0,119.0
1712,54.0,63.0,97.0,80.0,52.0,54.0,60.0
1713,37.0,33.0,43.0,39.0,59.0,57.0,72.0
1714,84.0,85.0,117.0,127.0,189.0,180.0,194.0
1715,85.0,91.0,86.0,82.0,49.0,82.0,37.0
1716,164.0,157.0,23.0,18.0,151.0,165.0,146.0
1717,321.0,315.0,303.0,317.0,257.0,302.0,249.0
1718,63.0,55.0,71.0,53.0,69.0,70.0,47.0
1719,228.0,172.0,126.0,146.0,256.0,275.0,294.0
1720,319.0,300.0,84.0,207.0,271.0,275.0,265.0
1721,60.0,54.0,22.0,38.0,27.0,37.0,59.0
1722,208.0,213.0,217.0,227.0,199.0,206.0,173.0
1723,66.0,91.0,67.0,73.0,73.0,57.0,80.0
1724,64.0,51.0,63.0,82.0,86.0,98.0,85.0
1725,99.0,76.0,73.0,102.0,117.0,176.0,143.0
1726,296.0,301.0,327.0,431.0,340.0,262.0,284.0
1727,120.0,119.0,118.0,121.0,205.0,188.0,210.0
1728,25.0,38.0,36.0,13.0,107.0,71.0,84.0
1729,88.0,101.0,109.0,116.0,53.0,89.0,87.0
1730,98.0,86.0,92.0,90.0,43.0,84.0,49.0
1731,45.0,49.0,43.0,52.0,56.0,54.0,55.0
1732,135.0,145.0,151.0,132.0,129.0,150.0,131.0
1733,12.0,14.0,18.0,20.0,96.0,83.0,104.0
1734,57.0,67.0,70.0,77.0,77.0,84.0,76.0
1735,83.0,81.0,76.0,99.0,66.0,69.0,69.0
1736,73.0,56.0,63.0,47.0,35.0,55.0,35.0
1737,93.0,67.0,8.0,3.0,69.0,85.0,90.0
1738,90.0,90.0,102.0,108.0,94.0,103.0,88.0
1739,58.0,53.0,58.0,55.0,44.0,84.0,56.0
1740,18.0,16.0,30.0,44.0,122.0,107.0,132.0
1741,107.0,99.0,94.0,91.0,81.0,75.0,71.0
1742,37.0,40.0,22.0,44.0,76.0,85.0,89.0
1743,230.0,246.0,247.0,299.0,311.0,285.0,317.0
1744,112.0,114.0,128.0,136.0,104.0,106.0,115.0
1745,440.0,421.0,409.0,405.0,453.0,479.0,402.0
1746,36.0,66.0,66.0,92.0,85.0,93.0,98.0
1747,90.0,67.0,96.0,50.0,33.0,21.0,16.0
1748,131.0,131.0,115.0,78.0,69.0,83.0,73.0
1749,21.0,32.0,29.0,48.0,43.0,48.0,57.0
1750,4.0,23.0,108.0,105.0,83.0,107.0,123.0
1751,218.0,197.0,247.0,307.0,300.0,277.0,248.0
1752,330.0,291.0,257.0,291.0,260.0,274.0,242.0
1753,171.0,177.0,156.0,172.0,291.0,230.0,260.0
1754,46.0,46.0,59.0,64.0,39.0,71.0,45.0
1755,76.0,80.0,58.0,72.0,85.0,84.0,84.0
1756,106.0,116.0,120.0,156.0,168.0,152.0,138.0
1757,107.0,237.0,215.0,211.0,83.0,88.0,81.0
1758,63.0,52.0,70.0,57.0,45.0,54.0,39.0
1759,150.0,161.0,191.0,159.0,367.0,330.0,404.0
1760,107.0,119.0,149.0,132.0,115.0,107.0,98.0
1761,106.0,86.0,97.0,55.0,32.0,44.0,39.0
1762,106.0,96.0,99.0,104.0,153.0,132.0,173.0
1763,117.0,120.0,83.0,141.0,81.0,130.0,143.0
1764,28.0,21.0,16.0,28.0,76.0,82.0,103.0
1765,121.0,146.0,94.0,114.0,80.0,112.0,134.0
1766,91.0,101.0,95.0,96.0,102.0,88.0,114.0
1767,140.0,171.0,148.0,142.0,160.0,159.0,114.0
1768,118.0,115.0,123.0,131.0,247.0,287.0,248.0
1769,53.0,39.0,26.0,53.0,53.0,56.0,43.0
1770,232.0,218.0,225.0,297.0,223.0,190.0,182.0
1771,115.0,104.0,124.0,136.0,155.0,184.0,210.0
1772,99.0,76.0,110.0,86.0,44.0,42.0,25.0
1773,41.0,100.0,48.0,79.0,67.0,83.0,66.0
1774,117.0,115.0,68.0,72.0,91.0,68.0,85.0
1775,215.0,225.0,209.0,214.0,212.0,248.0,210.0
1776,125.0,143.0,131.0,111.0,98.0,101.0,127.0
1777,98.0,96.0,67.0,80.0,76.0,108.0,97.0
1778,166.0,174.0,134.0,195.0,175.0,197.0,184.0
1779,80.0,111.0,117.0,121.0,214.0,209.0,236.0
1780,98.0,103.0,89.0,103.0,104.0,78.0,55.0
1781,24.0,39.0,27.0,37.0,75.0,49.0,67.0
1782,105.0,84.0,119.0,100.0,63.0,107.0,88.0
1783,395.0,372.0,380.0,442.0,410.0,412.0,313.0
1784,241.0,220.0,196.0,224.0,224.0,223.0,194.0
1785,112.0,126.0,104.0,83.0,97.0,83.0,72.0
1786,71.0,94.0,108.0,99.0,124.0,182.0,187.0
1787,47.0,73.0,62.0,97.0,105.0,120.0,124.0
1788,21.0,22.0,26.0,50.0,51.0,55.0,55.0
1789,82.0,90.0,112.0,100.0,114.0,112.0,120.0
1790,255.0,284.0,187.0,203.0,244.0,298.0,317.0
1791,92.0,81.0,90.0,92.0,109.0,103.0,98.0
1792,116.0,98.0,115.0,83.0,167.0,119.0,103.0
1793,72.0,80.0,83.0,97.0,106.0,92.0,80.0
1794,116.0,100.0,112.0,141.0,117.0,115.0,113.0
1795,72.0,117.0,100.0,97.0,62.0,75.0,81.0
1796,254.0,273.0,269.0,264.0,153.0,182.0,151.0
1797,1.0,22.0,29.0,34.0,62.0,98.0,98.0
1798,29.0,49.0,43.0,51.0,50.0,46.0,59.0
1799,59.0,50.0,41.0,83.0,87.0,70.0,62.0
1800,131.0,155.0,155.0,148.0,145.0,171.0,88.0
1801,269.0,245.0,258.0,183.0,51.0,92.0,80.0
1802,63.0,72.0,51.0,33.0,45.0,39.0,37.0
1803,40.0,50.0,75.0,44.0,91.0,106.0,68.0
1804,285.0,353.0,276.0,216.0,101.0,116.0,104.0
1805,43.0,53.0,50.0,71.0,63.0,77.0,43.0
1806,50.0,39.0,52.0,38.0,76.0,52.0,75.0
1807,165.0,138.0,132.0,103.0,106.0,84.0,111.0
1808,63.0,45.0,37.0,29.0,35.0,36.0,41.0
1809,119.0,115.0,123.0,91.0,106.0,113.0,97.0
1810,31.0,33.0,36.0,83.0,86.0,141.0,90.0
1811,95.0,86.0,79.0,86.0,114.0,96.0,96.0
1812,139.0,164.0,132.0,130.0,80.0,59.0,63.0
1813,38.0,54.0,50.0,53.0,144.0,135.0,141.0
1814,46.0,50.0,48.0,61.0,103.0,118.0,132.0
1815,59.0,78.0,54.0,62.0,45.0,64.0,90.0
1816,69.0,75.0,84.0,83.0,58.0,52.0,42.0
1817,99.0,77.0,110.0,121.0,147.0,162.0,147.0
1818,36.0,37.0,49.0,188.0,178.0,220.0,200.0
1819,63.0,65.0,46.0,62.0,48.0,43.0,44.0
1820,151.0,146.0,161.0,94.0,115.0,104.0,102.0
1821,1036.0,1001.0,1059.0,1160.0,885.0,904.0,842.0
1822,34.0,54.0,66.0,79.0,80.0,74.0,81.0
1823,137.0,120.0,114.0,99.0,82.0,88.0,71.0
1824,51.0,48.0,39.0,46.0,50.0,47.0,20.0
1825,107.0,121.0,131.0,106.0,150.0,150.0,155.0
1826,256.0,225.0,243.0,280.0,192.0,177.0,159.0
1827,117.0,85.0,83.0,77.0,86.0,62.0,57.0
1828,149.0,148.0,188.0,203.0,172.0,173.0,155.0
1829,195.0,176.0,165.0,181.0,139.0,150.0,139.0
1830,49.0,47.0,49.0,47.0,39.0,25.0,32.0
1831,48.0,70.0,101.0,129.0,626.0,608.0,653.0
1832,117.0,99.0,115.0,78.0,99.0,102.0,90.0
1833,61.0,47.0,62.0,57.0,66.0,79.0,42.0
1834,61.0,76.0,82.0,56.0,64.0,70.0,56.0
1835,77.0,84.0,85.0,67.0,21.0,36.0,35.0
1836,142.0,141.0,150.0,135.0,125.0,136.0,141.0
1837,70.0,70.0,70.0,77.0,87.0,77.0,87.0
1838,172.0,187.0,154.0,130.0,162.0,105.0,104.0
1839,221.0,192.0,189.0,196.0,136.0,147.0,118.0
1840,65.0,68.0,89.0,75.0,20.0,26.0,37.0
1841,67.0,88.0,79.0,68.0,40.0,46.0,42.0
1842,159.0,192.0,176.0,164.0,189.0,213.0,200.0
1843,80.0,89.0,75.0,70.0,606.0,647.0,760.0
1844,148.0,121.0,115.0,79.0,94.0,94.0,97.0
1845,53.0,42.0,56.0,50.0,56.0,61.0,37.0
1846,85.0,101.0,126.0,110.0,37.0,47.0,43.0
1847,45.0,45.0,54.0,62.0,53.0,57.0,58.0
1848,61.0,57.0,75.0,71.0,77.0,79.0,61.0
1849,60.0,62.0,63.0,57.0,79.0,70.0,70.0
1850,326.0,360.0,336.0,425.0,326.0,316.0,265.0
1851,109.0,90.0,101.0,111.0,88.0,131.0,134.0
1852,86.0,87.0,68.0,67.0,91.0,88.0,83.0
1853,99.0,158.0,111.0,117.0,127.0,193.0,158.0
1854,105.0,115.0,111.0,149.0,125.0,130.0,130.0
1855,60.0,59.0,73.0,92.0,220.0,170.0,209.0
1856,83.0,4.0,1.0,59.0,55.0,57.0,61.0
1857,43.0,54.0,56.0,52.0,70.0,90.0,100.0
1858,104.0,97.0,44.0,49.0,114.0,112.0,115.0
1859,205.0,215.0,209.0,251.0,280.0,277.0,257.0
1860,168.0,178.0,188.0,197.0,112.0,118.0,85.0
1861,357.0,371.0,335.0,234.0,220.0,191.0,194.0
1862,91.0,82.0,102.0,110.0,41.0,46.0,41.0
1863,66.0,56.0,87.0,86.0,109.0,123.0,121.0
1864,79.0,92.0,95.0,68.0,124.0,123.0,130.0
1865,86.0,85.0,100.0,81.0,51.0,63.0,61.0
1866,27.0,25.0,40.0,27.0,119.0,63.0,86.0
1867,23.0,22.0,39.0,70.0,251.0,226.0,230.0
1868,137.0,121.0,98.0,103.0,51.0,40.0,54.0
1869,100.0,103.0,105.0,73.0,72.0,72.0,51.0
1870,71.0,68.0,44.0,93.0,81.0,111.0,113.0
1871,80.0,86.0,53.0,48.0,38.0,24.0,32.0
1872,361.0,370.0,346.0,248.0,256.0,334.0,282.0
1873,0.0,0.0,1.0,64.0,98.0,93.0,117.0
1874,227.0,246.0,206.0,196.0,189.0,185.0,102.0
1875,50.0,44.0,42.0,53.0,606.0,592.0,768.0
1876,204.0,226.0,219.0,250.0,210.0,215.0,207.0
1877,150.0,165.0,176.0,175.0,109.0,106.0,139.0
1878,62.0,70.0,64.0,103.0,67.0,132.0,92.0
1879,54.0,91.0,74.0,88.0,82.0,97.0,82.0
1880,129.0,156.0,176.0,214.0,150.0,144.0,130.0
1881,133.0,127.0,145.0,148.0,434.0,404.0,420.0
1882,271.0,213.0,244.0,218.0,175.0,173.0,170.0
1883,99.0,99.0,91.0,102.0,41.0,49.0,50.0
1884,163.0,146.0,127.0,93.0,97.0,108.0,101.0
1885,39.0,45.0,62.0,54.0,58.0,74.0,62.0
1886,55.0,56.0,57.0,56.0,103.0,100.0,104.0
1887,175.0,185.0,211.0,202.0,77.0,64.0,84.0
1888,120.0,110.0,86.0,101.0,69.0,95.0,72.0
1889,19.0,19.0,15.0,13.0,58.0,57.0,62.0
1890,123.0,157.0,161.0,172.0,304.0,299.0,394.0
1891,60.0,51.0,53.0,51.0,44.0,41.0,54.0
1892,127.0,166.0,115.0,111.0,94.0,111.0,83.0
1893,47.0,60.0,70.0,66.0,46.0,67.0,51.0
1894,13.0,16.0,17.0,19.0,160.0,171.0,211.0
1895,135.0,163.0,139.0,166.0,159.0,175.0,181.0
1896,54.0,66.0,68.0,58.0,52.0,89.0,72.0
1897,40.0,33.0,42.0,62.0,69.0,71.0,67.0
1898,172.0,150.0,158.0,181.0,219.0,267.0,293.0
1899,16.0,15.0,27.0,25.0,10.0,21.0,27.0
1900,63.0,55.0,56.0,71.0,58.0,61.0,60.0
1901,524.0,465.0,556.0,596.0,413.0,451.0,384.0
1902,112.0,143.0,105.0,94.0,107.0,122.0,112.0
1903,261.0,286.0,289.0,274.0,196.0,232.0,270.0
1904,4.0,134.0,3.0,33.0,136.0,128.0,139.0
1905,152.0,176.0,190.0,162.0,195.0,185.0,190.0
1906,428.0,385.0,388.0,501.0,415.0,397.0,315.0
1907,30.0,38.0,63.0,50.0,111.0,115.0,149.0
1908,55.0,66.0,88.0,67.0,43.0,72.0,45.0
1909,56.0,53.0,53.0,70.0,74.0,59.0,93.0
1910,38.0,43.0,35.0,44.0,57.0,59.0,49.0
1911,180.0,151.0,133.0,144.0,118.0,123.0,77.0
1912,160.0,174.0,191.0,181.0,169.0,159.0,136.0
1913,19.0,32.0,30.0,41.0,41.0,35.0,40.0
1914,133.0,132.0,129.0,95.0,135.0,146.0,158.0
1915,17.0,26.0,40.0,47.0,71.0,74.0,93.0
1916,115.0,120.0,90.0,90.0,82.0,116.0,109.0
1917,153.0,166.0,150.0,116.0,118.0,115.0,79.0
1918,11.0,1.0,1.0,1.0,5.0,6.0,1.0
1919,134.0,126.0,165.0,186.0,153.0,128.0,132.0
1920,45.0,38.0,46.0,33.0,53.0,69.0,65.0
1921,175.0,183.0,156.0,174.0,141.0,136.0,109.0
1922,364.0,359.0,352.0,423.0,303.0,309.0,259.0
1923,162.0,156.0,135.0,188.0,128.0,116.0,93.0
1924,154.0,200.0,215.0,214.0,144.0,118.0,80.0
1925,0.0,0.0,0.0,0.0,0.0,0.0,0.0
1926,24.0,25.0,22.0,37.0,72.0,65.0,84.0
1927,55.0,63.0,68.0,103.0,228.0,269.0,407.0
1928,1067.0,981.0,1009.0,1160.0,706.0,677.0,617.0
1929,16.0,22.0,38.0,32.0,90.0,63.0,63.0
1930,80.0,85.0,102.0,112.0,82.0,101.0,114.0
1931,245.0,273.0,333.0,366.0,362.0,335.0,358.0
1932,206.0,229.0,216.0,253.0,243.0,291.0,221.0
1933,71.0,77.0,72.0,107.0,74.0,86.0,67.0
1934,195.0,167.0,105.0,96.0,69.0,76.0,86.0
1935,131.0,166.0,157.0,186.0,298.0,298.0,283.0
1936,101.0,125.0,127.0,160.0,105.0,127.0,132.0
1937,107.0,125.0,134.0,171.0,165.0,217.0,176.0
1938,169.0,136.0,159.0,125.0,83.0,80.0,65.0
1939,151.0,211.0,183.0,268.0,203.0,167.0,168.0
1940,100.0,96.0,98.0,143.0,122.0,126.0,97.0
1941,90.0,114.0,106.0,107.0,161.0,184.0,158.0
1942,156.0,138.0,151.0,118.0,78.0,78.0,77.0
1943,45.0,43.0,48.0,29.0,32.0,31.0,37.0
1944,364.0,469.0,461.0,549.0,504.0,532.0,560.0
1945,191.0,237.0,186.0,238.0,338.0,343.0,361.0
1946,107.0,104.0,143.0,113.0,93.0,94.0,94.0
1947,23.0,27.0,46.0,43.0,53.0,55.0,69.0
1948,136.0,165.0,198.0,227.0,243.0,242.0,224.0
1949,36.0,32.0,57.0,48.0,60.0,73.0,60.0
1950,265.0,247.0,248.0,330.0,272.0,340.0,280.0
1951,139.0,156.0,146.0,114.0,122.0,135.0,100.0
1952,108.0,119.0,81.0,85.0,34.0,58.0,55.0
1953,52.0,57.0,64.0,85.0,61.0,63.0,58.0
1954,406.0,382.0,410.0,518.0,420.0,412.0,345.0
1955,183.0,184.0,187.0,202.0,142.0,126.0,152.0
1956,137.0,125.0,128.0,101.0,122.0,123.0,121.0
1957,165.0,183.0,117.0,149.0,75.0,63.0,73.0
1958,110.0,82.0,135.0,124.0,217.0,224.0,211.0
1959,81.0,92.0,140.0,309.0,359.0,329.0,386.0
1960,182.0,198.0,163.0,184.0,173.0,204.0,175.0
1961,56.0,65.0,66.0,82.0,84.0,100.0,80.0
1962,133.0,149.0,116.0,144.0,134.0,140.0,151.0
1963,75.0,80.0,79.0,63.0,101.0,107.0,145.0
1964,65.0,49.0,54.0,53.0,73.0,91.0,100.0
1965,94.0,107.0,78.0,111.0,101.0,108.0,114.0
1966,76.0,98.0,110.0,110.0,281.0,218.0,247.0
1967,213.0,261.0,185.0,178.0,162.0,185.0,187.0
1968,32.0,20.0,27.0,11.0,5.0,9.0,6.0
1969,62.0,9.0,78.0,91.0,92.0,74.0,86.0
1970,191.0,216.0,211.0,276.0,247.0,258.0,238.0
1971,103.0,170.0,146.0,145.0,165.0,234.0,228.0
1972,74.0,90.0,88.0,90.0,67.0,62.0,65.0
1973,30.0,36.0,36.0,56.0,83.0,65.0,59.0
1974,71.0,71.0,75.0,93.0,130.0,162.0,184.0
1975,287.0,254.0,230.0,258.0,214.0,215.0,184.0
1976,94.0,112.0,91.0,114.0,88.0,66.0,86.0
1977,105.0,101.0,93.0,136.0,98.0,113.0,117.0
1978,145.0,150.0,155.0,122.0,123.0,152.0,158.0
1979,74.0,67.0,60.0,58.0,60.0,57.0,55.0
1980,83.0,71.0,64.0,56.0,58.0,55.0,39.0
1981,28.0,42.0,32.0,39.0,83.0,66.0,84.0
1982,67.0,78.0,65.0,68.0,62.0,48.0,55.0
1983,69.0,74.0,67.0,45.0,58.0,84.0,87.0
1984,40.0,38.0,44.0,58.0,40.0,45.0,62.0
1985,506.0,601.0,596.0,633.0,367.0,372.0,363.0
1986,80.0,88.0,84.0,73.0,85.0,83.0,91.0
1987,46.0,66.0,57.0,66.0,51.0,58.0,42.0
1988,226.0,223.0,238.0,234.0,197.0,194.0,173.0
1989,228.0,238.0,287.0,160.0,55.0,60.0,39.0
1990,90.0,80.0,93.0,95.0,103.0,72.0,101.0
1991,103.0,112.0,87.0,143.0,122.0,130.0,136.0
1992,69.0,96.0,71.0,70.0,70.0,52.0,65.0
1993,51.0,48.0,51.0,65.0,62.0,35.0,58.0
1994,146.0,163.0,125.0,135.0,131.0,137.0,128.0
1995,67.0,74.0,60.0,76.0,54.0,52.0,64.0
1996,58.0,53.0,70.0,68.0,68.0,68.0,77.0
1997,61.0,60.0,83.0,74.0,220.0,285.0,299.0
1998,391.0,405.0,384.0,66.0,349.0,390.0,455.0
1999,339.0,307.0,364.0,397.0,331.0,305.0,338.0
2000,29.0,35.0,76.0,68.0,158.0,176.0,161.0
