shop_id,2016-10-11,2016-10-12,2016-10-13,2016-10-14,2016-10-15,2016-10-16,2016-10-17
1,45.0,42.0,26.0,35.0,30.0,20.0,25.0
2,27.0,25.0,23.0,25.0,33.0,30.0,23.0
3,15.0,8.0,9.0,6.0,10.0,4.0,4.0
4,28.0,27.0,28.0,20.0,33.0,46.0,25.0
5,12.0,7.0,9.0,6.0,1.0,7.0,1.0
6,9.0,11.0,8.0,10.0,10.0,10.0,5.0
7,24.0,29.0,14.0,20.0,34.0,25.0,7.0
8,11.0,11.0,5.0,5.0,2.0,3.0,6.0
9,11.0,6.0,5.0,5.0,10.0,6.0,5.0
10,0.0,4.0,0.0,0.0,1.0,3.0,4.0
11,1.0,6.0,9.0,3.0,5.0,4.0,2.0
12,14.0,12.0,15.0,21.0,13.0,21.0,14.0
13,14.0,6.0,8.0,10.0,7.0,4.0,4.0
14,9.0,11.0,19.0,16.0,12.0,16.0,13.0
15,2.0,0.0,2.0,1.0,0.0,0.0,2.0
16,13.0,11.0,20.0,34.0,24.0,23.0,19.0
17,23.0,33.0,28.0,19.0,37.0,31.0,24.0
18,11.0,14.0,12.0,3.0,8.0,4.0,3.0
19,10.0,6.0,9.0,3.0,9.0,8.0,7.0
20,17.0,16.0,17.0,8.0,7.0,3.0,9.0
21,6.0,3.0,4.0,6.0,4.0,4.0,3.0
22,43.0,45.0,43.0,32.0,38.0,37.0,44.0
23,0.0,1.0,0.0,4.0,0.0,0.0,1.0
24,23.0,17.0,21.0,17.0,17.0,12.0,19.0
25,34.0,8.0,30.0,24.0,12.0,25.0,16.0
26,9.0,5.0,19.0,9.0,16.0,19.0,4.0
27,12.0,6.0,7.0,5.0,13.0,10.0,7.0
28,21.0,34.0,24.0,25.0,30.0,34.0,35.0
29,5.0,9.0,8.0,8.0,6.0,6.0,1.0
30,33.0,45.0,48.0,41.0,40.0,29.0,41.0
31,4.0,9.0,1.0,3.0,8.0,4.0,7.0
32,0.0,1.0,1.0,1.0,1.0,2.0,5.0
33,18.0,14.0,9.0,12.0,16.0,20.0,9.0
34,23.0,40.0,21.0,21.0,30.0,15.0,13.0
35,6.0,2.0,2.0,3.0,5.0,10.0,7.0
36,3.0,2.0,3.0,5.0,3.0,2.0,2.0
37,19.0,16.0,21.0,14.0,14.0,15.0,18.0
38,4.0,0.0,0.0,1.0,1.0,1.0,2.0
39,39.0,32.0,32.0,22.0,8.0,21.0,9.0
40,1.0,2.0,1.0,2.0,0.0,0.0,1.0
41,39.0,51.0,38.0,20.0,19.0,17.0,35.0
42,8.0,7.0,11.0,6.0,13.0,2.0,1.0
43,0.0,0.0,0.0,0.0,0.0,0.0,0.0
44,194.0,182.0,152.0,166.0,248.0,211.0,142.0
45,3.0,6.0,4.0,1.0,2.0,3.0,4.0
46,7.0,3.0,2.0,4.0,5.0,4.0,3.0
47,1.0,0.0,0.0,0.0,1.0,0.0,1.0
48,3.0,2.0,5.0,0.0,8.0,4.0,3.0
49,40.0,37.0,37.0,52.0,55.0,42.0,40.0
50,20.0,16.0,12.0,14.0,9.0,18.0,17.0
51,8.0,6.0,4.0,8.0,5.0,7.0,8.0
52,8.0,14.0,6.0,6.0,9.0,2.0,7.0
53,1.0,2.0,2.0,0.0,0.0,0.0,0.0
54,11.0,8.0,11.0,7.0,10.0,15.0,8.0
55,33.0,37.0,26.0,35.0,35.0,24.0,12.0
56,14.0,11.0,9.0,15.0,27.0,17.0,5.0
57,29.0,28.0,17.0,10.0,24.0,14.0,15.0
58,32.0,41.0,49.0,44.0,50.0,42.0,24.0
59,0.0,1.0,0.0,1.0,1.0,2.0,0.0
60,28.0,19.0,17.0,16.0,22.0,20.0,13.0
61,7.0,9.0,6.0,5.0,8.0,3.0,4.0
62,29.0,18.0,14.0,22.0,28.0,34.0,20.0
63,1.0,0.0,4.0,2.0,0.0,1.0,1.0
64,17.0,12.0,12.0,8.0,9.0,4.0,13.0
65,12.0,23.0,17.0,14.0,16.0,21.0,13.0
66,1.0,0.0,0.0,0.0,0.0,0.0,0.0
67,15.0,7.0,8.0,10.0,8.0,9.0,7.0
68,1.0,1.0,3.0,0.0,2.0,2.0,1.0
69,17.0,11.0,19.0,10.0,4.0,7.0,7.0
70,9.0,8.0,8.0,5.0,4.0,9.0,5.0
71,9.0,12.0,8.0,7.0,8.0,9.0,7.0
72,4.0,8.0,6.0,4.0,6.0,12.0,5.0
73,1.0,2.0,0.0,3.0,6.0,5.0,1.0
74,8.0,6.0,1.0,1.0,2.0,2.0,1.0
75,8.0,9.0,7.0,8.0,5.0,12.0,9.0
76,5.0,12.0,11.0,5.0,8.0,2.0,9.0
77,12.0,19.0,12.0,11.0,7.0,9.0,14.0
78,8.0,8.0,3.0,7.0,2.0,3.0,1.0
79,11.0,13.0,13.0,19.0,7.0,10.0,8.0
80,2.0,0.0,4.0,2.0,1.0,1.0,3.0
81,1.0,3.0,6.0,5.0,5.0,3.0,8.0
82,13.0,11.0,9.0,16.0,0.0,16.0,8.0
83,35.0,12.0,14.0,11.0,14.0,28.0,21.0
84,19.0,5.0,18.0,9.0,7.0,13.0,5.0
85,20.0,18.0,15.0,24.0,20.0,25.0,15.0
86,8.0,7.0,7.0,6.0,10.0,6.0,9.0
87,3.0,4.0,3.0,7.0,2.0,7.0,8.0
88,72.0,70.0,77.0,81.0,97.0,122.0,58.0
89,60.0,31.0,29.0,42.0,39.0,6.0,6.0
90,17.0,13.0,21.0,8.0,11.0,12.0,14.0
91,2.0,4.0,2.0,1.0,2.0,8.0,3.0
92,26.0,29.0,15.0,16.0,34.0,23.0,16.0
93,9.0,6.0,3.0,7.0,8.0,8.0,2.0
94,5.0,10.0,14.0,6.0,8.0,5.0,6.0
95,20.0,16.0,18.0,9.0,22.0,22.0,28.0
96,16.0,7.0,11.0,10.0,10.0,5.0,10.0
97,14.0,12.0,3.0,9.0,2.0,3.0,3.0
98,6.0,16.0,5.0,4.0,10.0,8.0,1.0
99,4.0,7.0,3.0,5.0,3.0,1.0,1.0
100,36.0,18.0,26.0,33.0,21.0,12.0,22.0
101,43.0,20.0,44.0,38.0,33.0,30.0,32.0
102,3.0,5.0,0.0,4.0,2.0,1.0,5.0
103,3.0,4.0,7.0,2.0,2.0,4.0,1.0
104,23.0,10.0,10.0,7.0,8.0,15.0,11.0
105,14.0,20.0,18.0,15.0,21.0,26.0,11.0
106,3.0,1.0,1.0,2.0,1.0,0.0,1.0
107,6.0,16.0,8.0,2.0,5.0,2.0,8.0
108,5.0,9.0,4.0,9.0,14.0,2.0,5.0
109,1.0,0.0,0.0,0.0,1.0,0.0,1.0
110,3.0,0.0,0.0,1.0,0.0,1.0,0.0
111,13.0,3.0,5.0,7.0,8.0,4.0,3.0
112,3.0,9.0,1.0,8.0,9.0,5.0,0.0
113,0.0,0.0,2.0,1.0,2.0,0.0,1.0
114,53.0,38.0,48.0,27.0,28.0,23.0,31.0
115,20.0,35.0,18.0,15.0,12.0,11.0,19.0
116,1.0,2.0,2.0,0.0,1.0,4.0,0.0
117,62.0,50.0,46.0,61.0,72.0,108.0,53.0
118,2.0,4.0,2.0,1.0,3.0,1.0,0.0
119,24.0,21.0,32.0,18.0,35.0,28.0,16.0
120,3.0,1.0,3.0,4.0,5.0,2.0,1.0
121,33.0,42.0,38.0,30.0,29.0,30.0,18.0
122,3.0,4.0,8.0,4.0,4.0,8.0,2.0
123,13.0,11.0,9.0,12.0,3.0,6.0,5.0
124,3.0,7.0,8.0,13.0,24.0,11.0,8.0
125,6.0,9.0,9.0,7.0,8.0,11.0,10.0
126,6.0,10.0,8.0,7.0,5.0,6.0,4.0
127,11.0,12.0,10.0,11.0,12.0,6.0,6.0
128,83.0,75.0,101.0,77.0,73.0,51.0,36.0
129,15.0,12.0,20.0,17.0,12.0,21.0,12.0
130,10.0,15.0,10.0,21.0,14.0,14.0,17.0
131,8.0,2.0,4.0,4.0,8.0,4.0,5.0
132,18.0,13.0,13.0,13.0,21.0,22.0,17.0
133,7.0,9.0,7.0,10.0,5.0,3.0,2.0
134,26.0,8.0,15.0,16.0,13.0,12.0,10.0
135,12.0,20.0,14.0,17.0,10.0,4.0,10.0
136,37.0,35.0,32.0,35.0,27.0,23.0,37.0
137,8.0,10.0,5.0,3.0,9.0,7.0,1.0
138,72.0,85.0,77.0,70.0,79.0,64.0,68.0
139,12.0,15.0,15.0,15.0,23.0,14.0,17.0
140,1.0,1.0,2.0,1.0,0.0,0.0,0.0
141,0.0,2.0,3.0,5.0,0.0,2.0,1.0
142,1.0,2.0,3.0,1.0,1.0,1.0,1.0
143,12.0,12.0,14.0,6.0,3.0,13.0,13.0
144,14.0,8.0,3.0,3.0,4.0,4.0,4.0
145,20.0,15.0,11.0,9.0,23.0,12.0,9.0
146,19.0,15.0,15.0,17.0,21.0,18.0,10.0
147,1.0,1.0,1.0,6.0,0.0,1.0,1.0
148,0.0,0.0,1.0,1.0,0.0,0.0,2.0
149,49.0,48.0,57.0,46.0,51.0,51.0,53.0
150,6.0,8.0,7.0,2.0,6.0,6.0,2.0
151,4.0,13.0,8.0,8.0,8.0,7.0,6.0
152,11.0,6.0,16.0,9.0,18.0,17.0,12.0
153,16.0,15.0,15.0,19.0,14.0,7.0,15.0
154,3.0,2.0,6.0,8.0,5.0,3.0,2.0
155,45.0,48.0,60.0,46.0,35.0,48.0,43.0
156,8.0,14.0,3.0,7.0,7.0,7.0,8.0
157,15.0,6.0,16.0,10.0,19.0,18.0,18.0
158,6.0,5.0,9.0,2.0,8.0,7.0,3.0
159,18.0,18.0,15.0,36.0,29.0,29.0,19.0
160,2.0,1.0,1.0,0.0,1.0,2.0,3.0
161,14.0,15.0,15.0,11.0,8.0,11.0,5.0
162,1.0,2.0,1.0,1.0,1.0,0.0,3.0
163,2.0,2.0,3.0,1.0,2.0,4.0,1.0
164,2.0,9.0,5.0,6.0,2.0,2.0,8.0
165,6.0,16.0,6.0,2.0,7.0,7.0,4.0
166,10.0,9.0,13.0,9.0,11.0,11.0,6.0
167,20.0,34.0,21.0,16.0,16.0,20.0,13.0
168,0.0,0.0,1.0,2.0,0.0,2.0,1.0
169,67.0,39.0,38.0,46.0,70.0,62.0,48.0
170,12.0,10.0,12.0,12.0,24.0,19.0,9.0
171,15.0,23.0,23.0,13.0,9.0,15.0,2.0
172,8.0,11.0,6.0,17.0,11.0,8.0,10.0
173,6.0,9.0,4.0,2.0,3.0,5.0,3.0
174,6.0,13.0,7.0,8.0,3.0,4.0,5.0
175,5.0,1.0,2.0,1.0,6.0,8.0,8.0
176,10.0,10.0,9.0,10.0,5.0,9.0,8.0
177,10.0,9.0,11.0,10.0,15.0,16.0,10.0
178,1.0,0.0,0.0,0.0,2.0,1.0,2.0
179,25.0,17.0,22.0,20.0,28.0,21.0,13.0
180,9.0,3.0,10.0,2.0,9.0,5.0,5.0
181,48.0,34.0,22.0,29.0,37.0,53.0,23.0
182,11.0,26.0,26.0,35.0,28.0,15.0,13.0
183,19.0,11.0,18.0,18.0,17.0,11.0,10.0
184,25.0,31.0,35.0,29.0,29.0,30.0,14.0
185,11.0,4.0,10.0,1.0,3.0,4.0,7.0
186,20.0,13.0,37.0,18.0,20.0,14.0,8.0
187,28.0,28.0,48.0,36.0,26.0,16.0,23.0
188,8.0,14.0,13.0,12.0,8.0,5.0,6.0
189,18.0,15.0,29.0,20.0,19.0,23.0,22.0
190,9.0,9.0,15.0,10.0,5.0,8.0,16.0
191,15.0,17.0,8.0,13.0,6.0,12.0,10.0
192,16.0,16.0,18.0,16.0,22.0,28.0,9.0
193,20.0,24.0,18.0,16.0,18.0,17.0,5.0
194,2.0,1.0,3.0,1.0,1.0,3.0,1.0
195,193.0,187.0,179.0,192.0,260.0,223.0,144.0
196,6.0,7.0,13.0,9.0,13.0,19.0,5.0
197,7.0,6.0,5.0,7.0,7.0,4.0,8.0
198,4.0,2.0,4.0,1.0,8.0,6.0,4.0
199,2.0,2.0,1.0,1.0,4.0,4.0,2.0
200,25.0,24.0,22.0,29.0,26.0,24.0,19.0
201,5.0,1.0,4.0,2.0,0.0,2.0,2.0
202,5.0,5.0,2.0,3.0,1.0,7.0,3.0
203,12.0,7.0,8.0,10.0,11.0,10.0,5.0
204,43.0,42.0,70.0,53.0,67.0,43.0,28.0
205,13.0,11.0,12.0,18.0,12.0,12.0,11.0
206,26.0,22.0,28.0,38.0,29.0,53.0,30.0
207,19.0,8.0,14.0,16.0,17.0,18.0,9.0
208,2.0,0.0,2.0,2.0,1.0,0.0,8.0
209,8.0,11.0,6.0,13.0,4.0,9.0,6.0
210,40.0,38.0,45.0,45.0,56.0,33.0,33.0
211,14.0,23.0,30.0,8.0,36.0,34.0,9.0
212,35.0,33.0,48.0,29.0,51.0,31.0,28.0
213,7.0,3.0,9.0,5.0,7.0,4.0,1.0
214,16.0,21.0,25.0,34.0,32.0,32.0,18.0
215,14.0,13.0,8.0,7.0,11.0,8.0,6.0
216,9.0,9.0,10.0,6.0,5.0,6.0,2.0
217,139.0,100.0,96.0,81.0,94.0,79.0,73.0
218,2.0,0.0,0.0,0.0,0.0,1.0,2.0
219,2.0,2.0,3.0,4.0,1.0,3.0,4.0
220,56.0,59.0,62.0,68.0,33.0,38.0,57.0
221,16.0,23.0,7.0,15.0,11.0,11.0,4.0
222,10.0,11.0,7.0,6.0,6.0,10.0,5.0
223,30.0,25.0,24.0,28.0,28.0,20.0,20.0
224,2.0,2.0,3.0,7.0,2.0,1.0,1.0
225,6.0,2.0,6.0,0.0,5.0,2.0,3.0
226,13.0,14.0,10.0,14.0,8.0,7.0,7.0
227,20.0,7.0,8.0,5.0,8.0,8.0,10.0
228,4.0,2.0,2.0,1.0,4.0,3.0,2.0
229,25.0,25.0,34.0,20.0,29.0,44.0,23.0
230,0.0,1.0,4.0,1.0,1.0,0.0,3.0
231,3.0,7.0,6.0,7.0,6.0,6.0,4.0
232,3.0,1.0,2.0,1.0,2.0,3.0,2.0
233,24.0,15.0,11.0,18.0,25.0,15.0,10.0
234,25.0,26.0,22.0,15.0,20.0,12.0,20.0
235,32.0,31.0,22.0,23.0,21.0,23.0,23.0
236,27.0,44.0,30.0,41.0,56.0,47.0,40.0
237,11.0,12.0,9.0,7.0,7.0,5.0,11.0
238,22.0,17.0,14.0,25.0,16.0,13.0,17.0
239,47.0,67.0,52.0,56.0,63.0,66.0,56.0
240,34.0,39.0,32.0,35.0,17.0,29.0,21.0
241,16.0,15.0,8.0,7.0,8.0,17.0,10.0
242,13.0,10.0,17.0,8.0,7.0,5.0,10.0
243,28.0,24.0,32.0,36.0,39.0,50.0,30.0
244,16.0,19.0,13.0,18.0,19.0,13.0,20.0
245,8.0,4.0,5.0,4.0,10.0,8.0,2.0
246,0.0,2.0,0.0,2.0,0.0,2.0,0.0
247,0.0,0.0,0.0,0.0,0.0,0.0,0.0
248,5.0,2.0,2.0,6.0,5.0,5.0,3.0
249,14.0,13.0,8.0,6.0,3.0,3.0,7.0
250,25.0,29.0,19.0,29.0,17.0,35.0,21.0
251,5.0,10.0,3.0,7.0,3.0,1.0,4.0
252,54.0,45.0,37.0,41.0,43.0,38.0,47.0
253,49.0,54.0,44.0,48.0,62.0,88.0,39.0
254,7.0,3.0,6.0,2.0,4.0,5.0,2.0
255,6.0,12.0,11.0,5.0,5.0,4.0,2.0
256,52.0,55.0,39.0,41.0,56.0,50.0,54.0
257,1.0,0.0,2.0,0.0,2.0,1.0,0.0
258,28.0,32.0,29.0,24.0,26.0,34.0,23.0
259,6.0,4.0,2.0,6.0,6.0,8.0,8.0
260,21.0,14.0,12.0,9.0,11.0,16.0,6.0
261,21.0,23.0,18.0,14.0,20.0,31.0,15.0
262,24.0,17.0,17.0,29.0,31.0,21.0,17.0
263,2.0,3.0,0.0,2.0,2.0,3.0,2.0
264,6.0,12.0,5.0,7.0,5.0,2.0,4.0
265,51.0,52.0,64.0,52.0,44.0,59.0,53.0
266,5.0,5.0,3.0,6.0,18.0,16.0,9.0
267,5.0,9.0,23.0,5.0,10.0,12.0,14.0
268,2.0,3.0,1.0,3.0,0.0,3.0,1.0
269,14.0,10.0,8.0,10.0,6.0,19.0,7.0
270,13.0,23.0,14.0,6.0,7.0,8.0,11.0
271,1.0,2.0,3.0,3.0,5.0,3.0,3.0
272,22.0,26.0,23.0,19.0,30.0,13.0,16.0
273,14.0,8.0,10.0,10.0,5.0,14.0,9.0
274,11.0,20.0,22.0,23.0,38.0,36.0,26.0
275,30.0,21.0,22.0,9.0,11.0,14.0,7.0
276,7.0,9.0,6.0,3.0,12.0,10.0,4.0
277,34.0,27.0,17.0,21.0,26.0,31.0,7.0
278,49.0,52.0,67.0,67.0,43.0,43.0,48.0
279,48.0,37.0,28.0,31.0,47.0,30.0,22.0
280,13.0,10.0,4.0,3.0,3.0,3.0,4.0
281,24.0,25.0,17.0,29.0,20.0,27.0,24.0
282,2.0,2.0,2.0,3.0,5.0,0.0,4.0
283,172.0,164.0,165.0,162.0,146.0,169.0,129.0
284,0.0,3.0,5.0,0.0,1.0,1.0,1.0
285,25.0,13.0,21.0,24.0,14.0,14.0,17.0
286,4.0,7.0,6.0,7.0,3.0,13.0,9.0
287,40.0,28.0,52.0,30.0,44.0,55.0,50.0
288,2.0,9.0,7.0,5.0,5.0,4.0,3.0
289,6.0,5.0,7.0,3.0,9.0,7.0,1.0
290,0.0,2.0,4.0,1.0,0.0,1.0,0.0
291,6.0,5.0,4.0,7.0,2.0,4.0,2.0
292,2.0,0.0,0.0,1.0,2.0,1.0,4.0
293,9.0,8.0,9.0,9.0,5.0,15.0,2.0
294,12.0,20.0,14.0,2.0,7.0,6.0,4.0
295,7.0,6.0,8.0,10.0,5.0,9.0,10.0
296,22.0,19.0,31.0,28.0,44.0,34.0,30.0
297,19.0,25.0,16.0,24.0,13.0,14.0,15.0
298,49.0,38.0,31.0,42.0,52.0,41.0,28.0
299,44.0,55.0,43.0,52.0,74.0,84.0,32.0
300,1.0,6.0,10.0,8.0,7.0,1.0,5.0
301,0.0,1.0,1.0,0.0,1.0,1.0,0.0
302,0.0,0.0,2.0,3.0,3.0,0.0,1.0
303,21.0,8.0,6.0,14.0,12.0,13.0,10.0
304,47.0,47.0,27.0,43.0,55.0,32.0,29.0
305,36.0,26.0,39.0,35.0,28.0,27.0,29.0
306,7.0,14.0,14.0,7.0,4.0,8.0,5.0
307,7.0,9.0,10.0,14.0,10.0,15.0,8.0
308,8.0,3.0,8.0,3.0,2.0,6.0,2.0
309,7.0,7.0,11.0,10.0,6.0,6.0,7.0
310,12.0,13.0,9.0,15.0,20.0,19.0,21.0
311,14.0,8.0,11.0,7.0,5.0,3.0,3.0
312,22.0,26.0,15.0,13.0,22.0,31.0,20.0
313,14.0,11.0,10.0,6.0,2.0,4.0,9.0
314,3.0,5.0,2.0,7.0,3.0,1.0,1.0
315,18.0,18.0,16.0,27.0,26.0,18.0,17.0
316,6.0,12.0,2.0,10.0,5.0,5.0,5.0
317,2.0,3.0,3.0,1.0,1.0,3.0,3.0
318,17.0,22.0,18.0,15.0,24.0,23.0,21.0
319,9.0,10.0,15.0,20.0,12.0,24.0,11.0
320,62.0,71.0,45.0,46.0,85.0,87.0,42.0
321,3.0,15.0,11.0,7.0,8.0,4.0,5.0
322,6.0,11.0,8.0,2.0,8.0,1.0,3.0
323,11.0,32.0,14.0,24.0,20.0,22.0,14.0
324,10.0,9.0,5.0,3.0,5.0,7.0,5.0
325,38.0,57.0,37.0,42.0,22.0,33.0,23.0
326,282.0,240.0,218.0,247.0,233.0,274.0,237.0
327,13.0,5.0,2.0,9.0,1.0,4.0,7.0
328,28.0,17.0,22.0,24.0,29.0,19.0,21.0
329,1.0,3.0,1.0,2.0,3.0,4.0,0.0
330,26.0,40.0,21.0,47.0,100.0,81.0,31.0
331,4.0,4.0,4.0,8.0,1.0,3.0,2.0
332,13.0,24.0,14.0,31.0,24.0,29.0,13.0
333,5.0,5.0,8.0,6.0,12.0,7.0,4.0
334,3.0,9.0,5.0,1.0,5.0,6.0,5.0
335,59.0,66.0,53.0,70.0,48.0,33.0,26.0
336,286.0,265.0,267.0,241.0,254.0,278.0,248.0
337,18.0,13.0,8.0,16.0,12.0,23.0,7.0
338,19.0,23.0,21.0,18.0,42.0,37.0,22.0
339,10.0,11.0,14.0,12.0,18.0,12.0,6.0
340,9.0,6.0,2.0,7.0,3.0,2.0,1.0
341,24.0,21.0,31.0,20.0,24.0,31.0,26.0
342,6.0,13.0,6.0,9.0,9.0,5.0,9.0
343,31.0,44.0,51.0,34.0,32.0,42.0,22.0
344,43.0,46.0,52.0,40.0,39.0,39.0,40.0
345,21.0,22.0,18.0,25.0,36.0,23.0,19.0
346,1.0,9.0,3.0,2.0,2.0,3.0,0.0
347,44.0,33.0,42.0,43.0,41.0,46.0,38.0
348,10.0,12.0,13.0,7.0,18.0,9.0,10.0
349,0.0,1.0,0.0,2.0,0.0,0.0,0.0
350,2.0,0.0,1.0,1.0,1.0,0.0,0.0
351,6.0,11.0,10.0,7.0,4.0,0.0,7.0
352,3.0,3.0,5.0,5.0,1.0,0.0,3.0
353,2.0,1.0,5.0,1.0,4.0,3.0,1.0
354,0.0,1.0,1.0,0.0,0.0,0.0,2.0
355,12.0,9.0,10.0,12.0,6.0,10.0,10.0
356,25.0,33.0,25.0,39.0,19.0,33.0,22.0
357,0.0,0.0,0.0,0.0,0.0,0.0,1.0
358,9.0,35.0,23.0,9.0,7.0,16.0,15.0
359,16.0,24.0,21.0,20.0,15.0,20.0,10.0
360,23.0,21.0,17.0,16.0,22.0,22.0,7.0
361,9.0,13.0,5.0,6.0,4.0,4.0,0.0
362,8.0,13.0,5.0,14.0,19.0,13.0,6.0
363,2.0,7.0,5.0,5.0,2.0,2.0,12.0
364,172.0,164.0,146.0,138.0,162.0,196.0,135.0
365,18.0,20.0,25.0,19.0,26.0,25.0,13.0
366,3.0,4.0,3.0,0.0,0.0,3.0,2.0
367,0.0,0.0,0.0,0.0,0.0,0.0,0.0
368,4.0,2.0,5.0,0.0,0.0,0.0,0.0
369,48.0,35.0,30.0,45.0,47.0,45.0,28.0
370,5.0,16.0,5.0,6.0,14.0,11.0,12.0
371,3.0,1.0,3.0,0.0,3.0,1.0,1.0
372,0.0,0.0,2.0,0.0,0.0,0.0,0.0
373,10.0,12.0,16.0,22.0,22.0,17.0,11.0
374,7.0,2.0,0.0,5.0,1.0,0.0,2.0
375,76.0,90.0,129.0,118.0,119.0,103.0,73.0
376,13.0,18.0,16.0,13.0,21.0,8.0,11.0
377,2.0,1.0,3.0,7.0,3.0,1.0,3.0
378,22.0,17.0,22.0,10.0,12.0,9.0,9.0
379,15.0,16.0,13.0,12.0,17.0,11.0,5.0
380,53.0,47.0,38.0,32.0,46.0,54.0,31.0
381,4.0,4.0,3.0,3.0,3.0,1.0,4.0
382,6.0,8.0,2.0,2.0,3.0,4.0,13.0
383,7.0,16.0,10.0,8.0,3.0,4.0,12.0
384,13.0,15.0,12.0,10.0,10.0,3.0,7.0
385,26.0,18.0,32.0,16.0,14.0,27.0,21.0
386,22.0,14.0,12.0,10.0,20.0,26.0,7.0
387,9.0,2.0,8.0,10.0,11.0,6.0,9.0
388,13.0,11.0,10.0,5.0,5.0,11.0,6.0
389,6.0,7.0,6.0,14.0,3.0,6.0,11.0
390,6.0,1.0,3.0,3.0,9.0,2.0,2.0
391,20.0,17.0,19.0,18.0,17.0,18.0,18.0
392,1.0,1.0,0.0,0.0,0.0,1.0,2.0
393,2.0,4.0,3.0,4.0,12.0,7.0,1.0
394,14.0,19.0,16.0,17.0,22.0,26.0,17.0
395,27.0,32.0,28.0,18.0,19.0,18.0,17.0
396,21.0,9.0,9.0,5.0,9.0,8.0,6.0
397,12.0,8.0,10.0,17.0,6.0,11.0,9.0
398,12.0,15.0,12.0,7.0,11.0,9.0,12.0
399,20.0,21.0,26.0,26.0,18.0,29.0,9.0
400,3.0,1.0,3.0,2.0,2.0,5.0,6.0
401,5.0,10.0,6.0,16.0,1.0,3.0,4.0
402,19.0,14.0,9.0,11.0,9.0,3.0,4.0
403,199.0,210.0,184.0,206.0,168.0,212.0,171.0
404,39.0,25.0,25.0,23.0,56.0,61.0,30.0
405,0.0,0.0,1.0,2.0,0.0,1.0,0.0
406,6.0,14.0,11.0,7.0,6.0,4.0,4.0
407,21.0,26.0,14.0,18.0,16.0,27.0,20.0
408,64.0,76.0,68.0,61.0,61.0,78.0,60.0
409,6.0,2.0,5.0,4.0,1.0,2.0,2.0
410,4.0,8.0,3.0,2.0,5.0,1.0,7.0
411,3.0,4.0,2.0,4.0,4.0,0.0,4.0
412,14.0,7.0,12.0,11.0,8.0,8.0,1.0
413,10.0,8.0,11.0,9.0,8.0,8.0,9.0
414,23.0,19.0,21.0,26.0,25.0,42.0,25.0
415,2.0,1.0,1.0,2.0,2.0,0.0,3.0
416,39.0,52.0,35.0,42.0,49.0,37.0,38.0
417,5.0,8.0,7.0,5.0,18.0,10.0,9.0
418,30.0,29.0,25.0,32.0,38.0,36.0,28.0
419,7.0,18.0,12.0,6.0,6.0,9.0,8.0
420,0.0,0.0,2.0,0.0,1.0,0.0,0.0
421,57.0,26.0,17.0,71.0,51.0,61.0,44.0
422,14.0,15.0,19.0,25.0,26.0,13.0,14.0
423,6.0,6.0,6.0,7.0,5.0,3.0,4.0
424,3.0,0.0,4.0,3.0,3.0,8.0,3.0
425,121.0,100.0,101.0,155.0,145.0,131.0,133.0
426,26.0,17.0,25.0,18.0,12.0,12.0,6.0
427,10.0,10.0,6.0,4.0,8.0,4.0,4.0
428,6.0,10.0,3.0,5.0,5.0,7.0,5.0
429,15.0,28.0,7.0,3.0,15.0,28.0,22.0
430,8.0,3.0,3.0,10.0,6.0,5.0,5.0
431,67.0,63.0,61.0,49.0,53.0,62.0,59.0
432,19.0,10.0,11.0,12.0,11.0,10.0,13.0
433,0.0,1.0,2.0,1.0,0.0,2.0,2.0
434,8.0,10.0,11.0,10.0,9.0,12.0,6.0
435,13.0,20.0,16.0,15.0,19.0,16.0,19.0
436,59.0,51.0,68.0,44.0,32.0,63.0,40.0
437,23.0,8.0,8.0,7.0,7.0,7.0,11.0
438,7.0,11.0,11.0,6.0,9.0,4.0,7.0
439,24.0,16.0,14.0,8.0,13.0,7.0,9.0
440,2.0,5.0,0.0,3.0,1.0,0.0,3.0
441,18.0,12.0,13.0,17.0,17.0,23.0,17.0
442,15.0,16.0,17.0,21.0,21.0,15.0,9.0
443,5.0,3.0,8.0,1.0,5.0,3.0,6.0
444,3.0,3.0,1.0,5.0,2.0,0.0,3.0
445,32.0,18.0,15.0,27.0,25.0,16.0,27.0
446,19.0,21.0,18.0,24.0,25.0,18.0,8.0
447,151.0,120.0,80.0,99.0,66.0,50.0,71.0
448,0.0,2.0,0.0,0.0,0.0,2.0,0.0
449,5.0,4.0,10.0,6.0,4.0,6.0,4.0
450,0.0,1.0,1.0,0.0,1.0,0.0,1.0
451,106.0,122.0,103.0,86.0,119.0,132.0,94.0
452,4.0,1.0,2.0,3.0,2.0,1.0,0.0
453,7.0,5.0,3.0,0.0,1.0,2.0,2.0
454,5.0,4.0,1.0,5.0,3.0,3.0,2.0
455,14.0,11.0,30.0,37.0,37.0,19.0,20.0
456,32.0,17.0,31.0,29.0,39.0,41.0,17.0
457,6.0,2.0,1.0,3.0,3.0,1.0,0.0
458,16.0,15.0,9.0,21.0,10.0,16.0,14.0
459,30.0,29.0,37.0,47.0,66.0,54.0,27.0
460,10.0,13.0,10.0,7.0,0.0,3.0,6.0
461,0.0,1.0,4.0,8.0,4.0,4.0,0.0
462,8.0,8.0,11.0,11.0,13.0,10.0,7.0
463,3.0,3.0,2.0,5.0,1.0,5.0,5.0
464,17.0,14.0,10.0,10.0,8.0,8.0,11.0
465,11.0,11.0,0.0,9.0,10.0,10.0,8.0
466,29.0,15.0,26.0,19.0,17.0,22.0,12.0
467,36.0,31.0,14.0,28.0,23.0,15.0,19.0
468,21.0,16.0,25.0,10.0,27.0,22.0,10.0
469,6.0,0.0,2.0,1.0,2.0,0.0,0.0
470,6.0,9.0,2.0,5.0,3.0,2.0,3.0
471,7.0,9.0,10.0,4.0,3.0,2.0,1.0
472,55.0,39.0,45.0,34.0,43.0,51.0,22.0
473,1.0,1.0,1.0,0.0,3.0,0.0,2.0
474,6.0,3.0,6.0,3.0,2.0,4.0,2.0
475,84.0,41.0,80.0,79.0,57.0,16.0,12.0
476,12.0,6.0,9.0,6.0,6.0,4.0,5.0
477,12.0,7.0,10.0,5.0,16.0,7.0,5.0
478,7.0,4.0,2.0,4.0,3.0,7.0,2.0
479,1.0,2.0,0.0,0.0,6.0,1.0,1.0
480,14.0,9.0,5.0,7.0,4.0,6.0,5.0
481,5.0,8.0,5.0,2.0,5.0,6.0,3.0
482,37.0,24.0,18.0,21.0,31.0,28.0,29.0
483,0.0,2.0,1.0,3.0,1.0,0.0,1.0
484,17.0,16.0,16.0,5.0,9.0,9.0,5.0
485,4.0,3.0,5.0,8.0,5.0,1.0,6.0
486,1.0,0.0,0.0,1.0,0.0,1.0,0.0
487,3.0,1.0,2.0,2.0,4.0,2.0,1.0
488,0.0,1.0,0.0,1.0,1.0,0.0,0.0
489,2.0,3.0,3.0,2.0,1.0,0.0,3.0
490,31.0,36.0,28.0,21.0,27.0,37.0,28.0
491,1.0,7.0,5.0,2.0,4.0,2.0,2.0
492,9.0,2.0,3.0,2.0,2.0,4.0,3.0
493,4.0,2.0,2.0,5.0,4.0,0.0,2.0
494,29.0,16.0,27.0,25.0,27.0,15.0,28.0
495,10.0,11.0,5.0,7.0,11.0,8.0,6.0
496,48.0,62.0,61.0,64.0,28.0,33.0,24.0
497,31.0,26.0,48.0,41.0,34.0,37.0,37.0
498,1.0,1.0,4.0,1.0,2.0,7.0,3.0
499,28.0,24.0,12.0,16.0,14.0,26.0,10.0
500,93.0,77.0,101.0,72.0,136.0,145.0,73.0
501,44.0,35.0,35.0,26.0,29.0,20.0,23.0
502,16.0,16.0,16.0,12.0,31.0,35.0,14.0
503,8.0,17.0,13.0,22.0,14.0,15.0,12.0
504,5.0,1.0,1.0,4.0,3.0,3.0,4.0
505,4.0,5.0,7.0,2.0,0.0,1.0,4.0
506,15.0,10.0,4.0,16.0,15.0,14.0,12.0
507,8.0,6.0,7.0,3.0,5.0,3.0,2.0
508,0.0,3.0,1.0,0.0,0.0,0.0,1.0
509,34.0,43.0,41.0,45.0,37.0,44.0,41.0
510,0.0,2.0,2.0,0.0,2.0,2.0,3.0
511,44.0,40.0,34.0,43.0,30.0,40.0,25.0
512,11.0,11.0,2.0,8.0,4.0,2.0,1.0
513,17.0,35.0,23.0,15.0,18.0,7.0,9.0
514,4.0,4.0,2.0,1.0,3.0,0.0,2.0
515,4.0,2.0,2.0,2.0,2.0,2.0,2.0
516,8.0,11.0,4.0,6.0,3.0,6.0,5.0
517,36.0,52.0,43.0,32.0,46.0,57.0,33.0
518,9.0,10.0,10.0,7.0,5.0,11.0,4.0
519,27.0,17.0,28.0,20.0,20.0,23.0,25.0
520,72.0,76.0,52.0,63.0,63.0,61.0,61.0
521,20.0,11.0,10.0,9.0,11.0,11.0,10.0
522,156.0,166.0,147.0,177.0,180.0,188.0,157.0
523,5.0,4.0,5.0,1.0,6.0,3.0,3.0
524,1.0,5.0,3.0,2.0,2.0,3.0,4.0
525,4.0,4.0,4.0,7.0,9.0,4.0,1.0
526,20.0,27.0,21.0,12.0,18.0,18.0,18.0
527,7.0,11.0,13.0,6.0,3.0,1.0,6.0
528,19.0,14.0,12.0,20.0,19.0,19.0,21.0
529,19.0,12.0,9.0,5.0,5.0,4.0,9.0
530,15.0,12.0,20.0,9.0,14.0,8.0,12.0
531,30.0,17.0,16.0,31.0,29.0,19.0,24.0
532,14.0,4.0,3.0,2.0,5.0,1.0,5.0
533,1.0,2.0,1.0,0.0,0.0,1.0,2.0
534,4.0,6.0,5.0,4.0,7.0,11.0,1.0
535,13.0,12.0,15.0,6.0,17.0,15.0,12.0
536,3.0,1.0,0.0,1.0,2.0,2.0,1.0
537,79.0,59.0,57.0,72.0,67.0,68.0,51.0
538,3.0,1.0,2.0,5.0,4.0,3.0,6.0
539,25.0,18.0,19.0,15.0,13.0,19.0,10.0
540,3.0,2.0,4.0,2.0,3.0,3.0,4.0
541,6.0,6.0,10.0,4.0,4.0,6.0,3.0
542,14.0,9.0,11.0,8.0,7.0,6.0,1.0
543,8.0,4.0,9.0,8.0,4.0,4.0,4.0
544,9.0,11.0,5.0,8.0,14.0,13.0,12.0
545,7.0,9.0,10.0,3.0,9.0,4.0,7.0
546,22.0,24.0,19.0,21.0,21.0,14.0,15.0
547,5.0,5.0,4.0,2.0,1.0,8.0,3.0
548,22.0,20.0,16.0,11.0,15.0,18.0,12.0
549,31.0,16.0,23.0,23.0,26.0,18.0,4.0
550,26.0,26.0,26.0,30.0,15.0,20.0,22.0
551,11.0,12.0,8.0,6.0,16.0,4.0,6.0
552,11.0,11.0,8.0,7.0,6.0,14.0,7.0
553,5.0,7.0,7.0,13.0,14.0,10.0,6.0
554,84.0,93.0,102.0,106.0,146.0,129.0,109.0
555,19.0,22.0,21.0,17.0,7.0,11.0,15.0
556,4.0,6.0,5.0,4.0,9.0,9.0,2.0
557,29.0,24.0,25.0,25.0,17.0,6.0,24.0
558,3.0,4.0,7.0,8.0,3.0,8.0,8.0
559,8.0,17.0,16.0,12.0,7.0,11.0,14.0
560,49.0,52.0,39.0,41.0,41.0,40.0,31.0
561,0.0,0.0,0.0,0.0,0.0,0.0,2.0
562,3.0,8.0,4.0,7.0,1.0,2.0,3.0
563,13.0,8.0,14.0,16.0,17.0,13.0,13.0
564,33.0,50.0,41.0,42.0,62.0,51.0,36.0
565,36.0,29.0,26.0,30.0,26.0,22.0,17.0
566,12.0,14.0,15.0,16.0,19.0,21.0,9.0
567,0.0,0.0,5.0,0.0,0.0,0.0,1.0
568,19.0,19.0,36.0,32.0,28.0,39.0,14.0
569,5.0,6.0,9.0,5.0,5.0,4.0,3.0
570,39.0,30.0,25.0,34.0,36.0,22.0,32.0
571,9.0,10.0,4.0,5.0,3.0,1.0,3.0
572,35.0,24.0,26.0,20.0,11.0,11.0,9.0
573,6.0,8.0,9.0,8.0,9.0,8.0,1.0
574,7.0,4.0,5.0,5.0,4.0,2.0,2.0
575,4.0,16.0,10.0,9.0,12.0,5.0,5.0
576,14.0,12.0,14.0,10.0,9.0,18.0,10.0
577,38.0,44.0,32.0,29.0,33.0,38.0,29.0
578,0.0,0.0,0.0,1.0,1.0,2.0,0.0
579,8.0,16.0,7.0,9.0,8.0,8.0,6.0
580,54.0,50.0,56.0,57.0,55.0,64.0,32.0
581,0.0,1.0,0.0,1.0,0.0,0.0,0.0
582,3.0,3.0,4.0,4.0,7.0,4.0,5.0
583,9.0,7.0,7.0,11.0,13.0,10.0,5.0
584,24.0,37.0,43.0,35.0,35.0,36.0,27.0
585,8.0,8.0,7.0,2.0,4.0,2.0,1.0
586,3.0,2.0,3.0,2.0,2.0,3.0,3.0
587,12.0,13.0,9.0,17.0,20.0,19.0,14.0
588,11.0,14.0,15.0,16.0,17.0,10.0,19.0
589,12.0,10.0,14.0,7.0,9.0,25.0,16.0
590,1.0,0.0,2.0,5.0,4.0,2.0,1.0
591,15.0,15.0,24.0,12.0,35.0,24.0,11.0
592,47.0,37.0,31.0,33.0,25.0,41.0,30.0
593,14.0,18.0,13.0,5.0,3.0,6.0,5.0
594,22.0,11.0,9.0,5.0,6.0,14.0,6.0
595,10.0,10.0,12.0,17.0,3.0,3.0,4.0
596,16.0,8.0,17.0,10.0,24.0,17.0,14.0
597,9.0,9.0,12.0,8.0,6.0,6.0,6.0
598,5.0,0.0,0.0,1.0,1.0,1.0,1.0
599,6.0,4.0,1.0,3.0,1.0,4.0,3.0
600,15.0,11.0,13.0,16.0,5.0,3.0,8.0
601,3.0,5.0,0.0,5.0,5.0,2.0,1.0
602,0.0,2.0,0.0,0.0,0.0,2.0,1.0
603,2.0,0.0,1.0,1.0,0.0,2.0,0.0
604,1.0,2.0,3.0,4.0,3.0,2.0,2.0
605,23.0,15.0,13.0,22.0,17.0,15.0,16.0
606,50.0,51.0,37.0,43.0,42.0,42.0,44.0
607,9.0,10.0,3.0,5.0,6.0,5.0,7.0
608,4.0,2.0,2.0,5.0,4.0,4.0,1.0
609,0.0,0.0,0.0,1.0,0.0,3.0,2.0
610,12.0,14.0,24.0,10.0,27.0,17.0,11.0
611,3.0,2.0,2.0,1.0,3.0,3.0,3.0
612,15.0,5.0,8.0,5.0,6.0,10.0,2.0
613,3.0,8.0,12.0,6.0,11.0,13.0,6.0
614,53.0,56.0,49.0,91.0,83.0,71.0,66.0
615,28.0,35.0,26.0,24.0,27.0,26.0,35.0
616,35.0,48.0,36.0,31.0,38.0,33.0,27.0
617,2.0,10.0,10.0,6.0,5.0,8.0,4.0
618,20.0,6.0,13.0,10.0,10.0,6.0,16.0
619,94.0,105.0,97.0,93.0,125.0,126.0,106.0
620,9.0,12.0,23.0,12.0,24.0,11.0,14.0
621,9.0,5.0,6.0,3.0,2.0,2.0,1.0
622,23.0,29.0,18.0,13.0,30.0,24.0,11.0
623,15.0,8.0,12.0,3.0,5.0,7.0,15.0
624,3.0,4.0,3.0,1.0,4.0,6.0,3.0
625,6.0,6.0,13.0,12.0,11.0,17.0,10.0
626,0.0,2.0,1.0,2.0,1.0,4.0,2.0
627,0.0,1.0,0.0,1.0,1.0,0.0,2.0
628,14.0,17.0,18.0,14.0,20.0,25.0,14.0
629,10.0,9.0,9.0,13.0,12.0,12.0,19.0
630,2.0,7.0,5.0,4.0,2.0,10.0,10.0
631,2.0,1.0,2.0,0.0,2.0,0.0,1.0
632,5.0,8.0,3.0,1.0,1.0,5.0,5.0
633,6.0,4.0,8.0,3.0,8.0,4.0,3.0
634,1.0,0.0,1.0,0.0,0.0,1.0,0.0
635,10.0,1.0,2.0,6.0,6.0,1.0,0.0
636,7.0,15.0,14.0,7.0,8.0,3.0,3.0
637,10.0,4.0,10.0,7.0,4.0,3.0,4.0
638,23.0,29.0,31.0,17.0,19.0,22.0,14.0
639,23.0,10.0,19.0,10.0,13.0,10.0,9.0
640,39.0,44.0,37.0,37.0,42.0,27.0,35.0
641,0.0,2.0,1.0,7.0,0.0,3.0,2.0
642,11.0,8.0,5.0,3.0,3.0,4.0,6.0
643,5.0,0.0,7.0,2.0,1.0,5.0,4.0
644,7.0,8.0,8.0,6.0,7.0,5.0,5.0
645,1.0,2.0,0.0,1.0,3.0,4.0,4.0
646,7.0,1.0,2.0,4.0,3.0,2.0,2.0
647,152.0,140.0,118.0,124.0,126.0,124.0,122.0
648,4.0,1.0,5.0,8.0,5.0,6.0,4.0
649,2.0,0.0,2.0,0.0,4.0,2.0,2.0
650,5.0,7.0,5.0,5.0,7.0,11.0,3.0
651,25.0,20.0,19.0,16.0,8.0,9.0,6.0
652,9.0,11.0,14.0,13.0,26.0,18.0,10.0
653,1.0,2.0,0.0,3.0,3.0,4.0,1.0
654,22.0,14.0,18.0,14.0,17.0,12.0,12.0
655,11.0,5.0,3.0,7.0,3.0,3.0,6.0
656,17.0,25.0,21.0,12.0,4.0,4.0,5.0
657,9.0,8.0,6.0,7.0,9.0,7.0,3.0
658,13.0,6.0,12.0,4.0,11.0,8.0,12.0
659,3.0,10.0,16.0,7.0,8.0,12.0,10.0
660,8.0,4.0,2.0,5.0,2.0,4.0,1.0
661,27.0,19.0,37.0,27.0,23.0,21.0,23.0
662,8.0,8.0,4.0,5.0,3.0,2.0,3.0
663,2.0,5.0,4.0,4.0,2.0,3.0,4.0
664,11.0,13.0,12.0,16.0,12.0,14.0,18.0
665,33.0,28.0,29.0,40.0,62.0,86.0,29.0
666,10.0,17.0,8.0,7.0,14.0,7.0,14.0
667,15.0,18.0,23.0,21.0,14.0,12.0,16.0
668,20.0,17.0,15.0,17.0,30.0,38.0,13.0
669,41.0,43.0,40.0,41.0,43.0,44.0,44.0
670,10.0,27.0,12.0,7.0,10.0,15.0,14.0
671,61.0,43.0,39.0,53.0,70.0,58.0,48.0
672,21.0,9.0,14.0,6.0,16.0,11.0,13.0
673,17.0,10.0,11.0,13.0,10.0,6.0,6.0
674,11.0,19.0,7.0,12.0,11.0,4.0,10.0
675,58.0,89.0,69.0,85.0,69.0,68.0,71.0
676,28.0,16.0,15.0,16.0,39.0,27.0,23.0
677,20.0,20.0,12.0,12.0,10.0,15.0,8.0
678,1.0,1.0,0.0,0.0,0.0,0.0,0.0
679,40.0,26.0,28.0,32.0,53.0,29.0,17.0
680,3.0,4.0,5.0,10.0,6.0,6.0,3.0
681,21.0,25.0,27.0,29.0,22.0,16.0,17.0
682,8.0,4.0,15.0,11.0,7.0,5.0,18.0
683,16.0,32.0,16.0,32.0,27.0,25.0,29.0
684,8.0,16.0,14.0,5.0,21.0,5.0,15.0
685,2.0,3.0,1.0,3.0,1.0,3.0,1.0
686,7.0,13.0,10.0,6.0,10.0,12.0,4.0
687,3.0,8.0,11.0,8.0,14.0,17.0,7.0
688,0.0,2.0,0.0,1.0,0.0,1.0,3.0
689,12.0,11.0,2.0,6.0,4.0,16.0,7.0
690,3.0,3.0,3.0,3.0,0.0,4.0,2.0
691,3.0,2.0,6.0,1.0,4.0,3.0,2.0
692,16.0,24.0,28.0,26.0,44.0,29.0,19.0
693,6.0,4.0,9.0,8.0,7.0,3.0,3.0
694,3.0,4.0,4.0,1.0,3.0,0.0,0.0
695,134.0,102.0,114.0,109.0,171.0,123.0,87.0
696,1.0,1.0,1.0,0.0,0.0,4.0,0.0
697,14.0,12.0,8.0,11.0,17.0,12.0,5.0
698,0.0,1.0,0.0,1.0,1.0,2.0,0.0
699,1.0,0.0,5.0,3.0,3.0,4.0,0.0
700,0.0,0.0,0.0,0.0,0.0,0.0,0.0
701,13.0,3.0,10.0,18.0,5.0,4.0,1.0
702,17.0,8.0,18.0,10.0,20.0,24.0,7.0
703,0.0,0.0,0.0,0.0,0.0,0.0,0.0
704,10.0,10.0,14.0,10.0,7.0,3.0,8.0
705,22.0,18.0,27.0,26.0,22.0,34.0,17.0
706,17.0,9.0,6.0,9.0,11.0,8.0,10.0
707,5.0,5.0,4.0,6.0,1.0,2.0,5.0
708,18.0,12.0,13.0,8.0,21.0,10.0,8.0
709,1.0,7.0,13.0,9.0,8.0,8.0,4.0
710,18.0,22.0,12.0,10.0,11.0,14.0,19.0
711,13.0,15.0,12.0,10.0,14.0,8.0,9.0
712,28.0,21.0,19.0,19.0,20.0,35.0,30.0
713,13.0,9.0,10.0,11.0,12.0,12.0,6.0
714,14.0,14.0,19.0,12.0,11.0,20.0,18.0
715,64.0,45.0,47.0,49.0,63.0,71.0,44.0
716,12.0,7.0,11.0,9.0,6.0,4.0,12.0
717,8.0,18.0,8.0,12.0,10.0,9.0,8.0
718,13.0,6.0,11.0,6.0,3.0,7.0,7.0
719,5.0,4.0,7.0,8.0,6.0,9.0,5.0
720,1.0,0.0,2.0,1.0,2.0,0.0,1.0
721,7.0,7.0,18.0,8.0,7.0,13.0,5.0
722,14.0,4.0,9.0,7.0,1.0,7.0,4.0
723,7.0,11.0,8.0,1.0,5.0,10.0,5.0
724,20.0,41.0,17.0,27.0,40.0,20.0,19.0
725,23.0,19.0,16.0,23.0,10.0,11.0,8.0
726,10.0,8.0,14.0,8.0,6.0,7.0,7.0
727,102.0,106.0,102.0,71.0,65.0,56.0,41.0
728,3.0,6.0,2.0,2.0,1.0,1.0,2.0
729,58.0,53.0,61.0,59.0,45.0,71.0,55.0
730,6.0,3.0,3.0,2.0,1.0,5.0,2.0
731,12.0,10.0,8.0,14.0,14.0,14.0,16.0
732,16.0,17.0,7.0,13.0,9.0,10.0,11.0
733,5.0,1.0,4.0,4.0,5.0,8.0,1.0
734,25.0,27.0,11.0,30.0,35.0,33.0,29.0
735,32.0,32.0,11.0,20.0,14.0,23.0,14.0
736,1.0,4.0,0.0,2.0,1.0,1.0,2.0
737,71.0,83.0,99.0,71.0,59.0,39.0,74.0
738,18.0,26.0,23.0,10.0,26.0,24.0,16.0
739,4.0,13.0,8.0,7.0,4.0,5.0,3.0
740,17.0,28.0,14.0,20.0,15.0,15.0,18.0
741,6.0,7.0,7.0,4.0,3.0,3.0,5.0
742,14.0,15.0,8.0,18.0,17.0,15.0,19.0
743,0.0,0.0,2.0,1.0,0.0,0.0,0.0
744,20.0,32.0,30.0,18.0,31.0,15.0,5.0
745,1.0,6.0,6.0,0.0,2.0,1.0,1.0
746,31.0,37.0,39.0,29.0,46.0,43.0,24.0
747,30.0,30.0,28.0,38.0,33.0,31.0,20.0
748,30.0,20.0,25.0,16.0,15.0,18.0,11.0
749,1.0,0.0,2.0,0.0,0.0,0.0,0.0
750,25.0,28.0,21.0,28.0,23.0,36.0,26.0
751,15.0,6.0,11.0,10.0,14.0,7.0,12.0
752,11.0,23.0,10.0,9.0,12.0,9.0,7.0
753,6.0,9.0,8.0,10.0,7.0,5.0,4.0
754,5.0,7.0,0.0,0.0,2.0,2.0,0.0
755,28.0,22.0,19.0,23.0,15.0,26.0,26.0
756,23.0,17.0,22.0,14.0,21.0,9.0,16.0
757,15.0,21.0,21.0,20.0,27.0,29.0,26.0
758,1.0,1.0,0.0,1.0,0.0,3.0,2.0
759,11.0,17.0,5.0,4.0,5.0,3.0,2.0
760,6.0,10.0,5.0,4.0,6.0,3.0,7.0
761,11.0,6.0,11.0,10.0,14.0,5.0,10.0
762,6.0,3.0,6.0,6.0,5.0,4.0,3.0
763,31.0,32.0,34.0,29.0,24.0,13.0,22.0
764,6.0,11.0,3.0,11.0,11.0,4.0,2.0
765,5.0,2.0,4.0,2.0,4.0,6.0,2.0
766,5.0,5.0,4.0,6.0,5.0,7.0,8.0
767,76.0,60.0,59.0,58.0,69.0,75.0,57.0
768,16.0,8.0,8.0,7.0,5.0,3.0,6.0
769,13.0,18.0,13.0,21.0,29.0,17.0,14.0
770,5.0,5.0,5.0,2.0,8.0,3.0,4.0
771,27.0,24.0,31.0,16.0,28.0,34.0,25.0
772,34.0,24.0,30.0,47.0,34.0,24.0,32.0
773,44.0,30.0,33.0,23.0,35.0,41.0,20.0
774,64.0,65.0,60.0,58.0,62.0,47.0,59.0
775,23.0,29.0,31.0,24.0,32.0,33.0,19.0
776,27.0,31.0,27.0,26.0,31.0,25.0,12.0
777,7.0,5.0,5.0,7.0,11.0,3.0,3.0
778,9.0,5.0,13.0,7.0,3.0,11.0,2.0
779,19.0,19.0,19.0,12.0,12.0,24.0,11.0
780,1.0,3.0,3.0,1.0,2.0,1.0,2.0
781,33.0,28.0,29.0,32.0,50.0,51.0,23.0
782,31.0,20.0,31.0,31.0,30.0,41.0,28.0
783,9.0,5.0,11.0,7.0,6.0,5.0,6.0
784,15.0,16.0,27.0,23.0,17.0,35.0,28.0
785,5.0,3.0,1.0,1.0,5.0,5.0,2.0
786,26.0,8.0,9.0,19.0,29.0,24.0,13.0
787,23.0,47.0,35.0,27.0,36.0,31.0,28.0
788,11.0,12.0,8.0,7.0,7.0,9.0,2.0
789,17.0,17.0,17.0,19.0,14.0,7.0,9.0
790,1.0,10.0,10.0,7.0,5.0,5.0,3.0
791,17.0,12.0,19.0,12.0,21.0,20.0,12.0
792,2.0,0.0,0.0,0.0,0.0,0.0,0.0
793,3.0,2.0,5.0,4.0,9.0,3.0,5.0
794,3.0,2.0,5.0,1.0,2.0,1.0,1.0
795,7.0,5.0,0.0,2.0,2.0,1.0,1.0
796,8.0,13.0,6.0,6.0,7.0,9.0,6.0
797,35.0,36.0,26.0,42.0,33.0,31.0,22.0
798,12.0,6.0,10.0,10.0,5.0,9.0,5.0
799,468.0,578.0,656.0,583.0,636.0,622.0,581.0
800,13.0,7.0,15.0,4.0,3.0,7.0,6.0
801,8.0,7.0,1.0,4.0,11.0,1.0,4.0
802,46.0,25.0,29.0,27.0,34.0,28.0,28.0
803,2.0,8.0,1.0,1.0,1.0,2.0,1.0
804,55.0,48.0,56.0,44.0,43.0,36.0,27.0
805,1.0,0.0,1.0,2.0,0.0,0.0,1.0
806,4.0,7.0,8.0,10.0,15.0,12.0,5.0
807,15.0,29.0,23.0,19.0,40.0,37.0,14.0
808,35.0,48.0,55.0,57.0,46.0,46.0,56.0
809,1.0,0.0,0.0,3.0,0.0,1.0,0.0
810,0.0,2.0,0.0,1.0,2.0,1.0,0.0
811,12.0,9.0,15.0,11.0,9.0,14.0,7.0
812,2.0,11.0,12.0,5.0,3.0,4.0,3.0
813,11.0,11.0,5.0,8.0,13.0,6.0,8.0
814,8.0,11.0,3.0,8.0,6.0,8.0,3.0
815,4.0,3.0,6.0,6.0,10.0,16.0,7.0
816,54.0,38.0,40.0,40.0,44.0,45.0,36.0
817,15.0,13.0,17.0,12.0,17.0,13.0,5.0
818,6.0,10.0,7.0,6.0,2.0,5.0,2.0
819,14.0,9.0,5.0,7.0,7.0,7.0,8.0
820,9.0,7.0,10.0,8.0,7.0,12.0,2.0
821,1.0,0.0,1.0,0.0,0.0,3.0,2.0
822,30.0,29.0,27.0,13.0,20.0,22.0,15.0
823,3.0,1.0,3.0,3.0,5.0,5.0,3.0
824,7.0,9.0,5.0,6.0,6.0,11.0,6.0
825,3.0,5.0,0.0,8.0,6.0,8.0,1.0
826,7.0,8.0,3.0,13.0,8.0,3.0,10.0
827,1.0,0.0,0.0,1.0,0.0,0.0,0.0
828,2.0,2.0,6.0,9.0,16.0,11.0,2.0
829,31.0,22.0,10.0,15.0,12.0,9.0,10.0
830,9.0,12.0,18.0,12.0,19.0,23.0,9.0
831,21.0,19.0,23.0,19.0,14.0,11.0,20.0
832,0.0,0.0,0.0,0.0,0.0,1.0,1.0
833,4.0,9.0,3.0,4.0,7.0,3.0,4.0
834,5.0,10.0,9.0,12.0,12.0,15.0,4.0
835,6.0,13.0,12.0,9.0,8.0,3.0,11.0
836,18.0,20.0,27.0,19.0,8.0,21.0,13.0
837,2.0,3.0,0.0,10.0,5.0,0.0,0.0
838,0.0,1.0,2.0,2.0,0.0,3.0,1.0
839,57.0,54.0,53.0,51.0,58.0,46.0,48.0
840,19.0,21.0,20.0,22.0,12.0,25.0,12.0
841,6.0,4.0,5.0,3.0,4.0,2.0,1.0
842,7.0,8.0,3.0,17.0,15.0,4.0,10.0
843,11.0,11.0,6.0,13.0,16.0,11.0,11.0
844,91.0,100.0,95.0,122.0,165.0,164.0,84.0
845,4.0,6.0,5.0,2.0,4.0,3.0,6.0
846,9.0,14.0,10.0,6.0,7.0,9.0,6.0
847,8.0,6.0,4.0,12.0,5.0,5.0,7.0
848,20.0,36.0,12.0,17.0,23.0,27.0,20.0
849,11.0,6.0,6.0,4.0,3.0,1.0,1.0
850,40.0,36.0,26.0,29.0,18.0,23.0,28.0
851,3.0,2.0,1.0,2.0,6.0,3.0,5.0
852,115.0,115.0,144.0,142.0,256.0,258.0,113.0
853,25.0,14.0,13.0,18.0,27.0,25.0,10.0
854,26.0,11.0,12.0,12.0,7.0,18.0,14.0
855,4.0,5.0,9.0,5.0,4.0,10.0,8.0
856,0.0,1.0,1.0,1.0,4.0,1.0,2.0
857,43.0,28.0,26.0,29.0,50.0,32.0,31.0
858,8.0,10.0,7.0,3.0,10.0,4.0,6.0
859,4.0,3.0,2.0,0.0,2.0,3.0,0.0
860,2.0,1.0,6.0,7.0,4.0,2.0,2.0
861,16.0,8.0,13.0,6.0,18.0,10.0,10.0
862,12.0,5.0,7.0,9.0,12.0,12.0,5.0
863,1.0,3.0,4.0,2.0,4.0,3.0,4.0
864,15.0,21.0,16.0,19.0,24.0,23.0,25.0
865,18.0,8.0,10.0,8.0,15.0,10.0,11.0
866,2.0,1.0,0.0,7.0,1.0,3.0,8.0
867,18.0,16.0,12.0,7.0,7.0,7.0,8.0
868,23.0,23.0,27.0,21.0,23.0,17.0,18.0
869,10.0,6.0,5.0,4.0,6.0,4.0,3.0
870,14.0,28.0,17.0,8.0,11.0,14.0,11.0
871,12.0,12.0,14.0,13.0,12.0,20.0,11.0
872,8.0,10.0,19.0,7.0,9.0,10.0,14.0
873,8.0,16.0,14.0,11.0,8.0,15.0,6.0
874,0.0,1.0,0.0,1.0,0.0,0.0,2.0
875,2.0,0.0,1.0,0.0,2.0,2.0,0.0
876,9.0,10.0,11.0,6.0,13.0,4.0,14.0
877,38.0,37.0,26.0,36.0,37.0,32.0,30.0
878,1.0,2.0,1.0,1.0,3.0,0.0,3.0
879,12.0,8.0,11.0,9.0,6.0,5.0,4.0
880,4.0,5.0,3.0,3.0,1.0,2.0,7.0
881,6.0,5.0,8.0,6.0,9.0,8.0,9.0
882,15.0,16.0,12.0,12.0,12.0,10.0,13.0
883,14.0,14.0,6.0,7.0,4.0,2.0,5.0
884,14.0,10.0,9.0,12.0,5.0,5.0,7.0
885,181.0,207.0,170.0,174.0,265.0,212.0,192.0
886,6.0,5.0,15.0,4.0,11.0,7.0,6.0
887,115.0,110.0,125.0,149.0,331.0,298.0,116.0
888,2.0,2.0,3.0,5.0,4.0,2.0,3.0
889,8.0,9.0,7.0,13.0,17.0,14.0,11.0
890,5.0,9.0,6.0,18.0,14.0,13.0,12.0
891,43.0,53.0,53.0,57.0,53.0,60.0,34.0
892,6.0,9.0,10.0,6.0,9.0,8.0,5.0
893,17.0,11.0,18.0,18.0,17.0,9.0,5.0
894,34.0,39.0,42.0,41.0,39.0,45.0,35.0
895,10.0,15.0,12.0,5.0,0.0,9.0,6.0
896,0.0,3.0,3.0,1.0,1.0,4.0,1.0
897,88.0,102.0,49.0,50.0,93.0,103.0,34.0
898,66.0,60.0,56.0,58.0,29.0,33.0,31.0
899,0.0,1.0,1.0,1.0,2.0,1.0,2.0
900,24.0,10.0,10.0,18.0,20.0,21.0,12.0
901,0.0,2.0,1.0,1.0,1.0,0.0,1.0
902,8.0,18.0,6.0,11.0,5.0,8.0,6.0
903,6.0,13.0,3.0,11.0,6.0,6.0,7.0
904,41.0,41.0,49.0,33.0,43.0,36.0,31.0
905,1.0,0.0,1.0,2.0,2.0,2.0,3.0
906,1.0,1.0,0.0,2.0,2.0,1.0,2.0
907,11.0,10.0,6.0,11.0,7.0,5.0,5.0
908,7.0,2.0,2.0,0.0,1.0,2.0,2.0
909,11.0,17.0,21.0,14.0,23.0,22.0,15.0
910,10.0,7.0,10.0,8.0,8.0,7.0,7.0
911,18.0,13.0,14.0,11.0,14.0,23.0,23.0
912,6.0,5.0,15.0,11.0,6.0,12.0,11.0
913,3.0,6.0,1.0,2.0,5.0,5.0,3.0
914,12.0,12.0,16.0,13.0,14.0,10.0,6.0
915,14.0,11.0,12.0,13.0,14.0,12.0,20.0
916,51.0,66.0,42.0,35.0,38.0,30.0,26.0
917,0.0,1.0,0.0,1.0,1.0,0.0,1.0
918,7.0,18.0,6.0,11.0,20.0,17.0,10.0
919,10.0,10.0,3.0,4.0,10.0,5.0,5.0
920,12.0,5.0,4.0,3.0,1.0,2.0,2.0
921,20.0,13.0,8.0,19.0,19.0,10.0,11.0
922,8.0,14.0,12.0,12.0,5.0,24.0,4.0
923,14.0,12.0,9.0,11.0,7.0,17.0,6.0
924,5.0,6.0,0.0,1.0,2.0,2.0,0.0
925,6.0,7.0,16.0,10.0,7.0,5.0,6.0
926,13.0,14.0,26.0,18.0,19.0,27.0,6.0
927,3.0,12.0,10.0,18.0,8.0,10.0,11.0
928,90.0,123.0,89.0,73.0,47.0,51.0,44.0
929,13.0,14.0,7.0,11.0,10.0,23.0,14.0
930,6.0,4.0,1.0,3.0,3.0,6.0,2.0
931,18.0,10.0,9.0,14.0,8.0,3.0,9.0
932,9.0,4.0,7.0,8.0,3.0,2.0,8.0
933,3.0,2.0,2.0,9.0,7.0,7.0,3.0
934,8.0,10.0,11.0,25.0,15.0,9.0,8.0
935,25.0,23.0,30.0,23.0,23.0,19.0,13.0
936,19.0,24.0,13.0,12.0,28.0,23.0,6.0
937,18.0,16.0,9.0,13.0,10.0,9.0,11.0
938,0.0,1.0,0.0,0.0,0.0,0.0,0.0
939,5.0,5.0,5.0,4.0,2.0,1.0,8.0
940,1.0,0.0,0.0,1.0,0.0,0.0,0.0
941,9.0,8.0,5.0,4.0,10.0,5.0,7.0
942,7.0,4.0,5.0,3.0,3.0,4.0,9.0
943,9.0,14.0,3.0,4.0,5.0,6.0,1.0
944,30.0,21.0,21.0,33.0,20.0,22.0,79.0
945,20.0,11.0,15.0,12.0,14.0,21.0,5.0
946,2.0,4.0,2.0,5.0,2.0,3.0,2.0
947,0.0,2.0,1.0,1.0,3.0,1.0,0.0
948,10.0,8.0,8.0,3.0,5.0,6.0,4.0
949,10.0,15.0,11.0,12.0,11.0,11.0,3.0
950,0.0,1.0,1.0,3.0,3.0,4.0,2.0
951,11.0,5.0,1.0,10.0,2.0,2.0,2.0
952,13.0,13.0,10.0,12.0,10.0,8.0,14.0
953,17.0,17.0,13.0,16.0,5.0,7.0,11.0
954,137.0,153.0,111.0,110.0,82.0,99.0,123.0
955,9.0,12.0,5.0,6.0,9.0,19.0,9.0
956,3.0,0.0,4.0,5.0,0.0,3.0,7.0
957,10.0,17.0,12.0,15.0,13.0,16.0,12.0
958,13.0,18.0,14.0,17.0,11.0,8.0,16.0
959,23.0,11.0,9.0,5.0,13.0,4.0,3.0
960,15.0,7.0,9.0,6.0,5.0,9.0,7.0
961,16.0,29.0,26.0,18.0,16.0,26.0,29.0
962,13.0,16.0,20.0,7.0,10.0,13.0,13.0
963,4.0,12.0,2.0,2.0,2.0,3.0,0.0
964,16.0,11.0,11.0,27.0,16.0,22.0,23.0
965,13.0,7.0,10.0,12.0,8.0,3.0,9.0
966,7.0,10.0,3.0,5.0,9.0,3.0,7.0
967,1.0,2.0,1.0,4.0,4.0,0.0,4.0
968,1.0,4.0,0.0,1.0,0.0,1.0,0.0
969,103.0,109.0,111.0,116.0,134.0,123.0,72.0
970,0.0,1.0,0.0,1.0,0.0,0.0,0.0
971,5.0,4.0,8.0,2.0,13.0,5.0,13.0
972,26.0,24.0,30.0,33.0,21.0,32.0,27.0
973,1.0,0.0,1.0,0.0,2.0,0.0,0.0
974,9.0,9.0,7.0,6.0,12.0,3.0,9.0
975,19.0,19.0,4.0,9.0,13.0,19.0,8.0
976,1.0,0.0,2.0,0.0,0.0,2.0,0.0
977,10.0,9.0,13.0,10.0,8.0,16.0,10.0
978,0.0,2.0,7.0,5.0,4.0,1.0,1.0
979,14.0,5.0,10.0,10.0,5.0,12.0,7.0
980,20.0,8.0,16.0,19.0,17.0,14.0,11.0
981,16.0,30.0,18.0,13.0,11.0,13.0,4.0
982,12.0,14.0,11.0,7.0,18.0,4.0,10.0
983,3.0,4.0,8.0,5.0,5.0,3.0,6.0
984,16.0,20.0,20.0,13.0,24.0,19.0,11.0
985,0.0,0.0,0.0,0.0,0.0,3.0,0.0
986,4.0,7.0,4.0,4.0,5.0,3.0,4.0
987,16.0,8.0,6.0,7.0,5.0,3.0,4.0
988,23.0,25.0,26.0,33.0,31.0,41.0,27.0
989,12.0,19.0,9.0,7.0,14.0,6.0,10.0
990,11.0,13.0,15.0,18.0,10.0,15.0,14.0
991,3.0,3.0,3.0,0.0,0.0,2.0,0.0
992,9.0,9.0,9.0,8.0,5.0,10.0,2.0
993,17.0,8.0,11.0,11.0,6.0,7.0,7.0
994,8.0,19.0,11.0,4.0,7.0,15.0,3.0
995,5.0,8.0,2.0,3.0,5.0,2.0,4.0
996,1.0,3.0,3.0,4.0,1.0,2.0,4.0
997,130.0,146.0,128.0,133.0,151.0,114.0,128.0
998,4.0,0.0,2.0,1.0,3.0,2.0,3.0
999,41.0,44.0,49.0,50.0,21.0,13.0,39.0
1000,38.0,54.0,39.0,44.0,64.0,70.0,42.0
1001,26.0,27.0,13.0,16.0,24.0,19.0,17.0
1002,4.0,1.0,2.0,0.0,4.0,6.0,8.0
1003,5.0,8.0,4.0,4.0,5.0,9.0,3.0
1004,7.0,4.0,2.0,3.0,1.0,1.0,5.0
1005,3.0,14.0,5.0,5.0,15.0,2.0,5.0
1006,35.0,13.0,32.0,16.0,33.0,28.0,21.0
1007,0.0,2.0,0.0,0.0,2.0,1.0,0.0
1008,67.0,94.0,69.0,79.0,81.0,84.0,69.0
1009,7.0,8.0,7.0,7.0,11.0,7.0,2.0
1010,6.0,8.0,3.0,8.0,6.0,2.0,7.0
1011,2.0,1.0,7.0,0.0,1.0,2.0,1.0
1012,5.0,2.0,7.0,7.0,5.0,2.0,5.0
1013,0.0,0.0,0.0,1.0,1.0,0.0,0.0
1014,4.0,5.0,7.0,7.0,8.0,10.0,6.0
1015,10.0,3.0,1.0,2.0,2.0,4.0,1.0
1016,5.0,3.0,6.0,6.0,0.0,6.0,3.0
1017,110.0,101.0,91.0,85.0,124.0,104.0,86.0
1018,9.0,7.0,5.0,7.0,11.0,3.0,9.0
1019,22.0,27.0,18.0,21.0,18.0,27.0,10.0
1020,0.0,1.0,0.0,1.0,1.0,0.0,1.0
1021,1.0,0.0,0.0,0.0,0.0,0.0,0.0
1022,1.0,0.0,1.0,0.0,0.0,0.0,4.0
1023,13.0,18.0,11.0,11.0,17.0,23.0,11.0
1024,1.0,0.0,1.0,1.0,0.0,0.0,0.0
1025,23.0,18.0,22.0,19.0,27.0,20.0,21.0
1026,11.0,12.0,9.0,10.0,15.0,11.0,10.0
1027,20.0,11.0,10.0,7.0,10.0,4.0,11.0
1028,0.0,0.0,0.0,0.0,0.0,0.0,1.0
1029,4.0,12.0,13.0,5.0,4.0,7.0,2.0
1030,14.0,17.0,8.0,26.0,19.0,20.0,16.0
1031,30.0,27.0,23.0,22.0,20.0,25.0,21.0
1032,3.0,5.0,0.0,2.0,10.0,6.0,20.0
1033,22.0,16.0,15.0,20.0,18.0,22.0,19.0
1034,33.0,36.0,36.0,27.0,34.0,26.0,24.0
1035,21.0,20.0,27.0,28.0,34.0,26.0,21.0
1036,10.0,11.0,4.0,9.0,10.0,2.0,6.0
1037,33.0,23.0,36.0,23.0,43.0,46.0,35.0
1038,1.0,1.0,1.0,2.0,2.0,1.0,1.0
1039,6.0,13.0,12.0,6.0,9.0,16.0,12.0
1040,14.0,13.0,12.0,10.0,16.0,12.0,14.0
1041,24.0,22.0,20.0,25.0,30.0,33.0,19.0
1042,11.0,8.0,6.0,4.0,11.0,13.0,9.0
1043,36.0,49.0,22.0,30.0,13.0,31.0,29.0
1044,4.0,7.0,8.0,5.0,11.0,9.0,4.0
1045,1.0,3.0,2.0,2.0,1.0,1.0,1.0
1046,4.0,0.0,0.0,0.0,0.0,1.0,1.0
1047,7.0,8.0,8.0,0.0,2.0,2.0,7.0
1048,0.0,0.0,0.0,1.0,0.0,0.0,0.0
1049,19.0,28.0,25.0,22.0,26.0,15.0,12.0
1050,2.0,5.0,5.0,7.0,5.0,7.0,4.0
1051,3.0,4.0,7.0,2.0,8.0,1.0,2.0
1052,17.0,12.0,8.0,5.0,25.0,31.0,7.0
1053,1.0,0.0,0.0,1.0,1.0,2.0,0.0
1054,12.0,9.0,4.0,7.0,6.0,5.0,6.0
1055,7.0,9.0,5.0,6.0,6.0,3.0,8.0
1056,8.0,1.0,5.0,4.0,8.0,2.0,2.0
1057,12.0,9.0,5.0,6.0,15.0,13.0,2.0
1058,5.0,5.0,7.0,5.0,5.0,4.0,2.0
1059,11.0,6.0,5.0,5.0,6.0,8.0,7.0
1060,8.0,5.0,4.0,6.0,3.0,1.0,6.0
1061,27.0,34.0,33.0,26.0,43.0,69.0,41.0
1062,28.0,36.0,29.0,18.0,11.0,11.0,23.0
1063,37.0,39.0,30.0,44.0,35.0,35.0,33.0
1064,0.0,2.0,1.0,5.0,1.0,1.0,0.0
1065,11.0,16.0,19.0,12.0,17.0,9.0,6.0
1066,21.0,9.0,8.0,13.0,8.0,13.0,16.0
1067,4.0,4.0,5.0,6.0,1.0,1.0,3.0
1068,6.0,9.0,3.0,5.0,4.0,8.0,4.0
1069,24.0,18.0,23.0,15.0,19.0,21.0,25.0
1070,3.0,8.0,2.0,1.0,1.0,5.0,1.0
1071,8.0,7.0,6.0,11.0,6.0,4.0,2.0
1072,14.0,9.0,8.0,12.0,11.0,8.0,12.0
1073,1.0,3.0,1.0,1.0,6.0,4.0,1.0
1074,4.0,2.0,4.0,7.0,6.0,2.0,4.0
1075,29.0,22.0,25.0,28.0,25.0,20.0,20.0
1076,5.0,8.0,3.0,4.0,3.0,1.0,2.0
1077,23.0,15.0,15.0,11.0,20.0,9.0,20.0
1078,16.0,16.0,5.0,13.0,13.0,11.0,5.0
1079,10.0,10.0,13.0,6.0,5.0,10.0,9.0
1080,8.0,10.0,7.0,6.0,7.0,8.0,12.0
1081,1.0,1.0,3.0,3.0,0.0,2.0,0.0
1082,5.0,2.0,11.0,7.0,10.0,15.0,4.0
1083,8.0,7.0,5.0,9.0,4.0,6.0,10.0
1084,13.0,17.0,13.0,15.0,15.0,13.0,12.0
1085,24.0,18.0,32.0,16.0,30.0,23.0,22.0
1086,6.0,5.0,7.0,7.0,3.0,4.0,2.0
1087,39.0,51.0,37.0,45.0,62.0,76.0,43.0
1088,12.0,12.0,8.0,5.0,16.0,9.0,5.0
1089,6.0,5.0,6.0,8.0,7.0,6.0,2.0
1090,4.0,1.0,1.0,0.0,2.0,2.0,2.0
1091,3.0,7.0,3.0,7.0,4.0,9.0,8.0
1092,14.0,24.0,4.0,12.0,15.0,22.0,16.0
1093,15.0,11.0,14.0,8.0,5.0,4.0,12.0
1094,22.0,21.0,42.0,32.0,32.0,29.0,24.0
1095,0.0,0.0,1.0,3.0,0.0,2.0,0.0
1096,4.0,7.0,9.0,2.0,3.0,4.0,4.0
1097,19.0,0.0,8.0,5.0,10.0,7.0,15.0
1098,3.0,2.0,5.0,6.0,1.0,1.0,4.0
1099,14.0,11.0,14.0,11.0,11.0,11.0,11.0
1100,2.0,9.0,3.0,4.0,1.0,1.0,1.0
1101,8.0,18.0,17.0,24.0,28.0,16.0,14.0
1102,66.0,45.0,54.0,56.0,82.0,70.0,39.0
1103,7.0,4.0,1.0,4.0,7.0,4.0,7.0
1104,15.0,17.0,9.0,18.0,27.0,22.0,13.0
1105,15.0,15.0,10.0,6.0,4.0,11.0,8.0
1106,3.0,2.0,5.0,3.0,3.0,2.0,1.0
1107,6.0,10.0,0.0,3.0,7.0,5.0,3.0
1108,114.0,142.0,132.0,190.0,196.0,179.0,112.0
1109,12.0,14.0,4.0,14.0,16.0,13.0,7.0
1110,8.0,19.0,13.0,11.0,14.0,4.0,6.0
1111,0.0,0.0,0.0,1.0,1.0,0.0,2.0
1112,14.0,17.0,10.0,16.0,16.0,16.0,17.0
1113,6.0,5.0,1.0,6.0,5.0,3.0,8.0
1114,8.0,9.0,14.0,9.0,6.0,9.0,4.0
1115,4.0,1.0,6.0,11.0,11.0,3.0,5.0
1116,9.0,14.0,10.0,10.0,8.0,9.0,12.0
1117,88.0,81.0,79.0,102.0,55.0,39.0,64.0
1118,29.0,14.0,23.0,33.0,44.0,29.0,22.0
1119,11.0,10.0,15.0,12.0,7.0,9.0,10.0
1120,8.0,7.0,10.0,14.0,13.0,18.0,10.0
1121,39.0,34.0,33.0,28.0,33.0,28.0,17.0
1122,4.0,8.0,14.0,8.0,9.0,5.0,2.0
1123,47.0,46.0,51.0,36.0,66.0,64.0,44.0
1124,3.0,7.0,2.0,6.0,11.0,12.0,8.0
1125,25.0,35.0,39.0,28.0,27.0,25.0,23.0
1126,28.0,19.0,30.0,19.0,40.0,40.0,22.0
1127,14.0,12.0,6.0,13.0,14.0,24.0,15.0
1128,63.0,53.0,64.0,83.0,86.0,94.0,72.0
1129,36.0,32.0,50.0,30.0,35.0,64.0,20.0
1130,2.0,2.0,2.0,4.0,5.0,0.0,2.0
1131,21.0,14.0,16.0,10.0,13.0,4.0,9.0
1132,0.0,1.0,1.0,2.0,0.0,1.0,2.0
1133,1.0,0.0,2.0,0.0,2.0,0.0,1.0
1134,9.0,14.0,7.0,15.0,14.0,7.0,12.0
1135,12.0,20.0,13.0,16.0,24.0,27.0,21.0
1136,7.0,6.0,2.0,4.0,2.0,5.0,4.0
1137,1.0,1.0,0.0,5.0,4.0,4.0,2.0
1138,4.0,3.0,6.0,4.0,6.0,5.0,5.0
1139,18.0,26.0,20.0,28.0,21.0,31.0,14.0
1140,11.0,15.0,7.0,6.0,6.0,5.0,7.0
1141,21.0,20.0,12.0,12.0,26.0,23.0,13.0
1142,297.0,302.0,317.0,289.0,327.0,304.0,270.0
1143,7.0,9.0,11.0,7.0,12.0,8.0,7.0
1144,0.0,1.0,3.0,2.0,10.0,5.0,3.0
1145,2.0,5.0,4.0,1.0,0.0,5.0,2.0
1146,7.0,11.0,10.0,7.0,7.0,3.0,5.0
1147,26.0,21.0,19.0,19.0,22.0,10.0,9.0
1148,1.0,1.0,0.0,2.0,1.0,4.0,0.0
1149,14.0,10.0,10.0,9.0,15.0,10.0,15.0
1150,13.0,16.0,6.0,19.0,16.0,9.0,18.0
1151,15.0,9.0,23.0,14.0,19.0,14.0,19.0
1152,12.0,13.0,6.0,5.0,11.0,6.0,4.0
1153,13.0,9.0,24.0,10.0,16.0,7.0,10.0
1154,6.0,10.0,3.0,5.0,8.0,6.0,7.0
1155,6.0,7.0,6.0,1.0,2.0,4.0,2.0
1156,47.0,58.0,50.0,75.0,53.0,42.0,29.0
1157,5.0,1.0,2.0,0.0,2.0,2.0,0.0
1158,0.0,1.0,1.0,1.0,1.0,3.0,2.0
1159,20.0,13.0,13.0,23.0,20.0,17.0,18.0
1160,3.0,0.0,0.0,1.0,0.0,1.0,0.0
1161,19.0,13.0,18.0,19.0,28.0,26.0,10.0
1162,5.0,5.0,4.0,4.0,6.0,5.0,6.0
1163,6.0,6.0,10.0,3.0,3.0,7.0,4.0
1164,6.0,10.0,8.0,13.0,6.0,7.0,6.0
1165,9.0,8.0,16.0,11.0,18.0,15.0,15.0
1166,22.0,19.0,26.0,16.0,16.0,22.0,7.0
1167,20.0,18.0,18.0,25.0,17.0,33.0,30.0
1168,29.0,44.0,40.0,28.0,48.0,47.0,27.0
1169,7.0,6.0,10.0,6.0,12.0,7.0,6.0
1170,2.0,0.0,1.0,0.0,6.0,2.0,0.0
1171,35.0,29.0,28.0,23.0,48.0,33.0,26.0
1172,153.0,121.0,156.0,139.0,158.0,111.0,127.0
1173,17.0,27.0,23.0,12.0,12.0,20.0,14.0
1174,0.0,4.0,0.0,1.0,3.0,1.0,2.0
1175,35.0,30.0,22.0,33.0,29.0,19.0,28.0
1176,3.0,6.0,2.0,3.0,4.0,5.0,3.0
1177,6.0,5.0,6.0,8.0,1.0,6.0,1.0
1178,15.0,9.0,13.0,16.0,10.0,14.0,15.0
1179,15.0,8.0,11.0,5.0,1.0,6.0,5.0
1180,11.0,15.0,5.0,8.0,1.0,6.0,3.0
1181,42.0,36.0,50.0,44.0,36.0,71.0,34.0
1182,4.0,6.0,5.0,11.0,4.0,1.0,8.0
1183,0.0,1.0,0.0,0.0,1.0,3.0,0.0
1184,11.0,15.0,19.0,16.0,9.0,9.0,7.0
1185,2.0,0.0,2.0,2.0,0.0,0.0,0.0
1186,0.0,0.0,0.0,0.0,0.0,0.0,0.0
1187,9.0,4.0,14.0,25.0,11.0,12.0,7.0
1188,16.0,12.0,7.0,12.0,7.0,5.0,10.0
1189,7.0,3.0,6.0,5.0,3.0,2.0,3.0
1190,72.0,67.0,54.0,67.0,92.0,79.0,57.0
1191,0.0,0.0,0.0,0.0,2.0,1.0,0.0
1192,18.0,9.0,6.0,12.0,16.0,13.0,9.0
1193,7.0,10.0,8.0,1.0,4.0,2.0,1.0
1194,2.0,4.0,7.0,4.0,5.0,1.0,1.0
1195,22.0,11.0,14.0,12.0,30.0,30.0,19.0
1196,17.0,16.0,18.0,8.0,13.0,18.0,11.0
1197,15.0,14.0,15.0,8.0,9.0,12.0,10.0
1198,5.0,3.0,2.0,2.0,5.0,3.0,4.0
1199,0.0,0.0,0.0,1.0,0.0,0.0,2.0
1200,1.0,1.0,0.0,2.0,1.0,2.0,0.0
1201,6.0,5.0,5.0,5.0,5.0,5.0,3.0
1202,49.0,61.0,48.0,53.0,51.0,50.0,42.0
1203,19.0,17.0,11.0,5.0,6.0,7.0,9.0
1204,3.0,3.0,3.0,6.0,4.0,5.0,0.0
1205,113.0,108.0,104.0,104.0,93.0,132.0,123.0
1206,0.0,1.0,1.0,1.0,1.0,0.0,1.0
1207,10.0,9.0,9.0,5.0,9.0,3.0,4.0
1208,14.0,13.0,9.0,16.0,22.0,14.0,4.0
1209,9.0,7.0,9.0,10.0,7.0,15.0,3.0
1210,55.0,35.0,38.0,55.0,33.0,41.0,40.0
1211,26.0,12.0,15.0,10.0,12.0,28.0,10.0
1212,0.0,1.0,0.0,2.0,2.0,0.0,2.0
1213,17.0,13.0,12.0,20.0,17.0,8.0,15.0
1214,2.0,0.0,2.0,2.0,1.0,2.0,1.0
1215,1.0,2.0,1.0,0.0,1.0,0.0,2.0
1216,3.0,7.0,10.0,11.0,7.0,5.0,3.0
1217,33.0,36.0,35.0,23.0,28.0,17.0,21.0
1218,1.0,2.0,0.0,1.0,1.0,1.0,0.0
1219,8.0,13.0,12.0,11.0,10.0,12.0,7.0
1220,0.0,3.0,0.0,0.0,1.0,0.0,0.0
1221,50.0,54.0,36.0,48.0,42.0,39.0,169.0
1222,7.0,8.0,10.0,9.0,8.0,4.0,5.0
1223,10.0,6.0,5.0,7.0,7.0,4.0,0.0
1224,15.0,9.0,16.0,10.0,8.0,13.0,12.0
1225,9.0,8.0,9.0,6.0,4.0,4.0,6.0
1226,10.0,15.0,12.0,12.0,15.0,12.0,10.0
1227,1.0,4.0,1.0,4.0,6.0,10.0,7.0
1228,2.0,11.0,5.0,3.0,2.0,1.0,1.0
1229,5.0,5.0,15.0,11.0,16.0,13.0,13.0
1230,4.0,4.0,10.0,3.0,9.0,1.0,5.0
1231,62.0,58.0,47.0,55.0,52.0,44.0,42.0
1232,1.0,2.0,2.0,1.0,3.0,0.0,0.0
1233,7.0,8.0,9.0,18.0,10.0,11.0,7.0
1234,17.0,10.0,12.0,17.0,12.0,11.0,4.0
1235,5.0,4.0,3.0,9.0,5.0,1.0,10.0
1236,0.0,0.0,1.0,1.0,1.0,2.0,3.0
1237,5.0,1.0,5.0,4.0,9.0,3.0,4.0
1238,2.0,0.0,2.0,0.0,2.0,0.0,2.0
1239,1.0,1.0,0.0,0.0,1.0,1.0,2.0
1240,0.0,1.0,2.0,1.0,1.0,1.0,2.0
1241,4.0,5.0,3.0,3.0,4.0,0.0,5.0
1242,67.0,57.0,42.0,46.0,61.0,61.0,44.0
1243,6.0,3.0,6.0,8.0,3.0,4.0,7.0
1244,28.0,30.0,25.0,15.0,33.0,22.0,20.0
1245,0.0,0.0,3.0,0.0,1.0,0.0,0.0
1246,6.0,5.0,5.0,3.0,3.0,3.0,6.0
1247,11.0,18.0,16.0,4.0,11.0,10.0,3.0
1248,0.0,0.0,1.0,0.0,2.0,0.0,0.0
1249,15.0,18.0,18.0,21.0,11.0,7.0,10.0
1250,2.0,3.0,2.0,0.0,2.0,0.0,4.0
1251,14.0,12.0,3.0,5.0,12.0,8.0,4.0
1252,24.0,35.0,30.0,38.0,44.0,29.0,33.0
1253,0.0,4.0,0.0,0.0,2.0,2.0,1.0
1254,3.0,3.0,2.0,0.0,1.0,2.0,7.0
1255,13.0,6.0,11.0,11.0,13.0,25.0,11.0
1256,1.0,3.0,3.0,0.0,3.0,0.0,3.0
1257,10.0,9.0,4.0,17.0,17.0,11.0,7.0
1258,19.0,22.0,15.0,27.0,7.0,10.0,15.0
1259,6.0,16.0,4.0,5.0,5.0,4.0,8.0
1260,13.0,14.0,11.0,13.0,6.0,9.0,6.0
1261,26.0,20.0,6.0,6.0,6.0,6.0,9.0
1262,4.0,6.0,7.0,4.0,7.0,7.0,3.0
1263,25.0,25.0,26.0,27.0,27.0,25.0,19.0
1264,19.0,32.0,22.0,29.0,42.0,20.0,19.0
1265,5.0,3.0,11.0,8.0,10.0,19.0,7.0
1266,1.0,0.0,0.0,0.0,2.0,2.0,0.0
1267,1.0,3.0,1.0,2.0,0.0,5.0,1.0
1268,4.0,6.0,4.0,3.0,8.0,8.0,6.0
1269,2.0,5.0,0.0,2.0,3.0,3.0,8.0
1270,18.0,10.0,12.0,33.0,37.0,20.0,11.0
1271,15.0,14.0,15.0,8.0,17.0,16.0,12.0
1272,6.0,8.0,3.0,0.0,3.0,4.0,1.0
1273,13.0,27.0,10.0,12.0,26.0,21.0,11.0
1274,2.0,3.0,3.0,1.0,0.0,1.0,0.0
1275,19.0,17.0,24.0,14.0,30.0,23.0,14.0
1276,15.0,17.0,17.0,10.0,9.0,11.0,10.0
1277,5.0,6.0,10.0,7.0,10.0,11.0,7.0
1278,6.0,11.0,6.0,5.0,9.0,8.0,7.0
1279,2.0,0.0,3.0,2.0,4.0,2.0,4.0
1280,2.0,9.0,5.0,4.0,4.0,2.0,6.0
1281,11.0,14.0,5.0,7.0,11.0,6.0,7.0
1282,39.0,26.0,28.0,45.0,27.0,35.0,24.0
1283,6.0,10.0,3.0,13.0,9.0,9.0,6.0
1284,26.0,22.0,20.0,16.0,24.0,19.0,14.0
1285,2.0,6.0,2.0,6.0,4.0,6.0,3.0
1286,28.0,17.0,31.0,17.0,18.0,24.0,20.0
1287,9.0,5.0,13.0,7.0,10.0,8.0,7.0
1288,18.0,17.0,19.0,11.0,13.0,12.0,3.0
1289,12.0,13.0,22.0,24.0,15.0,16.0,9.0
1290,18.0,15.0,20.0,14.0,5.0,13.0,8.0
1291,42.0,42.0,35.0,69.0,69.0,41.0,29.0
1292,43.0,53.0,53.0,46.0,36.0,35.0,54.0
1293,11.0,8.0,3.0,8.0,12.0,11.0,6.0
1294,26.0,13.0,11.0,19.0,17.0,15.0,22.0
1295,11.0,10.0,19.0,13.0,13.0,9.0,4.0
1296,25.0,17.0,16.0,16.0,30.0,28.0,29.0
1297,18.0,38.0,18.0,22.0,20.0,16.0,15.0
1298,15.0,13.0,22.0,12.0,8.0,8.0,8.0
1299,41.0,26.0,16.0,28.0,27.0,20.0,20.0
1300,4.0,7.0,9.0,4.0,4.0,4.0,3.0
1301,33.0,28.0,27.0,35.0,36.0,34.0,37.0
1302,19.0,22.0,18.0,22.0,32.0,19.0,25.0
1303,0.0,1.0,3.0,0.0,0.0,0.0,0.0
1304,9.0,13.0,13.0,9.0,9.0,15.0,8.0
1305,2.0,3.0,11.0,9.0,0.0,3.0,3.0
1306,5.0,10.0,6.0,2.0,1.0,8.0,15.0
1307,5.0,13.0,9.0,7.0,10.0,11.0,7.0
1308,18.0,21.0,21.0,12.0,24.0,11.0,12.0
1309,11.0,31.0,11.0,10.0,12.0,10.0,7.0
1310,14.0,18.0,18.0,9.0,17.0,13.0,11.0
1311,141.0,103.0,108.0,112.0,121.0,98.0,65.0
1312,39.0,45.0,41.0,25.0,41.0,23.0,24.0
1313,44.0,40.0,39.0,61.0,41.0,52.0,43.0
1314,25.0,31.0,31.0,17.0,26.0,21.0,17.0
1315,22.0,17.0,8.0,11.0,14.0,25.0,13.0
1316,5.0,5.0,2.0,2.0,4.0,6.0,2.0
1317,5.0,9.0,5.0,9.0,13.0,8.0,3.0
1318,9.0,7.0,7.0,0.0,6.0,5.0,1.0
1319,10.0,7.0,9.0,7.0,5.0,12.0,9.0
1320,6.0,2.0,2.0,3.0,0.0,1.0,1.0
1321,4.0,6.0,10.0,2.0,3.0,2.0,2.0
1322,463.0,483.0,459.0,490.0,554.0,559.0,448.0
1323,9.0,3.0,9.0,9.0,11.0,8.0,2.0
1324,20.0,18.0,14.0,20.0,19.0,9.0,10.0
1325,31.0,13.0,18.0,14.0,12.0,21.0,11.0
1326,4.0,7.0,4.0,5.0,15.0,5.0,4.0
1327,7.0,10.0,5.0,11.0,12.0,15.0,4.0
1328,15.0,25.0,17.0,26.0,19.0,21.0,11.0
1329,0.0,0.0,1.0,0.0,0.0,1.0,0.0
1330,25.0,15.0,24.0,19.0,19.0,18.0,21.0
1331,4.0,4.0,9.0,4.0,3.0,4.0,2.0
1332,32.0,32.0,28.0,16.0,38.0,45.0,23.0
1333,4.0,5.0,4.0,3.0,1.0,5.0,5.0
1334,4.0,3.0,2.0,0.0,1.0,2.0,3.0
1335,10.0,18.0,10.0,11.0,7.0,13.0,7.0
1336,0.0,0.0,0.0,0.0,0.0,0.0,0.0
1337,15.0,14.0,12.0,21.0,19.0,15.0,13.0
1338,17.0,23.0,19.0,28.0,25.0,29.0,19.0
1339,10.0,16.0,12.0,13.0,18.0,20.0,12.0
1340,52.0,28.0,32.0,52.0,43.0,44.0,33.0
1341,8.0,7.0,11.0,2.0,8.0,7.0,19.0
1342,9.0,11.0,6.0,7.0,7.0,9.0,11.0
1343,1.0,6.0,4.0,11.0,7.0,2.0,4.0
1344,6.0,3.0,1.0,1.0,3.0,3.0,1.0
1345,10.0,11.0,6.0,3.0,6.0,5.0,11.0
1346,25.0,27.0,42.0,25.0,49.0,40.0,24.0
1347,10.0,17.0,14.0,9.0,12.0,11.0,16.0
1348,20.0,17.0,11.0,20.0,9.0,15.0,18.0
1349,14.0,22.0,9.0,27.0,24.0,16.0,6.0
1350,59.0,54.0,38.0,40.0,83.0,46.0,22.0
1351,6.0,12.0,5.0,5.0,4.0,4.0,4.0
1352,11.0,6.0,12.0,14.0,15.0,10.0,10.0
1353,18.0,21.0,16.0,14.0,14.0,13.0,7.0
1354,20.0,23.0,21.0,13.0,10.0,9.0,13.0
1355,28.0,57.0,43.0,47.0,48.0,60.0,41.0
1356,22.0,32.0,33.0,34.0,42.0,55.0,24.0
1357,15.0,18.0,23.0,14.0,17.0,18.0,19.0
1358,14.0,17.0,17.0,13.0,21.0,15.0,18.0
1359,1.0,2.0,11.0,4.0,12.0,5.0,4.0
1360,6.0,3.0,1.0,5.0,7.0,6.0,7.0
1361,0.0,3.0,0.0,0.0,1.0,0.0,0.0
1362,72.0,64.0,58.0,69.0,73.0,71.0,72.0
1363,9.0,20.0,10.0,11.0,16.0,6.0,2.0
1364,15.0,9.0,8.0,13.0,8.0,16.0,12.0
1365,26.0,42.0,27.0,69.0,41.0,37.0,15.0
1366,7.0,7.0,4.0,2.0,2.0,2.0,3.0
1367,9.0,7.0,8.0,7.0,9.0,4.0,9.0
1368,2.0,0.0,0.0,0.0,1.0,0.0,1.0
1369,4.0,2.0,3.0,6.0,2.0,2.0,6.0
1370,8.0,7.0,13.0,10.0,7.0,5.0,6.0
1371,15.0,10.0,15.0,12.0,6.0,6.0,3.0
1372,30.0,32.0,16.0,19.0,21.0,19.0,12.0
1373,7.0,14.0,10.0,15.0,9.0,22.0,6.0
1374,17.0,26.0,11.0,12.0,15.0,13.0,14.0
1375,5.0,1.0,2.0,4.0,3.0,6.0,2.0
1376,14.0,17.0,25.0,13.0,15.0,12.0,20.0
1377,43.0,47.0,38.0,29.0,48.0,41.0,18.0
1378,8.0,9.0,3.0,4.0,5.0,1.0,1.0
1379,0.0,0.0,0.0,0.0,0.0,0.0,1.0
1380,7.0,9.0,16.0,11.0,12.0,16.0,16.0
1381,4.0,4.0,7.0,2.0,5.0,5.0,6.0
1382,0.0,0.0,0.0,1.0,1.0,1.0,0.0
1383,13.0,14.0,18.0,6.0,2.0,2.0,5.0
1384,4.0,5.0,5.0,0.0,7.0,5.0,4.0
1385,2.0,1.0,0.0,2.0,0.0,1.0,0.0
1386,11.0,4.0,4.0,7.0,1.0,6.0,6.0
1387,5.0,10.0,4.0,1.0,7.0,2.0,3.0
1388,29.0,28.0,32.0,30.0,53.0,57.0,31.0
1389,9.0,8.0,10.0,12.0,15.0,9.0,9.0
1390,4.0,2.0,1.0,1.0,4.0,4.0,1.0
1391,4.0,1.0,2.0,1.0,0.0,1.0,0.0
1392,29.0,34.0,20.0,24.0,23.0,14.0,19.0
1393,12.0,16.0,13.0,19.0,33.0,32.0,20.0
1394,7.0,3.0,1.0,3.0,3.0,1.0,3.0
1395,24.0,22.0,22.0,18.0,19.0,18.0,9.0
1396,3.0,3.0,5.0,2.0,0.0,2.0,2.0
1397,43.0,52.0,38.0,20.0,46.0,51.0,25.0
1398,3.0,2.0,6.0,8.0,4.0,6.0,1.0
1399,29.0,15.0,16.0,14.0,12.0,18.0,7.0
1400,1.0,3.0,3.0,0.0,2.0,3.0,0.0
1401,25.0,24.0,15.0,18.0,22.0,12.0,13.0
1402,4.0,16.0,17.0,14.0,4.0,5.0,9.0
1403,1.0,1.0,0.0,0.0,4.0,0.0,1.0
1404,9.0,4.0,8.0,6.0,5.0,7.0,4.0
1405,3.0,6.0,4.0,8.0,3.0,4.0,2.0
1406,5.0,2.0,2.0,4.0,3.0,5.0,4.0
1407,18.0,12.0,10.0,13.0,5.0,6.0,0.0
1408,1.0,12.0,4.0,8.0,6.0,4.0,5.0
1409,61.0,53.0,68.0,60.0,57.0,68.0,51.0
1410,22.0,18.0,21.0,14.0,42.0,25.0,9.0
1411,35.0,36.0,29.0,30.0,25.0,31.0,19.0
1412,18.0,20.0,19.0,19.0,29.0,29.0,13.0
1413,8.0,6.0,14.0,3.0,7.0,8.0,2.0
1414,0.0,2.0,1.0,0.0,2.0,1.0,1.0
1415,0.0,1.0,0.0,0.0,1.0,1.0,0.0
1416,4.0,3.0,8.0,2.0,2.0,7.0,3.0
1417,6.0,9.0,2.0,5.0,5.0,11.0,8.0
1418,2.0,0.0,5.0,1.0,5.0,4.0,2.0
1419,6.0,6.0,5.0,10.0,8.0,5.0,3.0
1420,1.0,0.0,1.0,4.0,1.0,0.0,0.0
1421,9.0,13.0,11.0,10.0,6.0,7.0,12.0
1422,14.0,27.0,18.0,20.0,29.0,24.0,28.0
1423,10.0,2.0,4.0,4.0,3.0,9.0,2.0
1424,50.0,34.0,32.0,20.0,18.0,19.0,17.0
1425,1.0,1.0,1.0,0.0,0.0,0.0,0.0
1426,2.0,2.0,2.0,3.0,1.0,3.0,5.0
1427,17.0,17.0,182.0,190.0,212.0,214.0,221.0
1428,17.0,16.0,21.0,16.0,16.0,20.0,19.0
1429,3.0,10.0,7.0,2.0,4.0,7.0,5.0
1430,1.0,6.0,2.0,1.0,0.0,0.0,1.0
1431,16.0,13.0,13.0,5.0,11.0,9.0,11.0
1432,38.0,47.0,31.0,35.0,34.0,43.0,25.0
1433,6.0,4.0,7.0,1.0,0.0,3.0,7.0
1434,18.0,33.0,20.0,19.0,14.0,9.0,7.0
1435,4.0,10.0,12.0,10.0,11.0,6.0,13.0
1436,16.0,23.0,17.0,28.0,19.0,20.0,16.0
1437,15.0,15.0,21.0,20.0,21.0,21.0,15.0
1438,59.0,61.0,52.0,61.0,74.0,96.0,49.0
1439,15.0,7.0,14.0,8.0,4.0,7.0,9.0
1440,36.0,31.0,31.0,27.0,29.0,39.0,22.0
1441,2.0,3.0,3.0,3.0,6.0,5.0,3.0
1442,3.0,6.0,12.0,4.0,7.0,5.0,5.0
1443,15.0,10.0,19.0,15.0,7.0,19.0,9.0
1444,6.0,8.0,2.0,2.0,10.0,5.0,10.0
1445,2.0,3.0,6.0,8.0,5.0,3.0,5.0
1446,1.0,0.0,1.0,0.0,1.0,3.0,3.0
1447,5.0,10.0,7.0,2.0,0.0,2.0,1.0
1448,39.0,45.0,52.0,41.0,48.0,42.0,43.0
1449,20.0,24.0,28.0,20.0,27.0,22.0,23.0
1450,14.0,10.0,11.0,12.0,9.0,15.0,14.0
1451,25.0,25.0,27.0,21.0,17.0,8.0,15.0
1452,29.0,26.0,4.0,36.0,45.0,51.0,22.0
1453,29.0,46.0,43.0,29.0,37.0,31.0,23.0
1454,26.0,29.0,33.0,26.0,18.0,25.0,20.0
1455,1.0,0.0,1.0,3.0,2.0,2.0,4.0
1456,24.0,33.0,21.0,15.0,15.0,27.0,14.0
1457,7.0,13.0,9.0,3.0,8.0,4.0,1.0
1458,15.0,32.0,33.0,40.0,39.0,52.0,40.0
1459,25.0,22.0,32.0,13.0,25.0,20.0,11.0
1460,16.0,15.0,11.0,18.0,29.0,20.0,7.0
1461,44.0,38.0,27.0,34.0,30.0,43.0,22.0
1462,4.0,2.0,0.0,1.0,1.0,5.0,2.0
1463,12.0,6.0,3.0,4.0,5.0,8.0,0.0
1464,0.0,1.0,4.0,1.0,0.0,1.0,1.0
1465,15.0,8.0,17.0,15.0,12.0,21.0,24.0
1466,11.0,6.0,7.0,8.0,7.0,3.0,7.0
1467,48.0,69.0,50.0,39.0,50.0,56.0,41.0
1468,2.0,0.0,2.0,2.0,6.0,5.0,0.0
1469,102.0,74.0,101.0,118.0,118.0,130.0,69.0
1470,24.0,17.0,10.0,17.0,2.0,10.0,10.0
1471,19.0,9.0,16.0,6.0,19.0,30.0,13.0
1472,30.0,36.0,23.0,19.0,18.0,11.0,16.0
1473,8.0,9.0,9.0,13.0,6.0,10.0,0.0
1474,18.0,9.0,14.0,12.0,10.0,8.0,5.0
1475,28.0,26.0,32.0,21.0,28.0,28.0,22.0
1476,0.0,1.0,1.0,1.0,4.0,0.0,0.0
1477,33.0,25.0,35.0,31.0,19.0,14.0,31.0
1478,287.0,273.0,319.0,264.0,233.0,295.0,272.0
1479,11.0,11.0,9.0,15.0,17.0,14.0,9.0
1480,29.0,21.0,24.0,27.0,19.0,24.0,40.0
1481,28.0,32.0,19.0,22.0,28.0,13.0,7.0
1482,13.0,15.0,14.0,12.0,23.0,13.0,15.0
1483,25.0,19.0,24.0,24.0,24.0,19.0,10.0
1484,27.0,29.0,29.0,27.0,34.0,33.0,36.0
1485,16.0,17.0,17.0,18.0,17.0,21.0,18.0
1486,7.0,6.0,3.0,4.0,7.0,7.0,4.0
1487,4.0,1.0,1.0,2.0,0.0,2.0,2.0
1488,0.0,2.0,1.0,1.0,1.0,2.0,0.0
1489,32.0,24.0,47.0,33.0,27.0,30.0,26.0
1490,37.0,32.0,41.0,32.0,35.0,42.0,28.0
1491,30.0,37.0,22.0,25.0,36.0,35.0,21.0
1492,6.0,4.0,2.0,5.0,0.0,1.0,0.0
1493,2.0,4.0,2.0,1.0,2.0,1.0,4.0
1494,8.0,8.0,12.0,9.0,5.0,3.0,10.0
1495,0.0,0.0,0.0,0.0,0.0,1.0,1.0
1496,5.0,2.0,2.0,3.0,8.0,6.0,3.0
1497,3.0,0.0,1.0,2.0,1.0,0.0,0.0
1498,3.0,8.0,2.0,2.0,6.0,6.0,7.0
1499,2.0,0.0,2.0,0.0,0.0,2.0,0.0
1500,3.0,5.0,4.0,2.0,1.0,1.0,2.0
1501,28.0,14.0,15.0,18.0,14.0,11.0,30.0
1502,9.0,1.0,3.0,5.0,2.0,4.0,4.0
1503,18.0,23.0,10.0,16.0,12.0,10.0,13.0
1504,17.0,2.0,7.0,7.0,4.0,3.0,3.0
1505,2.0,0.0,1.0,0.0,0.0,1.0,0.0
1506,71.0,56.0,62.0,67.0,75.0,74.0,72.0
1507,8.0,3.0,4.0,1.0,4.0,3.0,7.0
1508,2.0,0.0,1.0,1.0,2.0,4.0,1.0
1509,17.0,20.0,19.0,13.0,7.0,28.0,15.0
1510,0.0,5.0,6.0,3.0,3.0,3.0,2.0
1511,10.0,5.0,8.0,7.0,14.0,8.0,8.0
1512,33.0,42.0,48.0,48.0,45.0,57.0,47.0
1513,29.0,21.0,41.0,25.0,20.0,33.0,29.0
1514,10.0,8.0,5.0,5.0,4.0,2.0,7.0
1515,4.0,3.0,3.0,6.0,3.0,3.0,5.0
1516,0.0,4.0,1.0,3.0,1.0,1.0,2.0
1517,9.0,11.0,5.0,11.0,21.0,17.0,6.0
1518,77.0,83.0,74.0,75.0,59.0,89.0,62.0
1519,4.0,6.0,5.0,6.0,14.0,10.0,13.0
1520,2.0,5.0,0.0,3.0,1.0,6.0,0.0
1521,16.0,11.0,15.0,18.0,11.0,10.0,9.0
1522,0.0,1.0,1.0,3.0,0.0,0.0,0.0
1523,11.0,8.0,10.0,9.0,5.0,7.0,7.0
1524,29.0,44.0,36.0,23.0,17.0,48.0,39.0
1525,90.0,106.0,90.0,92.0,112.0,113.0,108.0
1526,0.0,2.0,3.0,5.0,3.0,4.0,6.0
1527,22.0,21.0,29.0,24.0,22.0,32.0,24.0
1528,22.0,26.0,18.0,25.0,28.0,27.0,23.0
1529,6.0,5.0,3.0,6.0,4.0,4.0,0.0
1530,16.0,19.0,23.0,34.0,20.0,23.0,19.0
1531,6.0,14.0,13.0,15.0,10.0,5.0,6.0
1532,14.0,16.0,13.0,12.0,10.0,5.0,7.0
1533,27.0,17.0,8.0,15.0,26.0,15.0,6.0
1534,0.0,2.0,0.0,1.0,3.0,1.0,0.0
1535,30.0,30.0,36.0,60.0,43.0,52.0,36.0
1536,1.0,0.0,2.0,3.0,0.0,4.0,2.0
1537,17.0,25.0,18.0,13.0,25.0,29.0,13.0
1538,31.0,32.0,24.0,36.0,30.0,36.0,22.0
1539,543.0,556.0,547.0,608.0,656.0,622.0,539.0
1540,17.0,25.0,23.0,18.0,18.0,32.0,26.0
1541,5.0,5.0,8.0,6.0,8.0,18.0,10.0
1542,8.0,11.0,13.0,15.0,10.0,20.0,7.0
1543,2.0,3.0,2.0,0.0,1.0,2.0,0.0
1544,16.0,11.0,8.0,10.0,19.0,17.0,11.0
1545,6.0,4.0,4.0,7.0,3.0,5.0,3.0
1546,6.0,13.0,5.0,10.0,4.0,4.0,4.0
1547,43.0,38.0,49.0,46.0,57.0,46.0,37.0
1548,5.0,3.0,5.0,2.0,3.0,1.0,0.0
1549,12.0,8.0,1.0,3.0,1.0,4.0,0.0
1550,13.0,8.0,5.0,7.0,9.0,5.0,10.0
1551,21.0,23.0,26.0,33.0,34.0,20.0,22.0
1552,30.0,29.0,26.0,29.0,32.0,26.0,16.0
1553,61.0,47.0,44.0,56.0,49.0,92.0,51.0
1554,13.0,16.0,13.0,10.0,6.0,12.0,7.0
1555,20.0,7.0,10.0,8.0,10.0,2.0,13.0
1556,27.0,17.0,14.0,11.0,9.0,15.0,12.0
1557,91.0,78.0,65.0,65.0,65.0,77.0,49.0
1558,4.0,11.0,4.0,2.0,4.0,8.0,5.0
1559,47.0,45.0,53.0,73.0,52.0,79.0,70.0
1560,40.0,60.0,39.0,44.0,50.0,82.0,47.0
1561,18.0,17.0,5.0,6.0,8.0,2.0,4.0
1562,7.0,4.0,8.0,3.0,4.0,8.0,4.0
1563,5.0,12.0,9.0,12.0,7.0,8.0,5.0
1564,18.0,23.0,13.0,34.0,32.0,23.0,14.0
1565,2.0,4.0,2.0,0.0,1.0,6.0,8.0
1566,1.0,0.0,0.0,1.0,1.0,3.0,1.0
1567,5.0,5.0,10.0,6.0,0.0,6.0,1.0
1568,24.0,22.0,31.0,26.0,41.0,31.0,31.0
1569,1.0,3.0,2.0,0.0,1.0,0.0,0.0
1570,0.0,2.0,2.0,0.0,0.0,0.0,3.0
1571,9.0,8.0,14.0,5.0,5.0,8.0,7.0
1572,43.0,28.0,27.0,31.0,24.0,30.0,17.0
1573,4.0,4.0,6.0,2.0,7.0,5.0,4.0
1574,15.0,9.0,5.0,7.0,25.0,18.0,9.0
1575,2.0,7.0,14.0,6.0,9.0,13.0,8.0
1576,63.0,39.0,29.0,38.0,47.0,46.0,35.0
1577,7.0,12.0,7.0,6.0,16.0,7.0,8.0
1578,0.0,0.0,2.0,0.0,2.0,1.0,3.0
1579,26.0,25.0,22.0,14.0,28.0,20.0,30.0
1580,1.0,9.0,3.0,9.0,13.0,9.0,9.0
1581,30.0,5.0,16.0,8.0,11.0,6.0,12.0
1582,14.0,5.0,18.0,5.0,7.0,16.0,9.0
1583,38.0,33.0,24.0,36.0,38.0,22.0,35.0
1584,3.0,2.0,1.0,2.0,2.0,0.0,1.0
1585,15.0,13.0,7.0,7.0,8.0,7.0,7.0
1586,27.0,24.0,35.0,38.0,54.0,57.0,22.0
1587,16.0,10.0,10.0,12.0,6.0,16.0,15.0
1588,11.0,25.0,26.0,38.0,33.0,26.0,28.0
1589,1.0,16.0,7.0,6.0,6.0,4.0,1.0
1590,19.0,16.0,12.0,14.0,12.0,7.0,25.0
1591,15.0,29.0,12.0,13.0,9.0,11.0,3.0
1592,13.0,13.0,15.0,19.0,10.0,15.0,13.0
1593,19.0,15.0,10.0,14.0,22.0,9.0,21.0
1594,16.0,19.0,15.0,18.0,7.0,12.0,8.0
1595,213.0,227.0,182.0,194.0,220.0,369.0,360.0
1596,11.0,11.0,10.0,7.0,13.0,7.0,3.0
1597,12.0,8.0,14.0,14.0,7.0,1.0,11.0
1598,0.0,0.0,0.0,0.0,1.0,0.0,0.0
1599,7.0,9.0,1.0,4.0,3.0,8.0,6.0
1600,8.0,6.0,3.0,12.0,5.0,4.0,5.0
1601,3.0,2.0,7.0,4.0,3.0,2.0,5.0
1602,12.0,19.0,17.0,22.0,15.0,10.0,9.0
1603,11.0,21.0,18.0,14.0,9.0,9.0,16.0
1604,8.0,4.0,8.0,13.0,11.0,9.0,7.0
1605,13.0,15.0,14.0,24.0,13.0,16.0,14.0
1606,6.0,8.0,11.0,3.0,1.0,9.0,8.0
1607,15.0,17.0,21.0,14.0,12.0,9.0,3.0
1608,6.0,11.0,5.0,6.0,4.0,7.0,4.0
1609,13.0,11.0,5.0,4.0,7.0,2.0,10.0
1610,15.0,24.0,23.0,22.0,18.0,9.0,13.0
1611,12.0,12.0,12.0,8.0,12.0,21.0,14.0
1612,0.0,0.0,0.0,0.0,0.0,1.0,1.0
1613,2.0,1.0,2.0,1.0,0.0,1.0,0.0
1614,7.0,8.0,5.0,7.0,11.0,14.0,7.0
1615,0.0,0.0,0.0,2.0,1.0,0.0,0.0
1616,28.0,23.0,28.0,11.0,35.0,31.0,17.0
1617,0.0,1.0,0.0,1.0,2.0,1.0,0.0
1618,18.0,20.0,28.0,14.0,32.0,16.0,24.0
1619,15.0,17.0,15.0,8.0,10.0,11.0,11.0
1620,7.0,7.0,4.0,3.0,6.0,5.0,4.0
1621,7.0,10.0,9.0,15.0,6.0,2.0,0.0
1622,2.0,1.0,0.0,2.0,1.0,2.0,1.0
1623,37.0,55.0,38.0,51.0,54.0,41.0,27.0
1624,66.0,65.0,63.0,71.0,74.0,52.0,48.0
1625,0.0,0.0,0.0,1.0,3.0,1.0,1.0
1626,22.0,9.0,12.0,23.0,11.0,6.0,6.0
1627,23.0,22.0,13.0,21.0,22.0,29.0,20.0
1628,21.0,6.0,11.0,7.0,8.0,7.0,6.0
1629,74.0,77.0,94.0,74.0,114.0,101.0,72.0
1630,6.0,3.0,4.0,5.0,4.0,4.0,6.0
1631,8.0,21.0,7.0,7.0,17.0,7.0,16.0
1632,0.0,0.0,0.0,0.0,0.0,0.0,2.0
1633,15.0,12.0,23.0,25.0,23.0,16.0,25.0
1634,8.0,9.0,9.0,4.0,10.0,9.0,8.0
1635,19.0,17.0,21.0,17.0,13.0,11.0,13.0
1636,12.0,13.0,12.0,7.0,8.0,10.0,9.0
1637,5.0,3.0,6.0,1.0,6.0,2.0,2.0
1638,1.0,5.0,4.0,3.0,7.0,3.0,2.0
1639,35.0,26.0,18.0,36.0,42.0,39.0,17.0
1640,2.0,2.0,3.0,3.0,0.0,2.0,2.0
1641,7.0,8.0,1.0,3.0,6.0,9.0,6.0
1642,48.0,45.0,54.0,51.0,46.0,45.0,41.0
1643,18.0,25.0,30.0,16.0,23.0,17.0,11.0
1644,45.0,30.0,26.0,40.0,29.0,30.0,37.0
1645,30.0,22.0,19.0,17.0,16.0,20.0,17.0
1646,69.0,56.0,43.0,61.0,62.0,85.0,39.0
1647,16.0,29.0,23.0,23.0,31.0,23.0,25.0
1648,4.0,0.0,1.0,0.0,1.0,4.0,2.0
1649,16.0,28.0,12.0,16.0,15.0,18.0,17.0
1650,25.0,42.0,22.0,28.0,11.0,12.0,25.0
1651,8.0,31.0,28.0,22.0,20.0,11.0,20.0
1652,10.0,7.0,6.0,4.0,4.0,7.0,11.0
1653,1.0,4.0,2.0,1.0,0.0,2.0,1.0
1654,27.0,24.0,16.0,15.0,11.0,24.0,11.0
1655,13.0,14.0,8.0,7.0,9.0,8.0,11.0
1656,10.0,2.0,0.0,5.0,4.0,6.0,5.0
1657,2.0,1.0,3.0,0.0,0.0,3.0,2.0
1658,19.0,14.0,15.0,16.0,17.0,12.0,18.0
1659,19.0,9.0,6.0,21.0,16.0,13.0,7.0
1660,25.0,18.0,33.0,27.0,46.0,39.0,26.0
1661,13.0,12.0,12.0,6.0,9.0,18.0,10.0
1662,23.0,17.0,13.0,16.0,15.0,29.0,13.0
1663,23.0,17.0,19.0,13.0,21.0,15.0,17.0
1664,31.0,17.0,9.0,19.0,27.0,20.0,15.0
1665,0.0,3.0,0.0,0.0,0.0,0.0,0.0
1666,21.0,33.0,42.0,38.0,48.0,47.0,50.0
1667,19.0,25.0,21.0,20.0,17.0,16.0,16.0
1668,11.0,7.0,8.0,2.0,7.0,2.0,0.0
1669,3.0,3.0,4.0,4.0,3.0,8.0,6.0
1670,512.0,517.0,543.0,594.0,634.0,563.0,401.0
1671,7.0,11.0,12.0,11.0,10.0,7.0,9.0
1672,35.0,36.0,39.0,49.0,52.0,53.0,38.0
1673,19.0,17.0,18.0,20.0,21.0,20.0,20.0
1674,4.0,8.0,7.0,13.0,5.0,7.0,8.0
1675,6.0,4.0,10.0,9.0,10.0,7.0,7.0
1676,0.0,0.0,0.0,0.0,0.0,0.0,0.0
1677,754.0,650.0,704.0,617.0,691.0,644.0,618.0
1678,2.0,5.0,4.0,4.0,6.0,6.0,1.0
1679,18.0,12.0,13.0,6.0,10.0,14.0,12.0
1680,1.0,3.0,2.0,0.0,7.0,1.0,6.0
1681,4.0,3.0,3.0,3.0,6.0,2.0,2.0
1682,26.0,9.0,27.0,21.0,23.0,18.0,19.0
1683,10.0,11.0,10.0,4.0,9.0,12.0,4.0
1684,1.0,3.0,6.0,4.0,5.0,3.0,2.0
1685,10.0,6.0,18.0,8.0,6.0,1.0,7.0
1686,1.0,0.0,1.0,1.0,0.0,0.0,1.0
1687,15.0,18.0,9.0,9.0,18.0,16.0,10.0
1688,5.0,7.0,3.0,6.0,1.0,4.0,6.0
1689,32.0,21.0,12.0,24.0,27.0,28.0,18.0
1690,32.0,46.0,28.0,42.0,27.0,21.0,24.0
1691,8.0,5.0,3.0,5.0,5.0,9.0,1.0
1692,104.0,95.0,84.0,80.0,100.0,119.0,87.0
1693,10.0,9.0,7.0,4.0,3.0,7.0,6.0
1694,2.0,2.0,0.0,3.0,3.0,1.0,2.0
1695,8.0,10.0,6.0,5.0,12.0,13.0,11.0
1696,0.0,0.0,0.0,0.0,1.0,0.0,0.0
1697,9.0,7.0,6.0,5.0,7.0,14.0,9.0
1698,6.0,1.0,2.0,3.0,2.0,1.0,2.0
1699,12.0,40.0,17.0,27.0,24.0,28.0,18.0
1700,15.0,19.0,23.0,22.0,16.0,13.0,23.0
1701,5.0,2.0,6.0,10.0,7.0,5.0,4.0
1702,0.0,1.0,0.0,1.0,1.0,0.0,0.0
1703,6.0,11.0,6.0,8.0,9.0,2.0,3.0
1704,14.0,6.0,16.0,9.0,12.0,10.0,8.0
1705,3.0,2.0,3.0,5.0,7.0,4.0,2.0
1706,0.0,0.0,0.0,1.0,1.0,0.0,0.0
1707,22.0,25.0,25.0,24.0,15.0,12.0,13.0
1708,3.0,2.0,1.0,2.0,0.0,3.0,0.0
1709,2.0,0.0,3.0,0.0,2.0,0.0,2.0
1710,5.0,6.0,10.0,6.0,10.0,10.0,6.0
1711,0.0,0.0,3.0,1.0,2.0,0.0,1.0
1712,51.0,47.0,39.0,32.0,26.0,31.0,38.0
1713,3.0,4.0,12.0,7.0,8.0,10.0,9.0
1714,10.0,6.0,5.0,3.0,7.0,9.0,7.0
1715,9.0,6.0,13.0,10.0,17.0,11.0,10.0
1716,18.0,18.0,15.0,12.0,7.0,5.0,2.0
1717,25.0,13.0,28.0,21.0,35.0,39.0,23.0
1718,13.0,10.0,6.0,11.0,3.0,6.0,9.0
1719,5.0,9.0,15.0,10.0,8.0,9.0,5.0
1720,52.0,39.0,35.0,21.0,25.0,14.0,26.0
1721,5.0,6.0,4.0,9.0,5.0,1.0,3.0
1722,4.0,3.0,5.0,1.0,1.0,3.0,2.0
1723,37.0,40.0,48.0,38.0,21.0,38.0,27.0
1724,1.0,7.0,1.0,0.0,4.0,13.0,4.0
1725,9.0,11.0,11.0,7.0,5.0,7.0,8.0
1726,27.0,28.0,17.0,35.0,38.0,36.0,18.0
1727,11.0,14.0,10.0,9.0,12.0,2.0,4.0
1728,1.0,1.0,2.0,1.0,0.0,0.0,0.0
1729,13.0,6.0,8.0,7.0,4.0,12.0,8.0
1730,84.0,68.0,72.0,72.0,111.0,109.0,62.0
1731,2.0,0.0,0.0,1.0,1.0,0.0,1.0
1732,25.0,36.0,23.0,27.0,19.0,14.0,27.0
1733,13.0,8.0,4.0,3.0,4.0,6.0,4.0
1734,8.0,9.0,9.0,5.0,11.0,7.0,3.0
1735,24.0,8.0,13.0,11.0,29.0,29.0,9.0
1736,8.0,8.0,10.0,9.0,4.0,4.0,3.0
1737,14.0,15.0,6.0,3.0,2.0,2.0,4.0
1738,4.0,3.0,5.0,1.0,6.0,3.0,4.0
1739,8.0,14.0,12.0,12.0,24.0,18.0,17.0
1740,0.0,1.0,1.0,0.0,0.0,1.0,3.0
1741,0.0,0.0,0.0,0.0,0.0,2.0,0.0
1742,3.0,10.0,8.0,3.0,6.0,1.0,4.0
1743,11.0,6.0,10.0,11.0,9.0,11.0,4.0
1744,28.0,13.0,10.0,20.0,29.0,7.0,18.0
1745,38.0,43.0,50.0,57.0,54.0,74.0,47.0
1746,11.0,12.0,16.0,13.0,10.0,12.0,9.0
1747,15.0,10.0,16.0,16.0,9.0,15.0,15.0
1748,55.0,41.0,48.0,48.0,33.0,51.0,28.0
1749,6.0,3.0,1.0,0.0,5.0,3.0,2.0
1750,10.0,10.0,11.0,8.0,9.0,5.0,8.0
1751,22.0,31.0,20.0,17.0,20.0,23.0,17.0
1752,0.0,0.0,0.0,0.0,0.0,0.0,0.0
1753,4.0,2.0,5.0,0.0,5.0,0.0,2.0
1754,4.0,5.0,5.0,3.0,0.0,5.0,4.0
1755,5.0,15.0,9.0,6.0,5.0,3.0,2.0
1756,21.0,28.0,22.0,27.0,43.0,30.0,18.0
1757,0.0,0.0,0.0,0.0,0.0,0.0,0.0
1758,9.0,8.0,12.0,8.0,13.0,8.0,7.0
1759,1.0,0.0,3.0,2.0,3.0,5.0,2.0
1760,18.0,25.0,15.0,11.0,16.0,17.0,18.0
1761,37.0,27.0,39.0,41.0,41.0,23.0,24.0
1762,8.0,7.0,4.0,2.0,3.0,6.0,2.0
1763,6.0,16.0,13.0,11.0,14.0,11.0,8.0
1764,1.0,0.0,0.0,0.0,1.0,0.0,0.0
1765,38.0,32.0,24.0,34.0,44.0,21.0,14.0
1766,7.0,9.0,6.0,13.0,7.0,11.0,11.0
1767,11.0,11.0,14.0,13.0,13.0,15.0,13.0
1768,1.0,0.0,2.0,1.0,0.0,2.0,3.0
1769,4.0,4.0,2.0,0.0,0.0,0.0,0.0
1770,12.0,8.0,6.0,9.0,7.0,10.0,9.0
1771,13.0,9.0,2.0,4.0,0.0,1.0,2.0
1772,3.0,6.0,7.0,5.0,1.0,2.0,5.0
1773,19.0,13.0,4.0,7.0,11.0,10.0,12.0
1774,8.0,6.0,5.0,6.0,4.0,6.0,3.0
1775,50.0,52.0,39.0,37.0,36.0,45.0,27.0
1776,12.0,19.0,18.0,10.0,19.0,11.0,8.0
1777,7.0,4.0,3.0,0.0,3.0,1.0,2.0
1778,0.0,2.0,3.0,0.0,2.0,0.0,1.0
1779,18.0,22.0,13.0,21.0,5.0,15.0,16.0
1780,21.0,11.0,9.0,7.0,13.0,22.0,18.0
1781,4.0,10.0,13.0,9.0,4.0,7.0,8.0
1782,0.0,1.0,0.0,1.0,0.0,2.0,2.0
1783,51.0,44.0,47.0,45.0,52.0,66.0,44.0
1784,59.0,28.0,27.0,26.0,47.0,22.0,32.0
1785,0.0,0.0,2.0,0.0,0.0,4.0,1.0
1786,236.0,208.0,238.0,214.0,208.0,213.0,203.0
1787,10.0,9.0,8.0,10.0,8.0,9.0,7.0
1788,79.0,54.0,49.0,55.0,83.0,92.0,70.0
1789,10.0,4.0,8.0,6.0,3.0,1.0,0.0
1790,24.0,14.0,25.0,14.0,15.0,26.0,19.0
1791,19.0,8.0,12.0,6.0,11.0,16.0,19.0
1792,18.0,10.0,5.0,20.0,10.0,11.0,15.0
1793,0.0,0.0,2.0,0.0,1.0,1.0,0.0
1794,8.0,8.0,2.0,5.0,10.0,9.0,7.0
1795,5.0,4.0,7.0,5.0,9.0,9.0,3.0
1796,18.0,13.0,16.0,18.0,8.0,7.0,4.0
1797,4.0,2.0,9.0,4.0,0.0,5.0,5.0
1798,10.0,6.0,7.0,5.0,6.0,2.0,6.0
1799,3.0,5.0,6.0,2.0,3.0,3.0,2.0
1800,24.0,10.0,23.0,25.0,18.0,24.0,12.0
1801,53.0,54.0,48.0,52.0,90.0,68.0,52.0
1802,8.0,11.0,7.0,2.0,7.0,7.0,9.0
1803,2.0,11.0,8.0,6.0,8.0,9.0,5.0
1804,23.0,25.0,37.0,35.0,35.0,48.0,15.0
1805,29.0,17.0,20.0,13.0,33.0,9.0,14.0
1806,0.0,1.0,0.0,0.0,0.0,2.0,2.0
1807,26.0,22.0,24.0,16.0,25.0,46.0,21.0
1808,7.0,6.0,4.0,9.0,3.0,10.0,3.0
1809,16.0,12.0,5.0,20.0,14.0,12.0,13.0
1810,7.0,7.0,8.0,6.0,6.0,5.0,11.0
1811,1.0,4.0,1.0,5.0,0.0,4.0,1.0
1812,16.0,9.0,9.0,6.0,18.0,15.0,3.0
1813,8.0,8.0,7.0,10.0,4.0,8.0,6.0
1814,3.0,7.0,12.0,5.0,6.0,4.0,8.0
1815,3.0,8.0,2.0,4.0,3.0,8.0,7.0
1816,8.0,7.0,3.0,6.0,9.0,9.0,2.0
1817,22.0,14.0,20.0,19.0,13.0,22.0,11.0
1818,15.0,10.0,8.0,15.0,12.0,8.0,12.0
1819,5.0,6.0,2.0,6.0,4.0,6.0,3.0
1820,20.0,18.0,26.0,16.0,24.0,30.0,10.0
1821,56.0,51.0,57.0,49.0,61.0,71.0,50.0
1822,5.0,4.0,1.0,2.0,3.0,7.0,6.0
1823,229.0,206.0,227.0,213.0,273.0,272.0,161.0
1824,5.0,7.0,8.0,4.0,8.0,9.0,2.0
1825,5.0,6.0,7.0,13.0,7.0,10.0,7.0
1826,18.0,15.0,10.0,16.0,14.0,20.0,13.0
1827,9.0,8.0,1.0,3.0,6.0,2.0,2.0
1828,20.0,24.0,21.0,17.0,31.0,22.0,30.0
1829,23.0,16.0,18.0,22.0,22.0,28.0,13.0
1830,36.0,21.0,12.0,20.0,31.0,27.0,31.0
1831,19.0,15.0,12.0,8.0,12.0,13.0,6.0
1832,0.0,0.0,0.0,0.0,2.0,1.0,2.0
1833,12.0,6.0,5.0,3.0,10.0,7.0,5.0
1834,0.0,0.0,4.0,2.0,1.0,1.0,1.0
1835,13.0,8.0,5.0,11.0,6.0,8.0,5.0
1836,44.0,25.0,29.0,34.0,31.0,34.0,29.0
1837,8.0,0.0,5.0,9.0,6.0,8.0,2.0
1838,0.0,1.0,0.0,2.0,2.0,3.0,0.0
1839,17.0,15.0,17.0,21.0,15.0,25.0,16.0
1840,8.0,8.0,2.0,9.0,7.0,5.0,4.0
1841,10.0,12.0,11.0,14.0,21.0,16.0,15.0
1842,9.0,16.0,9.0,10.0,8.0,10.0,4.0
1843,0.0,3.0,0.0,0.0,1.0,1.0,0.0
1844,26.0,21.0,18.0,24.0,25.0,22.0,15.0
1845,0.0,0.0,1.0,0.0,2.0,0.0,0.0
1846,25.0,15.0,21.0,16.0,44.0,36.0,17.0
1847,3.0,2.0,3.0,5.0,2.0,4.0,0.0
1848,38.0,67.0,59.0,53.0,49.0,41.0,45.0
1849,2.0,2.0,0.0,1.0,3.0,4.0,3.0
1850,3.0,2.0,1.0,0.0,5.0,1.0,1.0
1851,13.0,6.0,8.0,11.0,8.0,6.0,1.0
1852,4.0,0.0,2.0,2.0,1.0,6.0,2.0
1853,15.0,22.0,13.0,12.0,9.0,8.0,13.0
1854,2.0,1.0,0.0,0.0,1.0,8.0,0.0
1855,1.0,0.0,1.0,1.0,1.0,1.0,0.0
1856,1.0,3.0,3.0,5.0,0.0,1.0,3.0
1857,8.0,4.0,5.0,3.0,7.0,7.0,6.0
1858,11.0,10.0,3.0,2.0,1.0,2.0,1.0
1859,43.0,44.0,42.0,51.0,36.0,25.0,39.0
1860,8.0,5.0,5.0,2.0,10.0,5.0,9.0
1861,28.0,33.0,21.0,18.0,24.0,24.0,18.0
1862,7.0,2.0,1.0,2.0,6.0,5.0,4.0
1863,5.0,8.0,5.0,12.0,6.0,7.0,6.0
1864,0.0,0.0,0.0,1.0,1.0,5.0,1.0
1865,17.0,23.0,10.0,15.0,18.0,16.0,11.0
1866,11.0,13.0,14.0,11.0,9.0,7.0,4.0
1867,7.0,8.0,8.0,7.0,3.0,5.0,2.0
1868,37.0,42.0,24.0,25.0,39.0,23.0,36.0
1869,59.0,59.0,51.0,59.0,63.0,59.0,57.0
1870,3.0,20.0,6.0,1.0,6.0,5.0,2.0
1871,14.0,17.0,7.0,6.0,10.0,14.0,6.0
1872,19.0,7.0,5.0,13.0,12.0,11.0,13.0
1873,6.0,10.0,5.0,5.0,1.0,7.0,2.0
1874,51.0,50.0,39.0,38.0,53.0,38.0,36.0
1875,3.0,1.0,1.0,7.0,0.0,2.0,1.0
1876,46.0,40.0,36.0,34.0,38.0,41.0,37.0
1877,19.0,17.0,19.0,20.0,19.0,16.0,15.0
1878,2.0,0.0,2.0,3.0,0.0,2.0,2.0
1879,1.0,2.0,1.0,2.0,2.0,3.0,4.0
1880,14.0,20.0,12.0,4.0,9.0,7.0,7.0
1881,20.0,21.0,24.0,21.0,12.0,9.0,15.0
1882,32.0,20.0,32.0,27.0,41.0,26.0,32.0
1883,80.0,82.0,90.0,97.0,125.0,122.0,81.0
1884,9.0,6.0,15.0,13.0,14.0,14.0,7.0
1885,3.0,5.0,6.0,4.0,6.0,4.0,4.0
1886,69.0,60.0,42.0,44.0,63.0,18.0,14.0
1887,5.0,5.0,8.0,6.0,10.0,3.0,3.0
1888,3.0,5.0,2.0,6.0,3.0,6.0,1.0
1889,1.0,1.0,1.0,1.0,0.0,0.0,2.0
1890,1.0,2.0,1.0,1.0,1.0,0.0,1.0
1891,9.0,12.0,13.0,11.0,8.0,9.0,6.0
1892,41.0,42.0,34.0,12.0,49.0,35.0,25.0
1893,16.0,11.0,9.0,12.0,14.0,14.0,12.0
1894,0.0,0.0,0.0,3.0,0.0,1.0,0.0
1895,22.0,29.0,21.0,21.0,21.0,17.0,13.0
1896,0.0,2.0,3.0,4.0,1.0,5.0,0.0
1897,7.0,2.0,8.0,9.0,14.0,10.0,5.0
1898,33.0,31.0,37.0,36.0,44.0,41.0,22.0
1899,7.0,5.0,11.0,4.0,9.0,5.0,4.0
1900,0.0,0.0,1.0,0.0,1.0,1.0,0.0
1901,5.0,7.0,4.0,0.0,1.0,3.0,2.0
1902,10.0,16.0,9.0,11.0,9.0,5.0,8.0
1903,29.0,55.0,38.0,50.0,44.0,55.0,30.0
1904,8.0,6.0,10.0,5.0,10.0,9.0,6.0
1905,4.0,1.0,0.0,0.0,4.0,1.0,0.0
1906,46.0,51.0,35.0,42.0,72.0,42.0,47.0
1907,1.0,4.0,1.0,1.0,3.0,2.0,1.0
1908,24.0,26.0,22.0,15.0,20.0,15.0,12.0
1909,9.0,19.0,16.0,9.0,10.0,4.0,4.0
1910,4.0,2.0,1.0,5.0,3.0,1.0,1.0
1911,722.0,684.0,643.0,725.0,800.0,698.0,631.0
1912,16.0,10.0,12.0,26.0,14.0,9.0,7.0
1913,5.0,4.0,6.0,7.0,5.0,10.0,4.0
1914,1.0,1.0,0.0,2.0,1.0,2.0,2.0
1915,9.0,10.0,8.0,9.0,5.0,5.0,6.0
1916,0.0,2.0,1.0,1.0,0.0,2.0,0.0
1917,19.0,22.0,15.0,22.0,13.0,10.0,12.0
1918,3.0,3.0,1.0,2.0,2.0,1.0,2.0
1919,29.0,53.0,17.0,22.0,20.0,26.0,18.0
1920,3.0,1.0,1.0,1.0,3.0,1.0,3.0
1921,23.0,14.0,12.0,15.0,15.0,20.0,19.0
1922,10.0,0.0,4.0,4.0,5.0,9.0,2.0
1923,14.0,6.0,13.0,6.0,2.0,4.0,6.0
1924,32.0,31.0,23.0,34.0,44.0,40.0,23.0
1925,6.0,6.0,6.0,3.0,9.0,5.0,2.0
1926,8.0,17.0,16.0,9.0,11.0,6.0,12.0
1927,14.0,6.0,12.0,4.0,3.0,6.0,4.0
1928,55.0,58.0,37.0,63.0,60.0,63.0,41.0
1929,0.0,2.0,0.0,0.0,1.0,0.0,0.0
1930,33.0,28.0,20.0,21.0,18.0,23.0,17.0
1931,18.0,15.0,10.0,13.0,11.0,9.0,8.0
1932,6.0,4.0,2.0,2.0,1.0,2.0,2.0
1933,15.0,5.0,9.0,4.0,6.0,7.0,3.0
1934,34.0,32.0,19.0,44.0,22.0,56.0,30.0
1935,293.0,264.0,351.0,293.0,298.0,324.0,276.0
1936,34.0,17.0,16.0,15.0,32.0,48.0,19.0
1937,2.0,0.0,5.0,5.0,4.0,2.0,2.0
1938,13.0,30.0,21.0,35.0,33.0,21.0,10.0
1939,5.0,9.0,7.0,5.0,11.0,8.0,2.0
1940,13.0,21.0,15.0,26.0,26.0,27.0,15.0
1941,20.0,17.0,13.0,9.0,15.0,3.0,6.0
1942,21.0,16.0,11.0,27.0,22.0,46.0,13.0
1943,8.0,11.0,16.0,7.0,5.0,6.0,13.0
1944,25.0,16.0,17.0,16.0,18.0,17.0,17.0
1945,33.0,22.0,25.0,24.0,15.0,22.0,14.0
1946,8.0,5.0,6.0,4.0,7.0,7.0,4.0
1947,0.0,0.0,0.0,1.0,5.0,0.0,0.0
1948,3.0,3.0,5.0,2.0,5.0,6.0,4.0
1949,11.0,9.0,5.0,0.0,1.0,2.0,1.0
1950,25.0,17.0,22.0,24.0,26.0,31.0,16.0
1951,62.0,24.0,45.0,40.0,41.0,56.0,25.0
1952,12.0,10.0,15.0,19.0,19.0,13.0,8.0
1953,12.0,20.0,10.0,19.0,24.0,14.0,17.0
1954,11.0,8.0,9.0,10.0,16.0,11.0,15.0
1955,16.0,10.0,22.0,18.0,41.0,28.0,9.0
1956,3.0,1.0,5.0,6.0,4.0,8.0,4.0
1957,0.0,2.0,3.0,0.0,0.0,1.0,0.0
1958,13.0,5.0,17.0,7.0,6.0,3.0,5.0
1959,42.0,16.0,22.0,11.0,22.0,13.0,18.0
1960,85.0,79.0,64.0,55.0,61.0,57.0,63.0
1961,2.0,1.0,2.0,0.0,1.0,2.0,2.0
1962,10.0,4.0,10.0,10.0,3.0,6.0,3.0
1963,0.0,2.0,2.0,2.0,2.0,0.0,1.0
1964,1.0,3.0,5.0,4.0,7.0,3.0,1.0
1965,3.0,13.0,8.0,16.0,8.0,11.0,4.0
1966,11.0,11.0,15.0,4.0,3.0,6.0,3.0
1967,0.0,6.0,3.0,1.0,1.0,4.0,3.0
1968,4.0,3.0,5.0,6.0,4.0,4.0,3.0
1969,8.0,11.0,17.0,7.0,12.0,11.0,9.0
1970,0.0,1.0,0.0,2.0,2.0,6.0,1.0
1971,11.0,16.0,8.0,3.0,6.0,5.0,5.0
1972,17.0,54.0,26.0,14.0,30.0,37.0,26.0
1973,12.0,7.0,5.0,6.0,4.0,13.0,12.0
1974,12.0,7.0,5.0,1.0,7.0,5.0,3.0
1975,15.0,23.0,27.0,21.0,45.0,27.0,37.0
1976,18.0,24.0,41.0,50.0,60.0,52.0,62.0
1977,46.0,45.0,35.0,43.0,43.0,32.0,40.0
1978,15.0,10.0,9.0,20.0,6.0,5.0,6.0
1979,8.0,10.0,4.0,8.0,5.0,4.0,6.0
1980,24.0,22.0,18.0,15.0,19.0,16.0,17.0
1981,10.0,13.0,10.0,6.0,8.0,5.0,5.0
1982,11.0,13.0,13.0,12.0,9.0,9.0,9.0
1983,9.0,11.0,4.0,11.0,7.0,4.0,10.0
1984,1.0,7.0,5.0,9.0,2.0,5.0,6.0
1985,39.0,49.0,41.0,35.0,47.0,39.0,34.0
1986,23.0,20.0,19.0,20.0,40.0,35.0,20.0
1987,1.0,10.0,4.0,3.0,4.0,0.0,2.0
1988,42.0,30.0,25.0,28.0,30.0,38.0,31.0
1989,8.0,12.0,9.0,16.0,4.0,4.0,5.0
1990,33.0,31.0,24.0,20.0,24.0,18.0,19.0
1991,1.0,2.0,1.0,1.0,2.0,0.0,1.0
1992,85.0,80.0,81.0,86.0,94.0,90.0,98.0
1993,7.0,10.0,6.0,4.0,6.0,6.0,7.0
1994,6.0,12.0,6.0,4.0,4.0,4.0,3.0
1995,0.0,0.0,2.0,2.0,1.0,3.0,2.0
1996,7.0,7.0,13.0,12.0,7.0,10.0,8.0
1997,11.0,12.0,6.0,12.0,7.0,7.0,5.0
1998,38.0,37.0,25.0,23.0,25.0,15.0,18.0
1999,27.0,23.0,22.0,25.0,33.0,27.0,21.0
2000,24.0,33.0,35.0,14.0,9.0,4.0,16.0
