shop_id,2016-10-25,2016-10-26,2016-10-27,2016-10-28,2016-10-29,2016-10-30,2016-10-31
1,255.0,172.0,226.0,257.0,251.0,281.0,180.0
2,82.0,97.0,83.0,96.0,96.0,115.0,80.0
3,80.0,61.0,68.0,103.0,102.0,104.0,67.0
4,90.0,104.0,55.0,110.0,215.0,196.0,115.0
5,302.0,1.0,0.0,215.0,203.0,291.0,239.0
6,97.0,100.0,117.0,133.0,109.0,118.0,86.0
7,128.0,115.0,111.0,128.0,165.0,162.0,81.0
8,70.0,68.0,72.0,49.0,70.0,71.0,35.0
9,210.0,197.0,245.0,205.0,291.0,283.0,212.0
10,77.0,114.0,85.0,84.0,99.0,93.0,121.0
11,91.0,97.0,89.0,84.0,70.0,89.0,105.0
12,35.0,59.0,60.0,74.0,90.0,89.0,56.0
13,290.0,238.0,236.0,242.0,214.0,241.0,229.0
14,60.0,60.0,59.0,51.0,61.0,66.0,60.0
15,134.0,126.0,130.0,153.0,199.0,193.0,134.0
16,38.0,39.0,48.0,50.0,38.0,38.0,32.0
17,89.0,88.0,81.0,102.0,105.0,100.0,80.0
18,74.0,82.0,103.0,88.0,149.0,134.0,98.0
19,148.0,89.0,152.0,161.0,183.0,226.0,142.0
20,164.0,134.0,151.0,137.0,139.0,136.0,173.0
21,67.0,74.0,79.0,91.0,140.0,117.0,95.0
22,110.0,123.0,105.0,135.0,129.0,126.0,125.0
23,33.0,14.0,9.0,71.0,56.0,57.0,121.0
24,83.0,83.0,54.0,61.0,89.0,104.0,57.0
25,119.0,114.0,98.0,142.0,147.0,120.0,119.0
26,49.0,60.0,66.0,62.0,123.0,141.0,55.0
27,83.0,90.0,98.0,88.0,97.0,82.0,88.0
28,64.0,67.0,69.0,79.0,84.0,99.0,53.0
29,81.0,91.0,98.0,145.0,223.0,202.0,110.0
30,36.0,47.0,50.0,60.0,49.0,52.0,52.0
31,304.0,344.0,197.0,352.0,598.0,607.0,327.0
32,392.0,454.0,449.0,417.0,181.0,86.0,440.0
33,60.0,75.0,60.0,51.0,103.0,94.0,48.0
34,354.0,358.0,315.0,459.0,596.0,506.0,366.0
35,141.0,113.0,547.0,103.0,153.0,193.0,109.0
36,68.0,55.0,64.0,46.0,70.0,85.0,60.0
37,219.0,171.0,206.0,210.0,263.0,311.0,172.0
38,127.0,128.0,116.0,105.0,63.0,60.0,95.0
39,222.0,122.0,218.0,200.0,258.0,320.0,202.0
40,109.0,50.0,77.0,85.0,101.0,113.0,81.0
41,174.0,120.0,152.0,188.0,323.0,368.0,145.0
42,56.0,85.0,80.0,84.0,89.0,93.0,62.0
43,87.0,63.0,81.0,106.0,65.0,106.0,63.0
44,43.0,47.0,55.0,65.0,87.0,80.0,66.0
45,32.0,28.0,33.0,33.0,50.0,57.0,31.0
46,160.0,143.0,182.0,173.0,162.0,164.0,163.0
47,161.0,195.0,152.0,165.0,73.0,77.0,126.0
48,354.0,377.0,331.0,408.0,546.0,517.0,405.0
49,410.0,327.0,388.0,381.0,552.0,595.0,486.0
50,59.0,53.0,63.0,55.0,68.0,78.0,95.0
51,63.0,68.0,68.0,80.0,35.0,28.0,70.0
52,46.0,58.0,49.0,64.0,120.0,94.0,64.0
53,129.0,118.0,124.0,140.0,123.0,104.0,110.0
54,301.0,315.0,323.0,285.0,333.0,331.0,333.0
55,332.0,317.0,326.0,388.0,370.0,345.0,317.0
56,67.0,77.0,67.0,73.0,105.0,85.0,61.0
57,258.0,426.0,284.0,359.0,230.0,266.0,234.0
58,1598.0,1407.0,1631.0,1577.0,1932.0,1852.0,1560.0
59,160.0,173.0,174.0,285.0,145.0,164.0,170.0
60,142.0,158.0,137.0,176.0,190.0,193.0,174.0
61,76.0,93.0,86.0,107.0,112.0,118.0,70.0
62,85.0,74.0,66.0,84.0,106.0,140.0,67.0
63,245.0,187.0,200.0,200.0,233.0,265.0,198.0
64,157.0,180.0,157.0,148.0,131.0,108.0,165.0
65,304.0,300.0,301.0,327.0,435.0,551.0,370.0
66,58.0,78.0,78.0,103.0,85.0,100.0,73.0
67,56.0,59.0,32.0,69.0,99.0,89.0,49.0
68,50.0,71.0,51.0,54.0,57.0,62.0,64.0
69,85.0,107.0,109.0,151.0,143.0,127.0,92.0
70,50.0,55.0,57.0,65.0,94.0,88.0,46.0
71,156.0,163.0,135.0,139.0,162.0,168.0,134.0
72,487.0,476.0,465.0,539.0,373.0,406.0,681.0
73,113.0,76.0,95.0,110.0,92.0,122.0,95.0
74,121.0,115.0,107.0,120.0,135.0,165.0,110.0
75,113.0,79.0,57.0,84.0,95.0,129.0,80.0
76,39.0,32.0,52.0,60.0,128.0,78.0,43.0
77,136.0,127.0,141.0,123.0,93.0,137.0,101.0
78,51.0,53.0,56.0,56.0,58.0,66.0,59.0
79,165.0,128.0,148.0,152.0,56.0,57.0,176.0
80,68.0,70.0,77.0,67.0,73.0,85.0,83.0
81,123.0,73.0,106.0,20.0,65.0,98.0,85.0
82,103.0,120.0,100.0,114.0,101.0,110.0,113.0
83,117.0,109.0,126.0,140.0,209.0,188.0,101.0
84,188.0,152.0,151.0,212.0,342.0,297.0,161.0
85,60.0,56.0,49.0,74.0,111.0,109.0,57.0
86,116.0,119.0,131.0,110.0,172.0,146.0,115.0
87,134.0,128.0,134.0,114.0,26.0,26.0,122.0
88,422.0,482.0,465.0,500.0,602.0,586.0,438.0
89,39.0,34.0,46.0,48.0,167.0,102.0,47.0
90,222.0,145.0,160.0,269.0,438.0,445.0,189.0
91,87.0,89.0,82.0,87.0,115.0,123.0,84.0
92,110.0,106.0,119.0,159.0,218.0,162.0,126.0
93,185.0,188.0,205.0,170.0,123.0,93.0,181.0
94,86.0,138.0,83.0,95.0,100.0,79.0,85.0
95,109.0,104.0,99.0,111.0,100.0,89.0,88.0
96,116.0,164.0,122.0,184.0,148.0,162.0,144.0
97,193.0,46.0,164.0,192.0,192.0,239.0,264.0
98,84.0,77.0,74.0,78.0,120.0,105.0,74.0
99,68.0,66.0,68.0,73.0,50.0,73.0,73.0
100,382.0,392.0,419.0,427.0,400.0,282.0,388.0
101,128.0,122.0,115.0,125.0,201.0,192.0,146.0
102,133.0,108.0,121.0,122.0,125.0,128.0,120.0
103,63.0,75.0,55.0,58.0,79.0,69.0,51.0
104,117.0,108.0,101.0,116.0,106.0,70.0,105.0
105,77.0,61.0,80.0,100.0,153.0,160.0,88.0
106,78.0,62.0,68.0,64.0,55.0,53.0,70.0
107,71.0,70.0,61.0,116.0,258.0,196.0,71.0
108,89.0,79.0,89.0,113.0,132.0,138.0,85.0
109,106.0,121.0,107.0,102.0,94.0,108.0,90.0
110,153.0,154.0,103.0,145.0,149.0,123.0,114.0
111,50.0,63.0,71.0,75.0,103.0,78.0,74.0
112,113.0,108.0,103.0,116.0,162.0,180.0,111.0
113,160.0,196.0,140.0,177.0,98.0,134.0,163.0
114,597.0,587.0,648.0,806.0,508.0,491.0,581.0
115,518.0,466.0,308.0,354.0,299.0,313.0,319.0
116,510.0,526.0,517.0,410.0,323.0,373.0,470.0
117,133.0,116.0,102.0,138.0,239.0,220.0,106.0
118,86.0,88.0,76.0,70.0,20.0,24.0,87.0
119,48.0,34.0,32.0,56.0,85.0,78.0,45.0
120,281.0,254.0,264.0,251.0,292.0,367.0,268.0
121,40.0,47.0,47.0,78.0,69.0,72.0,45.0
122,51.0,55.0,71.0,74.0,63.0,71.0,49.0
123,72.0,83.0,37.0,91.0,115.0,84.0,78.0
124,416.0,347.0,355.0,337.0,447.0,472.0,411.0
125,25.0,30.0,32.0,49.0,42.0,37.0,25.0
126,114.0,116.0,112.0,116.0,103.0,89.0,135.0
127,44.0,52.0,51.0,47.0,74.0,83.0,50.0
128,33.0,54.0,45.0,52.0,69.0,76.0,46.0
129,162.0,147.0,178.0,168.0,419.0,400.0,168.0
130,299.0,236.0,295.0,276.0,350.0,353.0,262.0
131,33.0,49.0,43.0,43.0,43.0,60.0,62.0
132,41.0,42.0,40.0,77.0,151.0,108.0,59.0
133,93.0,97.0,101.0,110.0,79.0,80.0,118.0
134,424.0,420.0,420.0,338.0,338.0,375.0,407.0
135,160.0,132.0,151.0,154.0,204.0,167.0,156.0
136,86.0,96.0,100.0,134.0,83.0,87.0,98.0
137,92.0,88.0,99.0,102.0,75.0,99.0,83.0
138,278.0,216.0,269.0,295.0,265.0,228.0,272.0
139,50.0,56.0,58.0,96.0,155.0,125.0,60.0
140,360.0,355.0,338.0,419.0,195.0,174.0,297.0
141,47.0,33.0,28.0,45.0,68.0,66.0,38.0
142,391.0,487.0,448.0,427.0,147.0,168.0,436.0
143,121.0,127.0,137.0,123.0,130.0,115.0,145.0
144,88.0,67.0,84.0,91.0,163.0,206.0,92.0
145,69.0,71.0,68.0,65.0,68.0,69.0,62.0
146,415.0,444.0,397.0,501.0,705.0,729.0,520.0
147,153.0,131.0,132.0,144.0,100.0,89.0,106.0
148,67.0,74.0,61.0,83.0,73.0,71.0,84.0
149,124.0,148.0,139.0,160.0,453.0,287.0,171.0
150,53.0,67.0,50.0,61.0,120.0,101.0,52.0
151,93.0,107.0,100.0,157.0,58.0,51.0,107.0
152,52.0,54.0,59.0,55.0,65.0,56.0,47.0
153,59.0,60.0,64.0,56.0,101.0,77.0,60.0
154,112.0,115.0,114.0,107.0,80.0,66.0,128.0
155,117.0,147.0,126.0,139.0,167.0,168.0,115.0
156,135.0,124.0,117.0,130.0,150.0,148.0,133.0
157,74.0,77.0,62.0,83.0,131.0,104.0,78.0
158,66.0,75.0,67.0,66.0,65.0,62.0,69.0
159,41.0,54.0,55.0,54.0,80.0,85.0,64.0
160,323.0,279.0,286.0,284.0,109.0,96.0,263.0
161,95.0,88.0,148.0,133.0,83.0,131.0,149.0
162,109.0,104.0,93.0,84.0,99.0,60.0,71.0
163,84.0,61.0,84.0,66.0,115.0,104.0,64.0
164,201.0,228.0,235.0,240.0,150.0,136.0,212.0
165,89.0,61.0,77.0,119.0,152.0,155.0,86.0
166,53.0,62.0,52.0,72.0,132.0,129.0,46.0
167,160.0,203.0,144.0,142.0,162.0,135.0,149.0
168,106.0,107.0,108.0,84.0,97.0,124.0,111.0
169,90.0,81.0,82.0,95.0,211.0,158.0,66.0
170,67.0,55.0,54.0,71.0,143.0,128.0,67.0
171,250.0,273.0,258.0,267.0,239.0,203.0,255.0
172,160.0,178.0,114.0,196.0,331.0,292.0,176.0
173,180.0,172.0,156.0,172.0,192.0,187.0,181.0
174,209.0,210.0,190.0,175.0,174.0,202.0,222.0
175,77.0,89.0,73.0,110.0,180.0,186.0,82.0
176,62.0,60.0,69.0,91.0,131.0,101.0,64.0
177,108.0,97.0,97.0,118.0,158.0,157.0,93.0
178,83.0,72.0,72.0,56.0,77.0,100.0,56.0
179,49.0,71.0,30.0,72.0,87.0,78.0,54.0
180,267.0,171.0,276.0,261.0,303.0,396.0,277.0
181,62.0,59.0,76.0,76.0,97.0,99.0,62.0
182,31.0,38.0,45.0,35.0,57.0,49.0,30.0
183,205.0,176.0,172.0,211.0,158.0,100.0,202.0
184,79.0,82.0,74.0,80.0,103.0,85.0,67.0
185,104.0,128.0,108.0,102.0,107.0,112.0,124.0
186,136.0,143.0,146.0,145.0,209.0,214.0,120.0
187,87.0,96.0,76.0,92.0,76.0,61.0,83.0
188,129.0,55.0,83.0,84.0,94.0,106.0,94.0
189,448.0,379.0,419.0,472.0,682.0,285.0,374.0
190,46.0,44.0,57.0,86.0,71.0,53.0,40.0
191,77.0,71.0,73.0,78.0,70.0,38.0,65.0
192,31.0,48.0,35.0,39.0,85.0,103.0,41.0
193,139.0,128.0,121.0,171.0,238.0,213.0,118.0
194,37.0,46.0,40.0,49.0,25.0,27.0,39.0
195,62.0,48.0,63.0,59.0,117.0,109.0,39.0
196,60.0,68.0,39.0,151.0,212.0,257.0,67.0
197,47.0,45.0,33.0,66.0,86.0,92.0,44.0
198,115.0,124.0,118.0,109.0,82.0,63.0,125.0
199,156.0,110.0,189.0,175.0,174.0,240.0,166.0
200,193.0,124.0,192.0,222.0,433.0,372.0,181.0
201,38.0,31.0,35.0,39.0,86.0,64.0,34.0
202,185.0,220.0,220.0,188.0,69.0,37.0,182.0
203,374.0,262.0,417.0,502.0,739.0,838.0,404.0
204,116.0,89.0,103.0,105.0,74.0,79.0,63.0
205,103.0,128.0,102.0,119.0,107.0,101.0,86.0
206,55.0,48.0,47.0,65.0,77.0,84.0,53.0
207,63.0,55.0,41.0,77.0,168.0,196.0,57.0
208,105.0,101.0,76.0,119.0,126.0,134.0,86.0
209,52.0,35.0,54.0,70.0,144.0,157.0,99.0
210,95.0,72.0,81.0,122.0,139.0,158.0,82.0
211,93.0,103.0,101.0,86.0,136.0,129.0,78.0
212,59.0,32.0,31.0,60.0,121.0,91.0,46.0
213,95.0,81.0,71.0,79.0,59.0,67.0,81.0
214,30.0,39.0,49.0,41.0,73.0,82.0,41.0
215,119.0,145.0,125.0,194.0,317.0,305.0,117.0
216,50.0,39.0,34.0,56.0,33.0,53.0,50.0
217,327.0,339.0,355.0,460.0,531.0,450.0,354.0
218,52.0,65.0,53.0,62.0,19.0,20.0,59.0
219,74.0,67.0,66.0,53.0,59.0,45.0,46.0
220,93.0,85.0,92.0,106.0,65.0,63.0,94.0
221,104.0,128.0,124.0,130.0,144.0,158.0,133.0
222,33.0,36.0,35.0,39.0,33.0,26.0,23.0
223,61.0,64.0,83.0,83.0,54.0,97.0,57.0
224,73.0,73.0,87.0,85.0,28.0,15.0,69.0
225,87.0,83.0,92.0,83.0,64.0,62.0,90.0
226,203.0,181.0,162.0,208.0,204.0,187.0,185.0
227,31.0,49.0,46.0,73.0,126.0,118.0,83.0
228,56.0,38.0,69.0,50.0,71.0,71.0,45.0
229,102.0,101.0,89.0,93.0,103.0,84.0,83.0
230,81.0,74.0,60.0,65.0,79.0,79.0,63.0
231,59.0,59.0,87.0,81.0,79.0,93.0,72.0
232,75.0,76.0,78.0,60.0,67.0,52.0,74.0
233,232.0,196.0,228.0,299.0,481.0,465.0,282.0
234,150.0,152.0,142.0,188.0,196.0,176.0,152.0
235,99.0,118.0,117.0,160.0,177.0,186.0,115.0
236,32.0,34.0,51.0,49.0,55.0,79.0,51.0
237,90.0,71.0,76.0,56.0,84.0,74.0,79.0
238,57.0,70.0,61.0,75.0,85.0,55.0,66.0
239,67.0,86.0,55.0,90.0,118.0,107.0,70.0
240,283.0,303.0,351.0,378.0,294.0,244.0,249.0
241,118.0,64.0,71.0,78.0,96.0,109.0,131.0
242,77.0,90.0,105.0,63.0,48.0,73.0,65.0
243,222.0,238.0,210.0,282.0,359.0,352.0,239.0
244,260.0,266.0,224.0,228.0,143.0,146.0,201.0
245,153.0,157.0,145.0,214.0,170.0,174.0,206.0
246,28.0,30.0,30.0,38.0,191.0,76.0,29.0
247,161.0,163.0,161.0,171.0,134.0,157.0,171.0
248,63.0,55.0,70.0,77.0,67.0,87.0,74.0
249,156.0,183.0,167.0,168.0,82.0,54.0,194.0
250,65.0,49.0,56.0,62.0,73.0,102.0,65.0
251,95.0,105.0,112.0,112.0,57.0,61.0,113.0
252,160.0,195.0,182.0,157.0,268.0,182.0,162.0
253,61.0,73.0,84.0,95.0,152.0,157.0,83.0
254,155.0,186.0,222.0,164.0,232.0,113.0,139.0
255,81.0,103.0,90.0,94.0,63.0,67.0,72.0
256,198.0,210.0,201.0,192.0,274.0,259.0,167.0
257,78.0,91.0,74.0,99.0,90.0,66.0,88.0
258,69.0,54.0,64.0,104.0,114.0,97.0,72.0
259,72.0,46.0,79.0,82.0,73.0,69.0,77.0
260,76.0,42.0,72.0,73.0,81.0,81.0,64.0
261,112.0,93.0,80.0,103.0,179.0,155.0,94.0
262,97.0,122.0,118.0,148.0,128.0,139.0,133.0
263,123.0,113.0,109.0,112.0,128.0,119.0,119.0
264,105.0,80.0,113.0,90.0,104.0,128.0,64.0
265,119.0,115.0,122.0,139.0,161.0,144.0,136.0
266,40.0,34.0,45.0,48.0,51.0,56.0,32.0
267,107.0,113.0,100.0,100.0,97.0,72.0,88.0
268,112.0,113.0,100.0,119.0,55.0,79.0,84.0
269,112.0,105.0,106.0,77.0,74.0,76.0,108.0
270,99.0,42.0,81.0,90.0,116.0,91.0,115.0
271,70.0,46.0,62.0,46.0,52.0,53.0,64.0
272,562.0,599.0,584.0,624.0,580.0,500.0,634.0
273,107.0,91.0,105.0,144.0,178.0,182.0,160.0
274,47.0,69.0,52.0,58.0,46.0,40.0,61.0
275,700.0,741.0,694.0,642.0,581.0,566.0,670.0
276,144.0,88.0,127.0,178.0,228.0,262.0,135.0
277,40.0,28.0,27.0,55.0,108.0,106.0,20.0
278,222.0,309.0,280.0,329.0,484.0,495.0,281.0
279,400.0,424.0,424.0,476.0,592.0,606.0,423.0
280,63.0,66.0,61.0,65.0,100.0,105.0,62.0
281,140.0,147.0,163.0,194.0,215.0,222.0,121.0
282,259.0,279.0,240.0,235.0,154.0,96.0,213.0
283,53.0,44.0,53.0,67.0,107.0,71.0,36.0
284,18.0,17.0,39.0,38.0,79.0,80.0,27.0
285,250.0,261.0,257.0,417.0,218.0,248.0,296.0
286,605.0,432.0,472.0,444.0,365.0,419.0,576.0
287,201.0,175.0,185.0,237.0,278.0,251.0,190.0
288,83.0,59.0,91.0,97.0,139.0,126.0,67.0
289,49.0,42.0,58.0,54.0,84.0,76.0,46.0
290,77.0,75.0,73.0,61.0,74.0,58.0,52.0
291,149.0,131.0,146.0,97.0,56.0,41.0,158.0
292,169.0,168.0,172.0,160.0,97.0,85.0,139.0
293,180.0,234.0,191.0,181.0,179.0,212.0,195.0
294,147.0,145.0,152.0,161.0,145.0,104.0,140.0
295,63.0,39.0,67.0,30.0,97.0,100.0,42.0
296,341.0,329.0,354.0,408.0,537.0,588.0,339.0
297,291.0,272.0,353.0,217.0,225.0,278.0,216.0
298,326.0,358.0,371.0,506.0,762.0,759.0,426.0
299,168.0,129.0,188.0,215.0,273.0,277.0,183.0
300,60.0,53.0,69.0,64.0,48.0,64.0,36.0
301,65.0,93.0,75.0,55.0,94.0,80.0,57.0
302,143.0,140.0,118.0,123.0,35.0,102.0,137.0
303,51.0,37.0,49.0,68.0,131.0,108.0,50.0
304,223.0,207.0,212.0,287.0,241.0,213.0,201.0
305,76.0,143.0,105.0,136.0,184.0,141.0,110.0
306,554.0,537.0,546.0,486.0,133.0,82.0,583.0
307,72.0,79.0,68.0,72.0,116.0,110.0,55.0
308,105.0,98.0,97.0,139.0,68.0,70.0,145.0
309,168.0,165.0,183.0,167.0,139.0,91.0,148.0
310,151.0,131.0,120.0,166.0,175.0,223.0,151.0
311,105.0,108.0,135.0,130.0,37.0,12.0,109.0
312,117.0,108.0,113.0,105.0,107.0,107.0,116.0
313,566.0,587.0,581.0,543.0,340.0,33.0,466.0
314,146.0,122.0,101.0,161.0,180.0,156.0,135.0
315,176.0,167.0,166.0,158.0,218.0,179.0,168.0
316,225.0,225.0,114.0,140.0,146.0,181.0,215.0
317,51.0,47.0,63.0,44.0,113.0,124.0,59.0
318,142.0,138.0,132.0,176.0,191.0,167.0,140.0
319,235.0,154.0,196.0,201.0,236.0,249.0,268.0
320,213.0,196.0,232.0,275.0,391.0,354.0,215.0
321,140.0,114.0,149.0,136.0,114.0,106.0,115.0
322,79.0,78.0,74.0,54.0,67.0,37.0,70.0
323,179.0,188.0,199.0,196.0,212.0,191.0,157.0
324,120.0,123.0,109.0,88.0,84.0,79.0,103.0
325,68.0,72.0,61.0,69.0,95.0,85.0,47.0
326,72.0,65.0,82.0,96.0,106.0,108.0,90.0
327,58.0,56.0,61.0,62.0,65.0,64.0,67.0
328,164.0,151.0,152.0,156.0,163.0,181.0,156.0
329,72.0,56.0,80.0,66.0,85.0,96.0,67.0
330,46.0,36.0,47.0,56.0,148.0,106.0,18.0
331,359.0,291.0,351.0,363.0,60.0,94.0,367.0
332,89.0,108.0,91.0,115.0,164.0,153.0,123.0
333,101.0,62.0,87.0,44.0,92.0,120.0,91.0
334,150.0,137.0,157.0,131.0,174.0,168.0,141.0
335,176.0,164.0,176.0,175.0,102.0,94.0,158.0
336,243.0,163.0,201.0,268.0,498.0,454.0,260.0
337,82.0,82.0,84.0,97.0,104.0,87.0,83.0
338,381.0,281.0,397.0,490.0,917.0,936.0,372.0
339,88.0,94.0,115.0,102.0,154.0,122.0,90.0
340,73.0,52.0,83.0,58.0,67.0,77.0,57.0
341,128.0,151.0,133.0,201.0,321.0,298.0,143.0
342,108.0,111.0,113.0,102.0,131.0,98.0,138.0
343,101.0,111.0,92.0,121.0,99.0,92.0,82.0
344,120.0,160.0,138.0,190.0,106.0,146.0,130.0
345,97.0,113.0,107.0,121.0,126.0,108.0,118.0
346,231.0,235.0,247.0,225.0,182.0,194.0,262.0
347,68.0,48.0,50.0,58.0,65.0,58.0,43.0
348,280.0,328.0,201.0,337.0,465.0,418.0,289.0
349,88.0,117.0,129.0,123.0,109.0,104.0,119.0
350,253.0,277.0,268.0,250.0,99.0,98.0,206.0
351,126.0,106.0,91.0,137.0,78.0,73.0,103.0
352,254.0,263.0,286.0,249.0,8.0,1.0,300.0
353,51.0,58.0,63.0,54.0,45.0,70.0,66.0
354,61.0,86.0,74.0,74.0,95.0,99.0,65.0
355,76.0,74.0,69.0,62.0,51.0,22.0,61.0
356,136.0,127.0,126.0,138.0,147.0,119.0,139.0
357,40.0,42.0,49.0,51.0,50.0,52.0,44.0
358,154.0,154.0,138.0,157.0,110.0,120.0,138.0
359,168.0,146.0,143.0,159.0,193.0,167.0,137.0
360,130.0,112.0,90.0,167.0,239.0,212.0,127.0
361,235.0,236.0,232.0,232.0,127.0,105.0,235.0
362,150.0,134.0,135.0,158.0,130.0,132.0,134.0
363,47.0,66.0,51.0,61.0,47.0,66.0,53.0
364,101.0,105.0,99.0,125.0,184.0,192.0,104.0
365,56.0,53.0,71.0,74.0,90.0,87.0,61.0
366,70.0,84.0,99.0,92.0,50.0,23.0,91.0
367,95.0,62.0,79.0,63.0,69.0,102.0,97.0
368,389.0,312.0,344.0,251.0,109.0,138.0,303.0
369,124.0,144.0,119.0,128.0,143.0,172.0,112.0
370,184.0,149.0,204.0,275.0,447.0,482.0,193.0
371,231.0,213.0,224.0,228.0,331.0,340.0,182.0
372,62.0,60.0,46.0,48.0,64.0,74.0,48.0
373,46.0,51.0,53.0,74.0,60.0,62.0,50.0
374,44.0,54.0,61.0,58.0,65.0,67.0,55.0
375,30.0,37.0,49.0,50.0,60.0,65.0,33.0
376,44.0,36.0,42.0,30.0,61.0,43.0,32.0
377,118.0,127.0,123.0,113.0,77.0,81.0,115.0
378,174.0,161.0,185.0,181.0,131.0,131.0,136.0
379,27.0,44.0,29.0,50.0,118.0,88.0,33.0
380,196.0,216.0,203.0,241.0,276.0,291.0,155.0
381,39.0,22.0,35.0,29.0,40.0,42.0,39.0
382,47.0,40.0,71.0,44.0,66.0,74.0,60.0
383,91.0,98.0,91.0,71.0,86.0,73.0,104.0
384,83.0,97.0,89.0,97.0,35.0,39.0,103.0
385,58.0,33.0,39.0,52.0,65.0,54.0,26.0
386,176.0,133.0,175.0,213.0,235.0,216.0,154.0
387,56.0,56.0,72.0,95.0,90.0,125.0,76.0
388,69.0,83.0,90.0,117.0,195.0,195.0,84.0
389,111.0,108.0,103.0,117.0,120.0,105.0,107.0
390,41.0,55.0,47.0,84.0,154.0,135.0,58.0
391,237.0,233.0,218.0,386.0,256.0,246.0,163.0
392,324.0,324.0,290.0,287.0,140.0,110.0,252.0
393,484.0,494.0,464.0,464.0,511.0,534.0,423.0
394,149.0,180.0,148.0,195.0,170.0,170.0,155.0
395,207.0,237.0,237.0,218.0,230.0,208.0,225.0
396,116.0,104.0,91.0,89.0,80.0,94.0,101.0
397,115.0,87.0,146.0,133.0,198.0,246.0,109.0
398,128.0,182.0,120.0,143.0,105.0,86.0,128.0
399,82.0,39.0,69.0,94.0,285.0,449.0,235.0
400,73.0,71.0,74.0,58.0,64.0,85.0,89.0
401,70.0,103.0,85.0,129.0,84.0,102.0,97.0
402,255.0,164.0,206.0,243.0,206.0,215.0,231.0
403,92.0,85.0,104.0,92.0,121.0,93.0,108.0
404,178.0,137.0,170.0,198.0,286.0,332.0,166.0
405,188.0,139.0,148.0,148.0,90.0,49.0,116.0
406,187.0,187.0,187.0,174.0,162.0,206.0,186.0
407,204.0,201.0,201.0,200.0,196.0,192.0,262.0
408,260.0,263.0,259.0,310.0,447.0,511.0,271.0
409,88.0,102.0,96.0,81.0,89.0,100.0,84.0
410,92.0,98.0,90.0,126.0,113.0,115.0,100.0
411,28.0,10.0,22.0,26.0,48.0,47.0,16.0
412,79.0,87.0,80.0,115.0,55.0,37.0,108.0
413,185.0,232.0,242.0,224.0,167.0,179.0,201.0
414,417.0,498.0,417.0,497.0,280.0,490.0,417.0
415,83.0,63.0,82.0,83.0,48.0,45.0,74.0
416,65.0,58.0,46.0,63.0,72.0,96.0,37.0
417,27.0,29.0,27.0,25.0,48.0,44.0,19.0
418,117.0,118.0,115.0,130.0,194.0,186.0,134.0
419,40.0,57.0,40.0,77.0,69.0,48.0,60.0
420,107.0,84.0,72.0,95.0,68.0,61.0,84.0
421,34.0,41.0,37.0,62.0,108.0,73.0,44.0
422,67.0,67.0,70.0,56.0,72.0,91.0,43.0
423,81.0,66.0,85.0,102.0,221.0,225.0,75.0
424,76.0,56.0,83.0,93.0,139.0,103.0,71.0
425,109.0,84.0,114.0,124.0,168.0,133.0,57.0
426,156.0,182.0,186.0,298.0,212.0,150.0,172.0
427,120.0,104.0,147.0,159.0,97.0,74.0,134.0
428,152.0,150.0,206.0,183.0,216.0,218.0,238.0
429,33.0,40.0,37.0,39.0,57.0,44.0,28.0
430,117.0,124.0,106.0,103.0,97.0,61.0,96.0
431,69.0,77.0,74.0,82.0,64.0,98.0,61.0
432,49.0,53.0,45.0,47.0,81.0,81.0,34.0
433,84.0,98.0,86.0,88.0,67.0,79.0,85.0
434,61.0,48.0,39.0,2.0,111.0,101.0,39.0
435,344.0,323.0,362.0,494.0,877.0,798.0,381.0
436,385.0,488.0,496.0,458.0,498.0,501.0,385.0
437,53.0,51.0,49.0,56.0,53.0,35.0,43.0
438,71.0,59.0,98.0,75.0,94.0,99.0,53.0
439,124.0,143.0,164.0,134.0,134.0,118.0,111.0
440,73.0,89.0,80.0,64.0,64.0,77.0,80.0
441,198.0,137.0,182.0,214.0,295.0,320.0,183.0
442,101.0,74.0,79.0,107.0,135.0,114.0,67.0
443,46.0,57.0,63.0,83.0,75.0,84.0,46.0
444,76.0,0.0,0.0,29.0,71.0,84.0,168.0
445,187.0,187.0,227.0,267.0,400.0,211.0,128.0
446,36.0,30.0,31.0,36.0,51.0,44.0,38.0
447,212.0,209.0,211.0,223.0,85.0,96.0,230.0
448,183.0,183.0,206.0,162.0,63.0,51.0,138.0
449,35.0,22.0,21.0,38.0,65.0,82.0,31.0
450,66.0,47.0,72.0,55.0,69.0,77.0,74.0
451,117.0,126.0,132.0,149.0,187.0,187.0,123.0
452,201.0,218.0,233.0,237.0,274.0,313.0,212.0
453,77.0,81.0,78.0,55.0,54.0,79.0,57.0
454,64.0,61.0,58.0,71.0,61.0,66.0,64.0
455,106.0,104.0,166.0,132.0,134.0,156.0,92.0
456,45.0,67.0,73.0,85.0,102.0,92.0,48.0
457,53.0,40.0,57.0,97.0,99.0,106.0,50.0
458,134.0,84.0,117.0,189.0,184.0,197.0,84.0
459,6.0,5.0,10.0,93.0,142.0,63.0,7.0
460,268.0,257.0,269.0,288.0,93.0,43.0,270.0
461,62.0,49.0,55.0,68.0,65.0,46.0,54.0
462,57.0,54.0,65.0,95.0,237.0,173.0,60.0
463,120.0,146.0,168.0,141.0,178.0,196.0,163.0
464,70.0,112.0,65.0,93.0,172.0,134.0,72.0
465,379.0,307.0,398.0,413.0,633.0,712.0,381.0
466,64.0,66.0,52.0,82.0,82.0,94.0,59.0
467,83.0,98.0,90.0,104.0,92.0,142.0,97.0
468,46.0,51.0,56.0,57.0,75.0,77.0,41.0
469,69.0,70.0,65.0,77.0,51.0,68.0,86.0
470,55.0,0.0,0.0,86.0,170.0,137.0,63.0
471,99.0,85.0,85.0,93.0,77.0,93.0,91.0
472,461.0,426.0,445.0,603.0,731.0,669.0,392.0
473,85.0,100.0,91.0,80.0,47.0,36.0,99.0
474,10.0,8.0,13.0,45.0,61.0,54.0,45.0
475,126.0,128.0,108.0,122.0,148.0,116.0,111.0
476,75.0,83.0,93.0,82.0,21.0,26.0,101.0
477,86.0,105.0,75.0,110.0,99.0,100.0,82.0
478,45.0,52.0,42.0,44.0,52.0,46.0,40.0
479,71.0,76.0,49.0,61.0,116.0,117.0,75.0
480,65.0,57.0,48.0,90.0,78.0,76.0,82.0
481,38.0,54.0,46.0,51.0,67.0,69.0,47.0
482,88.0,71.0,75.0,114.0,129.0,144.0,75.0
483,83.0,74.0,66.0,72.0,86.0,29.0,76.0
484,59.0,34.0,43.0,74.0,143.0,153.0,55.0
485,107.0,83.0,130.0,88.0,109.0,135.0,95.0
486,68.0,77.0,76.0,98.0,127.0,104.0,90.0
487,51.0,25.0,52.0,39.0,56.0,42.0,37.0
488,80.0,69.0,45.0,60.0,85.0,71.0,66.0
489,59.0,97.0,111.0,154.0,107.0,96.0,173.0
490,41.0,23.0,42.0,44.0,111.0,98.0,54.0
491,297.0,239.0,205.0,285.0,199.0,53.0,110.0
492,83.0,51.0,87.0,64.0,74.0,77.0,49.0
493,113.0,115.0,90.0,94.0,128.0,139.0,108.0
494,80.0,71.0,59.0,85.0,97.0,134.0,86.0
495,53.0,62.0,47.0,79.0,172.0,179.0,86.0
496,128.0,110.0,126.0,131.0,205.0,118.0,118.0
497,58.0,81.0,71.0,101.0,101.0,126.0,76.0
498,77.0,50.0,85.0,77.0,59.0,96.0,85.0
499,47.0,45.0,48.0,42.0,71.0,65.0,70.0
500,124.0,120.0,135.0,148.0,224.0,217.0,129.0
501,204.0,237.0,182.0,186.0,128.0,173.0,259.0
502,141.0,133.0,118.0,134.0,242.0,100.0,121.0
503,112.0,102.0,93.0,109.0,85.0,67.0,126.0
504,68.0,59.0,69.0,77.0,81.0,76.0,58.0
505,146.0,103.0,117.0,120.0,52.0,18.0,107.0
506,60.0,68.0,77.0,92.0,148.0,149.0,74.0
507,304.0,239.0,265.0,249.0,521.0,161.0,255.0
508,193.0,174.0,188.0,156.0,94.0,95.0,129.0
509,51.0,55.0,47.0,94.0,40.0,78.0,38.0
510,66.0,76.0,83.0,76.0,70.0,61.0,64.0
511,131.0,116.0,114.0,140.0,183.0,186.0,122.0
512,48.0,57.0,44.0,57.0,78.0,83.0,12.0
513,148.0,131.0,154.0,167.0,0.0,85.0,157.0
514,59.0,54.0,97.0,82.0,90.0,88.0,68.0
515,152.0,140.0,141.0,171.0,156.0,168.0,133.0
516,85.0,92.0,82.0,92.0,90.0,77.0,90.0
517,2577.0,1475.0,1741.0,2013.0,3687.0,3841.0,1644.0
518,49.0,54.0,65.0,69.0,101.0,105.0,53.0
519,229.0,165.0,239.0,230.0,227.0,244.0,153.0
520,53.0,83.0,81.0,57.0,60.0,72.0,123.0
521,60.0,39.0,50.0,56.0,94.0,118.0,48.0
522,127.0,130.0,125.0,162.0,199.0,178.0,133.0
523,49.0,29.0,57.0,62.0,75.0,62.0,39.0
524,79.0,61.0,82.0,81.0,4.0,2.0,82.0
525,52.0,57.0,59.0,56.0,62.0,59.0,58.0
526,115.0,70.0,86.0,102.0,127.0,132.0,84.0
527,74.0,63.0,71.0,66.0,46.0,32.0,87.0
528,360.0,374.0,322.0,427.0,760.0,773.0,407.0
529,120.0,129.0,128.0,119.0,90.0,83.0,130.0
530,969.0,990.0,988.0,915.0,143.0,54.0,962.0
531,117.0,123.0,138.0,174.0,184.0,202.0,105.0
532,127.0,111.0,119.0,111.0,119.0,143.0,118.0
533,131.0,152.0,74.0,97.0,117.0,96.0,151.0
534,26.0,34.0,31.0,36.0,89.0,92.0,31.0
535,233.0,163.0,183.0,199.0,107.0,109.0,145.0
536,77.0,64.0,74.0,61.0,66.0,95.0,68.0
537,93.0,100.0,102.0,130.0,178.0,166.0,109.0
538,41.0,45.0,34.0,57.0,138.0,108.0,30.0
539,80.0,125.0,112.0,129.0,134.0,113.0,105.0
540,79.0,89.0,64.0,96.0,87.0,80.0,77.0
541,153.0,209.0,196.0,176.0,191.0,184.0,173.0
542,108.0,95.0,89.0,110.0,80.0,74.0,93.0
543,75.0,56.0,74.0,66.0,84.0,108.0,77.0
544,76.0,56.0,81.0,200.0,201.0,221.0,162.0
545,126.0,128.0,140.0,176.0,213.0,225.0,177.0
546,53.0,86.0,65.0,75.0,104.0,113.0,54.0
547,99.0,0.0,59.0,114.0,93.0,90.0,58.0
548,133.0,127.0,135.0,151.0,148.0,140.0,104.0
549,61.0,38.0,60.0,61.0,85.0,112.0,44.0
550,96.0,73.0,83.0,124.0,96.0,93.0,100.0
551,122.0,103.0,95.0,111.0,129.0,117.0,96.0
552,94.0,106.0,98.0,126.0,188.0,153.0,119.0
553,275.0,256.0,244.0,336.0,371.0,362.0,275.0
554,109.0,97.0,78.0,109.0,188.0,164.0,92.0
555,108.0,86.0,109.0,84.0,161.0,154.0,96.0
556,53.0,54.0,46.0,41.0,53.0,51.0,10.0
557,313.0,306.0,302.0,341.0,261.0,238.0,288.0
558,105.0,90.0,86.0,94.0,105.0,91.0,93.0
559,224.0,213.0,217.0,203.0,40.0,50.0,225.0
560,113.0,122.0,151.0,127.0,181.0,171.0,175.0
561,89.0,61.0,77.0,56.0,1.0,5.0,72.0
562,75.0,60.0,67.0,75.0,19.0,10.0,79.0
563,42.0,51.0,49.0,60.0,56.0,39.0,56.0
564,232.0,190.0,180.0,251.0,342.0,320.0,117.0
565,295.0,305.0,296.0,370.0,310.0,348.0,258.0
566,52.0,69.0,74.0,79.0,93.0,122.0,72.0
567,68.0,65.0,74.0,46.0,55.0,36.0,58.0
568,105.0,109.0,104.0,177.0,210.0,183.0,112.0
569,264.0,230.0,236.0,174.0,193.0,207.0,184.0
570,168.0,154.0,161.0,191.0,216.0,177.0,132.0
571,198.0,140.0,180.0,182.0,113.0,106.0,194.0
572,398.0,393.0,405.0,428.0,495.0,477.0,365.0
573,41.0,45.0,52.0,60.0,48.0,47.0,23.0
574,58.0,46.0,48.0,62.0,67.0,52.0,45.0
575,154.0,173.0,142.0,149.0,127.0,131.0,136.0
576,1.0,58.0,55.0,68.0,87.0,87.0,51.0
577,579.0,503.0,519.0,517.0,761.0,774.0,499.0
578,129.0,119.0,133.0,143.0,84.0,64.0,139.0
579,113.0,104.0,108.0,147.0,184.0,192.0,133.0
580,497.0,488.0,488.0,524.0,816.0,906.0,484.0
581,79.0,62.0,102.0,84.0,61.0,84.0,86.0
582,30.0,34.0,42.0,43.0,83.0,69.0,54.0
583,36.0,29.0,50.0,43.0,100.0,88.0,45.0
584,102.0,144.0,148.0,122.0,158.0,155.0,90.0
585,97.0,68.0,93.0,101.0,100.0,91.0,84.0
586,114.0,63.0,56.0,80.0,89.0,98.0,86.0
587,111.0,105.0,81.0,139.0,175.0,176.0,131.0
588,33.0,26.0,48.0,131.0,72.0,53.0,39.0
589,44.0,51.0,58.0,55.0,53.0,65.0,43.0
590,125.0,115.0,131.0,145.0,142.0,130.0,120.0
591,59.0,53.0,45.0,55.0,91.0,68.0,52.0
592,316.0,237.0,332.0,322.0,514.0,522.0,315.0
593,166.0,199.0,194.0,294.0,412.0,306.0,161.0
594,50.0,45.0,34.0,61.0,164.0,116.0,43.0
595,323.0,453.0,446.0,363.0,128.0,144.0,410.0
596,35.0,43.0,44.0,42.0,32.0,72.0,41.0
597,81.0,55.0,72.0,66.0,74.0,71.0,62.0
598,69.0,81.0,83.0,100.0,94.0,83.0,82.0
599,47.0,41.0,44.0,53.0,49.0,52.0,38.0
600,228.0,212.0,233.0,305.0,277.0,247.0,214.0
601,94.0,132.0,117.0,147.0,93.0,102.0,118.0
602,61.0,59.0,56.0,62.0,93.0,83.0,73.0
603,92.0,70.0,81.0,82.0,92.0,71.0,85.0
604,184.0,160.0,173.0,168.0,105.0,94.0,186.0
605,63.0,63.0,45.0,61.0,89.0,59.0,56.0
606,116.0,111.0,111.0,143.0,66.0,146.0,126.0
607,92.0,87.0,88.0,60.0,88.0,113.0,80.0
608,285.0,282.0,277.0,259.0,274.0,341.0,239.0
609,71.0,61.0,87.0,70.0,110.0,119.0,90.0
610,87.0,87.0,105.0,85.0,128.0,112.0,69.0
611,145.0,118.0,133.0,129.0,188.0,184.0,124.0
612,91.0,83.0,121.0,91.0,121.0,116.0,86.0
613,167.0,146.0,477.0,177.0,211.0,298.0,147.0
614,204.0,112.0,184.0,230.0,179.0,181.0,168.0
615,122.0,112.0,121.0,147.0,175.0,234.0,82.0
616,71.0,79.0,74.0,92.0,132.0,130.0,82.0
617,105.0,143.0,105.0,127.0,70.0,87.0,87.0
618,178.0,141.0,182.0,173.0,77.0,96.0,140.0
619,43.0,42.0,43.0,53.0,72.0,69.0,29.0
620,209.0,129.0,186.0,102.0,129.0,146.0,180.0
621,153.0,161.0,136.0,176.0,136.0,121.0,149.0
622,38.0,34.0,44.0,49.0,66.0,64.0,31.0
623,88.0,79.0,131.0,98.0,159.0,174.0,148.0
624,158.0,90.0,151.0,157.0,119.0,175.0,117.0
625,81.0,95.0,75.0,80.0,110.0,117.0,92.0
626,128.0,125.0,121.0,170.0,133.0,146.0,146.0
627,141.0,157.0,149.0,168.0,206.0,157.0,170.0
628,130.0,135.0,145.0,178.0,321.0,266.0,133.0
629,155.0,90.0,141.0,122.0,205.0,220.0,117.0
630,80.0,85.0,78.0,122.0,155.0,181.0,114.0
631,158.0,168.0,151.0,210.0,189.0,212.0,175.0
632,0.0,12.0,36.0,26.0,26.0,29.0,58.0
633,71.0,61.0,67.0,83.0,121.0,132.0,76.0
634,78.0,67.0,74.0,82.0,79.0,78.0,58.0
635,23.0,45.0,41.0,59.0,55.0,62.0,23.0
636,123.0,90.0,80.0,77.0,110.0,93.0,102.0
637,238.0,221.0,260.0,216.0,159.0,157.0,202.0
638,332.0,311.0,334.0,402.0,293.0,262.0,310.0
639,90.0,63.0,80.0,82.0,108.0,94.0,93.0
640,163.0,162.0,109.0,137.0,176.0,180.0,144.0
641,76.0,62.0,63.0,56.0,54.0,48.0,52.0
642,139.0,138.0,156.0,150.0,159.0,139.0,132.0
643,104.0,115.0,91.0,109.0,89.0,89.0,83.0
644,38.0,40.0,45.0,51.0,74.0,81.0,41.0
645,131.0,124.0,116.0,124.0,110.0,84.0,124.0
646,87.0,54.0,84.0,91.0,64.0,71.0,89.0
647,137.0,119.0,109.0,142.0,177.0,135.0,130.0
648,65.0,85.0,111.0,96.0,116.0,104.0,100.0
649,186.0,170.0,167.0,177.0,95.0,86.0,157.0
650,525.0,571.0,550.0,653.0,898.0,851.0,605.0
651,292.0,290.0,318.0,334.0,193.0,171.0,295.0
652,134.0,133.0,138.0,149.0,243.0,317.0,149.0
653,101.0,97.0,153.0,150.0,109.0,123.0,109.0
654,92.0,57.0,50.0,151.0,142.0,109.0,88.0
655,66.0,63.0,66.0,82.0,70.0,67.0,58.0
656,183.0,280.0,208.0,159.0,148.0,175.0,149.0
657,65.0,81.0,68.0,94.0,103.0,92.0,65.0
658,135.0,152.0,180.0,207.0,207.0,227.0,172.0
659,0.0,21.0,28.0,26.0,17.0,11.0,33.0
660,39.0,28.0,45.0,47.0,61.0,46.0,46.0
661,86.0,76.0,135.0,124.0,161.0,132.0,120.0
662,108.0,99.0,94.0,69.0,52.0,49.0,71.0
663,94.0,70.0,72.0,105.0,110.0,103.0,62.0
664,61.0,54.0,77.0,86.0,92.0,91.0,59.0
665,95.0,65.0,69.0,74.0,108.0,132.0,74.0
666,60.0,87.0,76.0,70.0,66.0,49.0,83.0
667,274.0,291.0,271.0,309.0,250.0,226.0,262.0
668,133.0,108.0,121.0,154.0,435.0,785.0,121.0
669,100.0,78.0,103.0,90.0,127.0,119.0,80.0
670,135.0,138.0,141.0,124.0,238.0,210.0,121.0
671,171.0,181.0,210.0,209.0,184.0,314.0,186.0
672,87.0,102.0,95.0,120.0,208.0,172.0,81.0
673,84.0,102.0,78.0,91.0,100.0,105.0,89.0
674,211.0,191.0,194.0,198.0,84.0,7.0,101.0
675,65.0,60.0,72.0,82.0,84.0,69.0,49.0
676,119.0,109.0,117.0,128.0,170.0,177.0,108.0
677,96.0,126.0,95.0,113.0,149.0,103.0,111.0
678,103.0,109.0,114.0,113.0,73.0,71.0,102.0
679,433.0,466.0,490.0,500.0,679.0,757.0,487.0
680,112.0,90.0,111.0,67.0,120.0,60.0,96.0
681,83.0,76.0,92.0,114.0,99.0,96.0,59.0
682,48.0,47.0,46.0,81.0,93.0,88.0,47.0
683,47.0,27.0,38.0,50.0,116.0,116.0,30.0
684,72.0,70.0,52.0,65.0,80.0,62.0,63.0
685,223.0,239.0,195.0,266.0,510.0,419.0,285.0
686,148.0,118.0,133.0,133.0,174.0,198.0,133.0
687,45.0,61.0,61.0,53.0,65.0,87.0,68.0
688,112.0,113.0,108.0,64.0,103.0,112.0,86.0
689,57.0,53.0,75.0,74.0,85.0,87.0,79.0
690,111.0,84.0,91.0,89.0,153.0,146.0,108.0
691,163.0,184.0,108.0,190.0,244.0,278.0,152.0
692,107.0,77.0,115.0,84.0,110.0,137.0,82.0
693,63.0,55.0,62.0,64.0,57.0,62.0,61.0
694,144.0,138.0,153.0,137.0,106.0,94.0,152.0
695,134.0,141.0,144.0,152.0,300.0,277.0,117.0
696,83.0,95.0,100.0,89.0,86.0,99.0,88.0
697,122.0,124.0,114.0,111.0,64.0,84.0,101.0
698,63.0,50.0,56.0,60.0,61.0,66.0,48.0
699,82.0,77.0,81.0,60.0,94.0,62.0,72.0
700,70.0,65.0,80.0,91.0,114.0,77.0,67.0
701,94.0,102.0,94.0,108.0,109.0,134.0,77.0
702,81.0,89.0,103.0,134.0,152.0,141.0,82.0
703,80.0,80.0,90.0,70.0,49.0,66.0,53.0
704,82.0,87.0,82.0,110.0,63.0,65.0,30.0
705,43.0,43.0,45.0,54.0,137.0,121.0,37.0
706,88.0,83.0,89.0,97.0,67.0,60.0,93.0
707,48.0,59.0,65.0,78.0,57.0,49.0,76.0
708,77.0,56.0,69.0,71.0,103.0,78.0,72.0
709,41.0,41.0,49.0,57.0,77.0,82.0,46.0
710,67.0,58.0,58.0,69.0,81.0,65.0,60.0
711,123.0,133.0,121.0,114.0,64.0,56.0,118.0
712,78.0,78.0,85.0,101.0,150.0,155.0,82.0
713,208.0,209.0,193.0,193.0,188.0,206.0,200.0
714,127.0,144.0,140.0,136.0,239.0,237.0,116.0
715,239.0,178.0,192.0,255.0,353.0,335.0,237.0
716,140.0,156.0,165.0,156.0,111.0,89.0,150.0
717,112.0,88.0,88.0,103.0,156.0,159.0,99.0
718,69.0,46.0,79.0,66.0,81.0,67.0,48.0
719,77.0,97.0,120.0,111.0,155.0,211.0,101.0
720,154.0,181.0,174.0,193.0,144.0,104.0,166.0
721,204.0,198.0,277.0,120.0,220.0,308.0,261.0
722,148.0,115.0,102.0,103.0,54.0,32.0,121.0
723,201.0,161.0,191.0,246.0,311.0,255.0,186.0
724,27.0,42.0,47.0,50.0,57.0,45.0,44.0
725,150.0,138.0,126.0,116.0,121.0,124.0,106.0
726,58.0,66.0,69.0,61.0,57.0,55.0,62.0
727,30.0,37.0,47.0,38.0,66.0,68.0,38.0
728,431.0,453.0,465.0,430.0,414.0,425.0,450.0
729,249.0,198.0,215.0,254.0,324.0,309.0,229.0
730,222.0,204.0,872.0,186.0,275.0,367.0,180.0
731,1882.0,1912.0,1897.0,1872.0,1406.0,1410.0,1794.0
732,90.0,85.0,95.0,142.0,185.0,227.0,100.0
733,140.0,153.0,158.0,173.0,195.0,158.0,167.0
734,118.0,106.0,100.0,173.0,130.0,245.0,135.0
735,122.0,95.0,80.0,89.0,88.0,64.0,68.0
736,105.0,133.0,119.0,136.0,171.0,166.0,106.0
737,332.0,430.0,419.0,421.0,466.0,468.0,395.0
738,116.0,123.0,122.0,154.0,205.0,258.0,159.0
739,67.0,62.0,57.0,90.0,91.0,133.0,73.0
740,80.0,88.0,78.0,136.0,160.0,94.0,72.0
741,68.0,47.0,54.0,60.0,105.0,94.0,71.0
742,652.0,500.0,578.0,693.0,626.0,576.0,651.0
743,106.0,113.0,112.0,103.0,34.0,36.0,111.0
744,62.0,72.0,78.0,104.0,165.0,158.0,60.0
745,95.0,77.0,89.0,96.0,56.0,29.0,87.0
746,65.0,74.0,91.0,88.0,109.0,82.0,60.0
747,377.0,255.0,386.0,423.0,537.0,575.0,448.0
748,107.0,118.0,132.0,152.0,174.0,150.0,113.0
749,24.0,29.0,30.0,22.0,31.0,27.0,31.0
750,147.0,148.0,145.0,145.0,144.0,121.0,108.0
751,113.0,76.0,63.0,80.0,97.0,116.0,84.0
752,110.0,110.0,152.0,126.0,161.0,141.0,1.0
753,65.0,74.0,58.0,72.0,88.0,62.0,56.0
754,148.0,146.0,150.0,136.0,116.0,150.0,127.0
755,83.0,99.0,103.0,97.0,140.0,132.0,71.0
756,178.0,150.0,172.0,164.0,145.0,125.0,184.0
757,140.0,121.0,126.0,155.0,194.0,226.0,157.0
758,74.0,85.0,60.0,51.0,47.0,54.0,67.0
759,129.0,109.0,125.0,107.0,137.0,104.0,115.0
760,110.0,93.0,102.0,120.0,183.0,170.0,92.0
761,86.0,96.0,86.0,97.0,99.0,108.0,100.0
762,116.0,119.0,97.0,148.0,184.0,135.0,114.0
763,113.0,83.0,106.0,134.0,134.0,139.0,105.0
764,75.0,63.0,52.0,76.0,98.0,105.0,62.0
765,116.0,98.0,106.0,94.0,65.0,78.0,114.0
766,39.0,49.0,42.0,64.0,86.0,69.0,39.0
767,70.0,56.0,62.0,72.0,62.0,61.0,48.0
768,87.0,108.0,126.0,142.0,119.0,124.0,180.0
769,107.0,141.0,148.0,244.0,222.0,217.0,114.0
770,45.0,63.0,38.0,47.0,66.0,55.0,50.0
771,88.0,103.0,97.0,121.0,126.0,126.0,82.0
772,145.0,139.0,141.0,171.0,205.0,194.0,134.0
773,134.0,116.0,128.0,162.0,228.0,227.0,130.0
774,139.0,190.0,150.0,158.0,108.0,133.0,178.0
775,324.0,378.0,327.0,409.0,355.0,318.0,344.0
776,163.0,163.0,164.0,166.0,345.0,394.0,232.0
777,194.0,281.0,176.0,208.0,136.0,120.0,168.0
778,137.0,138.0,136.0,140.0,89.0,92.0,126.0
779,238.0,270.0,232.0,244.0,220.0,225.0,168.0
780,125.0,94.0,109.0,101.0,116.0,106.0,129.0
781,146.0,151.0,135.0,210.0,248.0,245.0,110.0
782,34.0,41.0,29.0,41.0,35.0,42.0,26.0
783,100.0,122.0,116.0,114.0,86.0,84.0,94.0
784,60.0,72.0,64.0,92.0,63.0,59.0,35.0
785,74.0,73.0,77.0,68.0,86.0,63.0,64.0
786,42.0,42.0,56.0,53.0,67.0,89.0,28.0
787,80.0,101.0,78.0,92.0,123.0,122.0,89.0
788,323.0,350.0,365.0,392.0,251.0,227.0,345.0
789,201.0,207.0,226.0,229.0,122.0,72.0,208.0
790,64.0,53.0,37.0,39.0,61.0,65.0,48.0
791,80.0,69.0,90.0,124.0,112.0,109.0,68.0
792,191.0,181.0,210.0,194.0,120.0,111.0,181.0
793,34.0,44.0,49.0,68.0,108.0,106.0,54.0
794,240.0,248.0,231.0,214.0,141.0,152.0,238.0
795,125.0,88.0,101.0,126.0,72.0,80.0,103.0
796,41.0,56.0,61.0,88.0,98.0,132.0,66.0
797,84.0,81.0,90.0,82.0,126.0,112.0,60.0
798,87.0,98.0,77.0,66.0,38.0,29.0,80.0
799,84.0,72.0,101.0,130.0,159.0,156.0,99.0
800,194.0,124.0,154.0,198.0,284.0,246.0,147.0
801,49.0,85.0,103.0,96.0,144.0,131.0,94.0
802,63.0,53.0,63.0,74.0,119.0,112.0,53.0
803,282.0,268.0,326.0,227.0,147.0,142.0,298.0
804,107.0,27.0,80.0,98.0,116.0,88.0,128.0
805,210.0,182.0,190.0,212.0,138.0,108.0,173.0
806,439.0,386.0,470.0,466.0,813.0,815.0,466.0
807,51.0,35.0,88.0,61.0,114.0,111.0,51.0
808,210.0,230.0,282.0,462.0,368.0,330.0,263.0
809,51.0,57.0,59.0,79.0,80.0,64.0,42.0
810,7.0,5.0,4.0,6.0,9.0,6.0,11.0
811,33.0,19.0,20.0,47.0,63.0,49.0,63.0
812,184.0,189.0,183.0,305.0,85.0,43.0,182.0
813,60.0,68.0,49.0,80.0,78.0,67.0,72.0
814,234.0,218.0,223.0,188.0,165.0,161.0,175.0
815,46.0,51.0,46.0,69.0,58.0,105.0,48.0
816,293.0,230.0,308.0,297.0,428.0,387.0,295.0
817,131.0,80.0,107.0,108.0,113.0,137.0,145.0
818,45.0,67.0,52.0,89.0,114.0,94.0,59.0
819,85.0,123.0,81.0,103.0,49.0,26.0,91.0
820,182.0,226.0,224.0,209.0,239.0,226.0,213.0
821,152.0,101.0,131.0,117.0,252.0,224.0,135.0
822,65.0,66.0,80.0,72.0,105.0,115.0,73.0
823,78.0,87.0,81.0,89.0,83.0,78.0,85.0
824,118.0,113.0,109.0,121.0,136.0,138.0,89.0
825,530.0,653.0,765.0,669.0,763.0,868.0,772.0
826,91.0,127.0,109.0,129.0,148.0,148.0,156.0
827,61.0,53.0,52.0,66.0,39.0,46.0,57.0
828,46.0,62.0,67.0,57.0,55.0,52.0,55.0
829,326.0,253.0,318.0,276.0,308.0,389.0,247.0
830,73.0,58.0,59.0,91.0,109.0,124.0,80.0
831,240.0,191.0,225.0,261.0,253.0,266.0,185.0
832,50.0,70.0,72.0,77.0,69.0,55.0,50.0
833,58.0,47.0,52.0,51.0,78.0,52.0,55.0
834,72.0,51.0,73.0,92.0,122.0,136.0,52.0
835,119.0,113.0,109.0,135.0,188.0,149.0,142.0
836,66.0,80.0,80.0,90.0,133.0,140.0,84.0
837,103.0,101.0,129.0,90.0,67.0,82.0,105.0
838,133.0,132.0,122.0,152.0,127.0,118.0,133.0
839,65.0,149.0,148.0,119.0,159.0,172.0,74.0
840,207.0,244.0,223.0,384.0,254.0,253.0,238.0
841,37.0,27.0,39.0,35.0,34.0,43.0,36.0
842,32.0,32.0,24.0,34.0,77.0,74.0,26.0
843,56.0,65.0,60.0,76.0,91.0,96.0,54.0
844,70.0,87.0,52.0,73.0,123.0,117.0,80.0
845,58.0,57.0,51.0,53.0,53.0,52.0,66.0
846,47.0,46.0,53.0,64.0,94.0,77.0,45.0
847,55.0,52.0,64.0,64.0,142.0,136.0,37.0
848,150.0,139.0,164.0,165.0,81.0,99.0,162.0
849,71.0,81.0,64.0,92.0,158.0,130.0,76.0
850,152.0,153.0,170.0,297.0,231.0,259.0,186.0
851,94.0,70.0,66.0,76.0,88.0,104.0,85.0
852,89.0,80.0,87.0,117.0,184.0,227.0,97.0
853,82.0,94.0,92.0,118.0,180.0,169.0,73.0
854,462.0,449.0,458.0,457.0,587.0,642.0,513.0
855,51.0,57.0,40.0,45.0,41.0,49.0,35.0
856,45.0,50.0,43.0,48.0,64.0,76.0,44.0
857,47.0,58.0,49.0,55.0,81.0,84.0,58.0
858,46.0,55.0,101.0,136.0,141.0,139.0,103.0
859,106.0,58.0,109.0,83.0,123.0,117.0,117.0
860,554.0,442.0,569.0,588.0,839.0,872.0,600.0
861,121.0,101.0,137.0,119.0,145.0,157.0,120.0
862,164.0,144.0,184.0,199.0,209.0,243.0,183.0
863,74.0,54.0,84.0,54.0,47.0,65.0,73.0
864,681.0,391.0,532.0,729.0,617.0,666.0,582.0
865,228.0,194.0,234.0,230.0,371.0,397.0,207.0
866,307.0,277.0,272.0,277.0,105.0,50.0,279.0
867,177.0,164.0,138.0,162.0,137.0,125.0,146.0
868,288.0,229.0,245.0,253.0,267.0,223.0,253.0
869,266.0,275.0,280.0,384.0,436.0,420.0,318.0
870,226.0,163.0,247.0,213.0,265.0,295.0,241.0
871,71.0,54.0,68.0,80.0,80.0,114.0,62.0
872,325.0,359.0,308.0,207.0,105.0,46.0,280.0
873,182.0,169.0,190.0,135.0,111.0,166.0,171.0
874,211.0,243.0,225.0,223.0,215.0,166.0,160.0
875,137.0,104.0,106.0,83.0,58.0,65.0,91.0
876,318.0,272.0,281.0,272.0,259.0,298.0,276.0
877,210.0,228.0,202.0,233.0,187.0,175.0,232.0
878,53.0,53.0,53.0,52.0,62.0,36.0,44.0
879,41.0,54.0,49.0,70.0,70.0,78.0,37.0
880,80.0,52.0,87.0,74.0,67.0,75.0,62.0
881,109.0,102.0,112.0,134.0,126.0,132.0,101.0
882,123.0,100.0,79.0,104.0,134.0,110.0,76.0
883,102.0,63.0,88.0,81.0,84.0,109.0,89.0
884,172.0,161.0,157.0,160.0,118.0,147.0,163.0
885,126.0,113.0,118.0,135.0,160.0,155.0,109.0
886,78.0,76.0,66.0,63.0,90.0,91.0,62.0
887,54.0,36.0,35.0,47.0,134.0,130.0,47.0
888,106.0,84.0,99.0,78.0,66.0,57.0,104.0
889,115.0,67.0,108.0,114.0,155.0,144.0,107.0
890,42.0,43.0,37.0,37.0,53.0,33.0,43.0
891,496.0,580.0,601.0,726.0,1033.0,1025.0,580.0
892,210.0,204.0,200.0,212.0,152.0,156.0,165.0
893,56.0,44.0,57.0,58.0,91.0,74.0,45.0
894,96.0,109.0,100.0,110.0,88.0,105.0,99.0
895,154.0,168.0,149.0,199.0,175.0,109.0,177.0
896,116.0,91.0,101.0,101.0,72.0,74.0,96.0
897,264.0,294.0,259.0,364.0,582.0,570.0,279.0
898,141.0,104.0,118.0,97.0,84.0,56.0,97.0
899,116.0,111.0,75.0,118.0,194.0,222.0,114.0
900,544.0,555.0,599.0,654.0,986.0,944.0,582.0
901,139.0,143.0,128.0,154.0,156.0,142.0,138.0
902,73.0,88.0,82.0,80.0,52.0,36.0,96.0
903,75.0,87.0,56.0,97.0,47.0,55.0,82.0
904,69.0,86.0,82.0,78.0,227.0,223.0,91.0
905,75.0,78.0,78.0,98.0,121.0,124.0,94.0
906,128.0,115.0,136.0,132.0,140.0,137.0,109.0
907,87.0,92.0,69.0,92.0,126.0,118.0,76.0
908,70.0,58.0,100.0,63.0,73.0,87.0,78.0
909,121.0,123.0,119.0,125.0,165.0,149.0,115.0
910,259.0,152.0,198.0,279.0,289.0,315.0,204.0
911,71.0,49.0,78.0,59.0,60.0,81.0,70.0
912,122.0,148.0,122.0,139.0,165.0,146.0,140.0
913,56.0,59.0,72.0,121.0,217.0,167.0,71.0
914,61.0,59.0,55.0,77.0,49.0,68.0,55.0
915,87.0,106.0,90.0,105.0,214.0,208.0,118.0
916,350.0,367.0,269.0,339.0,375.0,365.0,266.0
917,91.0,83.0,79.0,92.0,45.0,55.0,62.0
918,73.0,93.0,63.0,87.0,132.0,120.0,87.0
919,60.0,52.0,49.0,74.0,81.0,87.0,39.0
920,106.0,50.0,85.0,103.0,57.0,63.0,107.0
921,169.0,149.0,153.0,151.0,167.0,161.0,184.0
922,81.0,65.0,96.0,87.0,105.0,122.0,81.0
923,109.0,113.0,99.0,123.0,253.0,157.0,125.0
924,124.0,104.0,114.0,83.0,57.0,63.0,122.0
925,96.0,110.0,111.0,135.0,43.0,45.0,114.0
926,96.0,77.0,70.0,77.0,101.0,91.0,84.0
927,41.0,50.0,64.0,58.0,79.0,61.0,57.0
928,121.0,112.0,99.0,130.0,129.0,125.0,95.0
929,38.0,45.0,48.0,41.0,84.0,68.0,48.0
930,64.0,49.0,84.0,58.0,85.0,62.0,76.0
931,170.0,185.0,97.0,163.0,176.0,152.0,152.0
932,66.0,49.0,70.0,56.0,46.0,63.0,57.0
933,92.0,92.0,129.0,103.0,120.0,109.0,88.0
934,660.0,558.0,697.0,629.0,831.0,958.0,652.0
935,138.0,167.0,104.0,127.0,90.0,104.0,92.0
936,37.0,31.0,50.0,54.0,115.0,90.0,41.0
937,82.0,80.0,120.0,145.0,306.0,176.0,71.0
938,99.0,68.0,91.0,85.0,92.0,110.0,89.0
939,164.0,159.0,181.0,170.0,116.0,127.0,128.0
940,112.0,87.0,113.0,87.0,96.0,131.0,123.0
941,35.0,36.0,34.0,54.0,72.0,66.0,56.0
942,57.0,62.0,45.0,72.0,87.0,83.0,57.0
943,111.0,70.0,85.0,86.0,172.0,152.0,76.0
944,54.0,41.0,64.0,62.0,57.0,56.0,43.0
945,81.0,62.0,57.0,80.0,92.0,106.0,80.0
946,101.0,96.0,95.0,107.0,128.0,161.0,69.0
947,80.0,74.0,83.0,91.0,58.0,53.0,80.0
948,80.0,77.0,85.0,78.0,56.0,113.0,82.0
949,71.0,64.0,62.0,75.0,83.0,83.0,59.0
950,171.0,139.0,169.0,161.0,145.0,174.0,145.0
951,174.0,144.0,172.0,230.0,290.0,221.0,157.0
952,106.0,96.0,123.0,119.0,69.0,80.0,84.0
953,185.0,129.0,159.0,173.0,193.0,183.0,164.0
954,99.0,96.0,105.0,80.0,110.0,97.0,87.0
955,103.0,110.0,116.0,114.0,135.0,215.0,110.0
956,26.0,41.0,27.0,35.0,46.0,59.0,18.0
957,150.0,161.0,204.0,211.0,275.0,303.0,235.0
958,162.0,166.0,150.0,161.0,96.0,55.0,122.0
959,217.0,223.0,238.0,203.0,209.0,238.0,203.0
960,98.0,83.0,79.0,92.0,66.0,57.0,79.0
961,281.0,283.0,306.0,322.0,370.0,287.0,263.0
962,100.0,104.0,99.0,134.0,133.0,130.0,111.0
963,140.0,109.0,122.0,139.0,57.0,57.0,170.0
964,129.0,146.0,167.0,236.0,163.0,181.0,140.0
965,78.0,69.0,76.0,83.0,87.0,90.0,74.0
966,113.0,109.0,96.0,83.0,94.0,122.0,110.0
967,114.0,89.0,104.0,93.0,99.0,72.0,114.0
968,131.0,125.0,128.0,132.0,152.0,120.0,127.0
969,123.0,134.0,132.0,158.0,206.0,177.0,145.0
970,121.0,117.0,126.0,127.0,54.0,68.0,108.0
971,101.0,102.0,106.0,99.0,122.0,130.0,103.0
972,145.0,201.0,186.0,197.0,218.0,235.0,160.0
973,197.0,172.0,184.0,202.0,182.0,189.0,192.0
974,154.0,149.0,148.0,124.0,109.0,110.0,165.0
975,132.0,117.0,128.0,156.0,143.0,124.0,130.0
976,83.0,93.0,78.0,69.0,76.0,64.0,79.0
977,108.0,116.0,116.0,117.0,103.0,96.0,98.0
978,187.0,183.0,183.0,215.0,158.0,154.0,157.0
979,124.0,77.0,103.0,114.0,159.0,184.0,121.0
980,68.0,110.0,111.0,113.0,142.0,111.0,89.0
981,54.0,60.0,62.0,100.0,73.0,81.0,42.0
982,99.0,101.0,116.0,118.0,106.0,111.0,70.0
983,78.0,64.0,69.0,88.0,84.0,85.0,57.0
984,98.0,95.0,100.0,124.0,145.0,167.0,77.0
985,354.0,355.0,281.0,327.0,236.0,178.0,232.0
986,162.0,167.0,93.0,100.0,127.0,127.0,188.0
987,97.0,80.0,99.0,103.0,37.0,37.0,0.0
988,284.0,200.0,341.0,305.0,254.0,210.0,304.0
989,131.0,166.0,143.0,194.0,141.0,122.0,182.0
990,87.0,108.0,83.0,150.0,245.0,213.0,81.0
991,84.0,126.0,93.0,110.0,138.0,150.0,111.0
992,130.0,143.0,145.0,150.0,75.0,65.0,124.0
993,89.0,56.0,47.0,71.0,75.0,68.0,66.0
994,84.0,82.0,82.0,87.0,130.0,126.0,79.0
995,137.0,157.0,124.0,130.0,173.0,148.0,158.0
996,63.0,55.0,53.0,85.0,69.0,44.0,72.0
997,93.0,116.0,104.0,119.0,123.0,115.0,121.0
998,125.0,106.0,476.0,116.0,225.0,252.0,137.0
999,358.0,340.0,327.0,369.0,152.0,109.0,345.0
1000,56.0,63.0,51.0,87.0,112.0,137.0,75.0
1001,35.0,30.0,27.0,50.0,85.0,53.0,39.0
1002,51.0,47.0,24.0,75.0,132.0,92.0,21.0
1003,57.0,45.0,40.0,60.0,96.0,80.0,47.0
1004,152.0,169.0,158.0,181.0,123.0,125.0,142.0
1005,136.0,114.0,145.0,102.0,70.0,97.0,128.0
1006,67.0,59.0,75.0,59.0,66.0,53.0,62.0
1007,119.0,109.0,124.0,120.0,131.0,116.0,118.0
1008,67.0,54.0,56.0,89.0,108.0,80.0,73.0
1009,51.0,41.0,46.0,76.0,120.0,137.0,54.0
1010,43.0,49.0,51.0,38.0,86.0,87.0,51.0
1011,169.0,113.0,125.0,113.0,118.0,116.0,102.0
1012,196.0,173.0,194.0,170.0,196.0,177.0,190.0
1013,129.0,149.0,138.0,136.0,103.0,87.0,140.0
1014,68.0,67.0,56.0,66.0,62.0,85.0,64.0
1015,104.0,106.0,91.0,101.0,90.0,95.0,107.0
1016,72.0,72.0,58.0,56.0,52.0,76.0,53.0
1017,134.0,112.0,135.0,146.0,147.0,146.0,125.0
1018,340.0,359.0,339.0,373.0,567.0,698.0,344.0
1019,122.0,129.0,115.0,125.0,147.0,194.0,82.0
1020,47.0,57.0,46.0,69.0,55.0,49.0,55.0
1021,106.0,102.0,148.0,118.0,166.0,176.0,113.0
1022,119.0,96.0,124.0,109.0,138.0,134.0,84.0
1023,38.0,30.0,28.0,43.0,48.0,49.0,36.0
1024,64.0,64.0,69.0,37.0,61.0,58.0,58.0
1025,146.0,134.0,133.0,151.0,180.0,197.0,130.0
1026,89.0,102.0,82.0,193.0,99.0,138.0,79.0
1027,117.0,119.0,126.0,152.0,154.0,157.0,159.0
1028,69.0,87.0,60.0,82.0,26.0,23.0,49.0
1029,91.0,77.0,92.0,95.0,47.0,41.0,81.0
1030,163.0,170.0,142.0,151.0,43.0,36.0,132.0
1031,39.0,34.0,43.0,43.0,68.0,78.0,52.0
1032,44.0,61.0,63.0,77.0,52.0,68.0,32.0
1033,48.0,59.0,51.0,72.0,80.0,75.0,58.0
1034,95.0,101.0,91.0,132.0,126.0,131.0,85.0
1035,135.0,139.0,151.0,178.0,294.0,254.0,114.0
1036,80.0,84.0,86.0,96.0,89.0,108.0,95.0
1037,73.0,89.0,62.0,72.0,93.0,124.0,56.0
1038,166.0,161.0,151.0,145.0,190.0,182.0,128.0
1039,320.0,310.0,291.0,337.0,201.0,234.0,333.0
1040,44.0,56.0,45.0,76.0,120.0,113.0,45.0
1041,127.0,184.0,153.0,150.0,208.0,197.0,127.0
1042,112.0,91.0,100.0,125.0,182.0,155.0,108.0
1043,132.0,177.0,157.0,208.0,300.0,232.0,166.0
1044,63.0,75.0,70.0,74.0,79.0,97.0,48.0
1045,115.0,100.0,96.0,135.0,174.0,210.0,107.0
1046,53.0,61.0,64.0,53.0,61.0,53.0,42.0
1047,163.0,171.0,145.0,154.0,87.0,85.0,169.0
1048,65.0,71.0,65.0,59.0,55.0,56.0,71.0
1049,107.0,120.0,125.0,131.0,114.0,119.0,86.0
1050,56.0,13.0,33.0,28.0,43.0,43.0,55.0
1051,53.0,33.0,48.0,44.0,46.0,66.0,43.0
1052,253.0,263.0,246.0,258.0,425.0,451.0,233.0
1053,86.0,72.0,98.0,81.0,105.0,116.0,107.0
1054,106.0,101.0,105.0,78.0,117.0,86.0,112.0
1055,83.0,62.0,62.0,113.0,150.0,134.0,66.0
1056,71.0,44.0,64.0,80.0,137.0,118.0,74.0
1057,97.0,84.0,77.0,96.0,117.0,113.0,93.0
1058,53.0,100.0,104.0,45.0,27.0,57.0,19.0
1059,92.0,78.0,105.0,97.0,148.0,126.0,104.0
1060,240.0,219.0,244.0,201.0,190.0,177.0,234.0
1061,165.0,143.0,123.0,177.0,174.0,186.0,120.0
1062,83.0,86.0,73.0,105.0,96.0,81.0,81.0
1063,39.0,49.0,30.0,55.0,83.0,72.0,45.0
1064,45.0,66.0,63.0,78.0,67.0,61.0,48.0
1065,94.0,95.0,106.0,97.0,83.0,104.0,98.0
1066,177.0,183.0,186.0,183.0,234.0,209.0,151.0
1067,226.0,201.0,163.0,176.0,140.0,190.0,183.0
1068,46.0,52.0,52.0,76.0,56.0,40.0,53.0
1069,116.0,118.0,124.0,138.0,242.0,177.0,127.0
1070,85.0,90.0,89.0,74.0,86.0,104.0,87.0
1071,477.0,463.0,452.0,346.0,322.0,414.0,381.0
1072,555.0,479.0,504.0,426.0,389.0,362.0,444.0
1073,69.0,70.0,75.0,56.0,77.0,67.0,63.0
1074,80.0,59.0,89.0,160.0,209.0,197.0,113.0
1075,56.0,59.0,58.0,81.0,74.0,80.0,47.0
1076,83.0,88.0,78.0,72.0,91.0,123.0,83.0
1077,54.0,61.0,61.0,62.0,64.0,70.0,41.0
1078,107.0,126.0,108.0,87.0,93.0,100.0,122.0
1079,55.0,52.0,57.0,72.0,48.0,48.0,63.0
1080,38.0,35.0,50.0,36.0,43.0,55.0,43.0
1081,61.0,69.0,86.0,66.0,83.0,80.0,67.0
1082,76.0,77.0,78.0,63.0,77.0,64.0,47.0
1083,130.0,152.0,118.0,119.0,134.0,106.0,118.0
1084,98.0,60.0,73.0,94.0,148.0,145.0,90.0
1085,105.0,115.0,118.0,202.0,273.0,262.0,133.0
1086,84.0,83.0,34.0,117.0,90.0,86.0,66.0
1087,66.0,56.0,62.0,85.0,154.0,125.0,56.0
1088,101.0,29.0,112.0,131.0,126.0,152.0,114.0
1089,48.0,31.0,50.0,44.0,84.0,70.0,46.0
1090,405.0,444.0,389.0,409.0,205.0,102.0,360.0
1091,91.0,86.0,101.0,73.0,98.0,86.0,83.0
1092,137.0,152.0,124.0,145.0,178.0,198.0,122.0
1093,197.0,207.0,179.0,171.0,72.0,43.0,120.0
1094,144.0,105.0,121.0,152.0,194.0,222.0,127.0
1095,104.0,108.0,78.0,90.0,140.0,115.0,80.0
1096,136.0,99.0,105.0,132.0,139.0,104.0,141.0
1097,33.0,39.0,44.0,59.0,43.0,60.0,39.0
1098,196.0,196.0,207.0,141.0,143.0,211.0,235.0
1099,87.0,108.0,77.0,95.0,77.0,78.0,71.0
1100,29.0,22.0,33.0,36.0,79.0,46.0,18.0
1101,107.0,79.0,81.0,112.0,161.0,154.0,78.0
1102,140.0,175.0,170.0,237.0,269.0,220.0,119.0
1103,53.0,54.0,49.0,63.0,54.0,53.0,74.0
1104,238.0,164.0,233.0,264.0,489.0,531.0,256.0
1105,105.0,88.0,104.0,110.0,102.0,94.0,77.0
1106,105.0,97.0,105.0,103.0,66.0,52.0,90.0
1107,23.0,26.0,24.0,48.0,54.0,55.0,19.0
1108,103.0,100.0,103.0,149.0,191.0,176.0,105.0
1109,122.0,122.0,128.0,139.0,161.0,156.0,122.0
1110,176.0,213.0,197.0,200.0,167.0,131.0,212.0
1111,62.0,58.0,78.0,60.0,58.0,61.0,55.0
1112,69.0,91.0,86.0,89.0,87.0,65.0,74.0
1113,204.0,169.0,182.0,148.0,203.0,169.0,176.0
1114,228.0,172.0,230.0,227.0,144.0,151.0,237.0
1115,40.0,46.0,40.0,36.0,45.0,70.0,43.0
1116,344.0,315.0,347.0,305.0,208.0,236.0,346.0
1117,255.0,288.0,312.0,274.0,286.0,248.0,265.0
1118,91.0,104.0,117.0,120.0,249.0,241.0,98.0
1119,71.0,70.0,70.0,91.0,73.0,111.0,71.0
1120,49.0,35.0,41.0,46.0,65.0,64.0,36.0
1121,119.0,132.0,105.0,117.0,149.0,139.0,127.0
1122,131.0,134.0,140.0,138.0,135.0,137.0,149.0
1123,391.0,427.0,548.0,503.0,521.0,134.0,510.0
1124,27.0,13.0,27.0,38.0,67.0,78.0,31.0
1125,198.0,197.0,269.0,353.0,257.0,288.0,195.0
1126,95.0,75.0,79.0,107.0,118.0,122.0,84.0
1127,81.0,97.0,85.0,117.0,156.0,160.0,91.0
1128,80.0,54.0,68.0,80.0,87.0,108.0,63.0
1129,96.0,100.0,96.0,120.0,141.0,163.0,69.0
1130,96.0,132.0,112.0,100.0,83.0,91.0,93.0
1131,232.0,223.0,224.0,237.0,128.0,86.0,217.0
1132,75.0,62.0,70.0,64.0,64.0,75.0,72.0
1133,69.0,57.0,58.0,50.0,53.0,61.0,52.0
1134,80.0,74.0,70.0,83.0,113.0,98.0,57.0
1135,149.0,127.0,122.0,157.0,213.0,245.0,118.0
1136,212.0,218.0,224.0,216.0,199.0,225.0,207.0
1137,62.0,59.0,60.0,73.0,93.0,82.0,78.0
1138,59.0,49.0,68.0,77.0,58.0,54.0,55.0
1139,43.0,58.0,67.0,77.0,73.0,77.0,62.0
1140,151.0,187.0,188.0,201.0,30.0,56.0,199.0
1141,85.0,93.0,81.0,123.0,125.0,125.0,93.0
1142,48.0,60.0,53.0,76.0,112.0,112.0,77.0
1143,61.0,68.0,68.0,93.0,107.0,95.0,75.0
1144,57.0,51.0,29.0,81.0,161.0,196.0,53.0
1145,67.0,46.0,55.0,110.0,390.0,386.0,310.0
1146,184.0,148.0,199.0,171.0,206.0,199.0,198.0
1147,439.0,253.0,362.0,372.0,298.0,344.0,313.0
1148,76.0,71.0,70.0,77.0,71.0,80.0,69.0
1149,90.0,85.0,77.0,74.0,89.0,79.0,66.0
1150,318.0,263.0,357.0,306.0,478.0,462.0,312.0
1151,154.0,132.0,142.0,146.0,111.0,90.0,143.0
1152,190.0,148.0,163.0,211.0,284.0,302.0,170.0
1153,252.0,253.0,239.0,246.0,243.0,217.0,210.0
1154,97.0,86.0,97.0,89.0,112.0,124.0,87.0
1155,48.0,49.0,62.0,35.0,41.0,43.0,53.0
1156,50.0,80.0,57.0,92.0,60.0,73.0,37.0
1157,88.0,89.0,83.0,81.0,50.0,50.0,87.0
1158,59.0,58.0,72.0,72.0,65.0,75.0,67.0
1159,82.0,79.0,56.0,71.0,86.0,108.0,58.0
1160,60.0,43.0,66.0,59.0,52.0,46.0,62.0
1161,58.0,62.0,78.0,172.0,194.0,243.0,84.0
1162,63.0,62.0,77.0,92.0,116.0,131.0,73.0
1163,114.0,69.0,102.0,0.0,28.0,38.0,121.0
1164,61.0,64.0,76.0,77.0,21.0,24.0,73.0
1165,70.0,72.0,83.0,61.0,75.0,81.0,65.0
1166,79.0,64.0,86.0,88.0,115.0,97.0,67.0
1167,74.0,79.0,67.0,76.0,95.0,89.0,68.0
1168,206.0,224.0,191.0,298.0,301.0,327.0,200.0
1169,143.0,133.0,173.0,123.0,125.0,106.0,141.0
1170,58.0,60.0,65.0,49.0,65.0,73.0,53.0
1171,49.0,39.0,44.0,62.0,84.0,85.0,41.0
1172,42.0,70.0,61.0,54.0,106.0,84.0,41.0
1173,87.0,80.0,95.0,94.0,132.0,124.0,76.0
1174,136.0,117.0,122.0,123.0,81.0,51.0,132.0
1175,197.0,174.0,205.0,230.0,261.0,274.0,178.0
1176,92.0,112.0,106.0,121.0,221.0,203.0,103.0
1177,105.0,105.0,101.0,89.0,118.0,139.0,100.0
1178,221.0,227.0,229.0,211.0,57.0,51.0,250.0
1179,99.0,102.0,128.0,150.0,140.0,120.0,106.0
1180,111.0,95.0,122.0,128.0,178.0,191.0,128.0
1181,160.0,177.0,184.0,170.0,196.0,196.0,164.0
1182,44.0,55.0,49.0,56.0,80.0,72.0,54.0
1183,41.0,39.0,48.0,41.0,54.0,69.0,59.0
1184,114.0,124.0,114.0,138.0,176.0,167.0,127.0
1185,341.0,0.0,346.0,312.0,80.0,95.0,261.0
1186,69.0,76.0,81.0,77.0,66.0,64.0,61.0
1187,85.0,61.0,76.0,79.0,140.0,105.0,81.0
1188,123.0,124.0,141.0,137.0,104.0,119.0,114.0
1189,80.0,104.0,85.0,131.0,87.0,85.0,124.0
1190,404.0,270.0,362.0,436.0,470.0,475.0,294.0
1191,62.0,57.0,69.0,58.0,71.0,61.0,63.0
1192,68.0,63.0,103.0,105.0,105.0,126.0,90.0
1193,129.0,105.0,115.0,148.0,127.0,91.0,129.0
1194,200.0,117.0,194.0,177.0,196.0,238.0,211.0
1195,53.0,48.0,44.0,62.0,110.0,107.0,69.0
1196,87.0,86.0,88.0,90.0,118.0,92.0,91.0
1197,113.0,113.0,130.0,152.0,179.0,143.0,111.0
1198,76.0,51.0,59.0,63.0,52.0,59.0,59.0
1199,154.0,158.0,143.0,158.0,63.0,45.0,136.0
1200,58.0,52.0,84.0,80.0,61.0,71.0,59.0
1201,94.0,90.0,120.0,151.0,216.0,204.0,130.0
1202,32.0,37.0,34.0,46.0,43.0,50.0,44.0
1203,135.0,150.0,140.0,196.0,289.0,275.0,140.0
1204,110.0,93.0,98.0,114.0,183.0,153.0,133.0
1205,98.0,91.0,80.0,70.0,89.0,95.0,74.0
1206,67.0,66.0,47.0,47.0,55.0,69.0,29.0
1207,53.0,53.0,48.0,59.0,109.0,89.0,63.0
1208,121.0,114.0,108.0,153.0,195.0,220.0,110.0
1209,50.0,55.0,50.0,68.0,60.0,70.0,58.0
1210,57.0,63.0,46.0,96.0,109.0,119.0,56.0
1211,183.0,169.0,167.0,244.0,301.0,413.0,201.0
1212,81.0,58.0,71.0,77.0,87.0,99.0,64.0
1213,264.0,261.0,256.0,278.0,134.0,131.0,242.0
1214,118.0,102.0,116.0,86.0,11.0,9.0,110.0
1215,43.0,34.0,52.0,51.0,59.0,61.0,37.0
1216,96.0,87.0,113.0,93.0,79.0,79.0,81.0
1217,152.0,146.0,135.0,264.0,173.0,145.0,141.0
1218,165.0,137.0,36.0,18.0,19.0,24.0,21.0
1219,45.0,51.0,62.0,64.0,97.0,61.0,54.0
1220,216.0,223.0,224.0,229.0,72.0,74.0,189.0
1221,188.0,134.0,189.0,214.0,277.0,294.0,228.0
1222,69.0,82.0,75.0,77.0,88.0,104.0,68.0
1223,143.0,169.0,169.0,155.0,82.0,92.0,127.0
1224,101.0,133.0,111.0,152.0,96.0,104.0,101.0
1225,87.0,79.0,86.0,73.0,57.0,38.0,90.0
1226,468.0,378.0,474.0,460.0,601.0,640.0,454.0
1227,119.0,122.0,93.0,113.0,128.0,144.0,116.0
1228,102.0,93.0,131.0,109.0,114.0,137.0,103.0
1229,671.0,677.0,657.0,549.0,629.0,608.0,688.0
1230,63.0,61.0,57.0,66.0,92.0,52.0,60.0
1231,136.0,125.0,151.0,183.0,148.0,81.0,116.0
1232,65.0,76.0,66.0,70.0,60.0,49.0,84.0
1233,57.0,80.0,74.0,73.0,89.0,96.0,50.0
1234,30.0,33.0,39.0,48.0,73.0,62.0,33.0
1235,96.0,83.0,92.0,93.0,109.0,69.0,84.0
1236,124.0,129.0,95.0,95.0,126.0,143.0,112.0
1237,75.0,56.0,46.0,70.0,86.0,70.0,67.0
1238,117.0,74.0,115.0,84.0,65.0,84.0,93.0
1239,75.0,77.0,71.0,86.0,65.0,58.0,63.0
1240,174.0,172.0,156.0,145.0,132.0,168.0,199.0
1241,34.0,10.0,31.0,30.0,115.0,98.0,23.0
1242,79.0,56.0,94.0,94.0,92.0,78.0,59.0
1243,6.0,15.0,28.0,19.0,27.0,31.0,39.0
1244,154.0,167.0,183.0,160.0,206.0,145.0,153.0
1245,65.0,41.0,63.0,100.0,74.0,71.0,55.0
1246,66.0,91.0,48.0,68.0,133.0,154.0,56.0
1247,67.0,56.0,58.0,113.0,80.0,93.0,76.0
1248,107.0,137.0,133.0,157.0,169.0,121.0,96.0
1249,228.0,237.0,230.0,238.0,172.0,169.0,217.0
1250,204.0,208.0,228.0,222.0,125.0,88.0,189.0
1251,87.0,72.0,89.0,74.0,97.0,102.0,76.0
1252,145.0,184.0,141.0,226.0,308.0,302.0,170.0
1253,55.0,43.0,76.0,51.0,67.0,103.0,76.0
1254,48.0,58.0,61.0,66.0,124.0,97.0,67.0
1255,32.0,45.0,38.0,53.0,41.0,53.0,49.0
1256,279.0,243.0,239.0,290.0,277.0,316.0,284.0
1257,246.0,274.0,257.0,322.0,381.0,382.0,273.0
1258,239.0,278.0,266.0,204.0,287.0,200.0,203.0
1259,50.0,53.0,59.0,46.0,55.0,37.0,53.0
1260,65.0,74.0,76.0,60.0,77.0,122.0,91.0
1261,98.0,119.0,138.0,105.0,46.0,42.0,111.0
1262,113.0,96.0,87.0,103.0,117.0,120.0,106.0
1263,285.0,289.0,220.0,426.0,433.0,381.0,249.0
1264,95.0,93.0,101.0,102.0,204.0,216.0,98.0
1265,29.0,73.0,93.0,82.0,45.0,34.0,34.0
1266,81.0,78.0,72.0,64.0,99.0,84.0,57.0
1267,155.0,116.0,145.0,162.0,227.0,232.0,151.0
1268,355.0,280.0,295.0,284.0,321.0,318.0,326.0
1269,414.0,417.0,452.0,416.0,375.0,383.0,382.0
1270,68.0,59.0,43.0,94.0,122.0,115.0,45.0
1271,171.0,164.0,175.0,145.0,211.0,210.0,182.0
1272,114.0,114.0,137.0,115.0,95.0,81.0,111.0
1273,120.0,126.0,133.0,147.0,143.0,129.0,131.0
1274,91.0,103.0,90.0,109.0,70.0,70.0,59.0
1275,74.0,96.0,93.0,130.0,131.0,139.0,96.0
1276,127.0,133.0,125.0,125.0,92.0,100.0,131.0
1277,72.0,60.0,46.0,71.0,92.0,74.0,55.0
1278,40.0,22.0,39.0,60.0,120.0,113.0,40.0
1279,92.0,84.0,78.0,76.0,103.0,60.0,69.0
1280,61.0,57.0,71.0,94.0,101.0,80.0,74.0
1281,63.0,55.0,56.0,71.0,92.0,72.0,71.0
1282,69.0,57.0,62.0,52.0,37.0,58.0,60.0
1283,195.0,170.0,171.0,176.0,236.0,270.0,142.0
1284,94.0,81.0,94.0,103.0,88.0,107.0,67.0
1285,112.0,102.0,128.0,120.0,136.0,150.0,107.0
1286,83.0,86.0,79.0,145.0,105.0,119.0,73.0
1287,131.0,173.0,149.0,117.0,172.0,167.0,159.0
1288,74.0,77.0,91.0,77.0,120.0,124.0,57.0
1289,70.0,60.0,63.0,86.0,72.0,88.0,68.0
1290,97.0,105.0,90.0,116.0,189.0,202.0,92.0
1291,62.0,53.0,56.0,64.0,104.0,116.0,47.0
1292,217.0,217.0,207.0,268.0,278.0,286.0,199.0
1293,151.0,144.0,177.0,160.0,146.0,159.0,150.0
1294,52.0,59.0,79.0,67.0,82.0,113.0,74.0
1295,64.0,87.0,76.0,108.0,119.0,104.0,132.0
1296,587.0,566.0,604.0,709.0,1282.0,1354.0,690.0
1297,207.0,212.0,222.0,231.0,287.0,264.0,201.0
1298,151.0,108.0,152.0,137.0,220.0,151.0,162.0
1299,181.0,153.0,183.0,136.0,154.0,114.0,162.0
1300,61.0,59.0,68.0,67.0,104.0,113.0,41.0
1301,97.0,100.0,66.0,115.0,147.0,128.0,103.0
1302,476.0,493.0,431.0,610.0,1192.0,1168.0,539.0
1303,163.0,164.0,193.0,182.0,164.0,138.0,182.0
1304,72.0,69.0,86.0,77.0,131.0,135.0,74.0
1305,256.0,180.0,174.0,164.0,130.0,194.0,174.0
1306,364.0,353.0,195.0,388.0,543.0,563.0,348.0
1307,77.0,67.0,65.0,90.0,123.0,108.0,117.0
1308,401.0,355.0,388.0,391.0,363.0,402.0,328.0
1309,213.0,254.0,223.0,297.0,228.0,205.0,241.0
1310,285.0,254.0,270.0,302.0,409.0,461.0,299.0
1311,72.0,86.0,83.0,107.0,128.0,115.0,95.0
1312,122.0,139.0,137.0,124.0,135.0,113.0,112.0
1313,44.0,47.0,56.0,52.0,98.0,58.0,45.0
1314,189.0,207.0,261.0,222.0,239.0,259.0,198.0
1315,175.0,216.0,190.0,243.0,300.0,248.0,206.0
1316,58.0,48.0,62.0,67.0,118.0,99.0,44.0
1317,107.0,55.0,86.0,123.0,115.0,158.0,120.0
1318,51.0,52.0,70.0,62.0,130.0,150.0,55.0
1319,37.0,55.0,34.0,41.0,64.0,45.0,39.0
1320,83.0,73.0,93.0,95.0,37.0,19.0,92.0
1321,48.0,35.0,70.0,66.0,91.0,83.0,60.0
1322,171.0,168.0,167.0,214.0,322.0,281.0,189.0
1323,148.0,105.0,108.0,131.0,93.0,117.0,120.0
1324,171.0,168.0,162.0,178.0,133.0,144.0,155.0
1325,133.0,136.0,153.0,155.0,189.0,153.0,117.0
1326,390.0,401.0,480.0,496.0,678.0,568.0,514.0
1327,112.0,115.0,88.0,91.0,94.0,158.0,132.0
1328,43.0,63.0,46.0,57.0,84.0,74.0,48.0
1329,75.0,81.0,55.0,77.0,56.0,71.0,74.0
1330,64.0,72.0,77.0,71.0,85.0,77.0,60.0
1331,26.0,20.0,20.0,47.0,69.0,57.0,27.0
1332,107.0,119.0,118.0,118.0,201.0,230.0,89.0
1333,100.0,114.0,84.0,94.0,77.0,91.0,82.0
1334,72.0,81.0,89.0,83.0,60.0,50.0,81.0
1335,91.0,71.0,85.0,112.0,208.0,226.0,81.0
1336,61.0,71.0,62.0,60.0,66.0,77.0,55.0
1337,35.0,28.0,23.0,66.0,95.0,92.0,21.0
1338,119.0,136.0,142.0,158.0,145.0,127.0,140.0
1339,185.0,120.0,126.0,205.0,208.0,199.0,139.0
1340,149.0,169.0,156.0,144.0,113.0,94.0,159.0
1341,136.0,122.0,124.0,138.0,136.0,152.0,124.0
1342,103.0,119.0,102.0,136.0,185.0,168.0,100.0
1343,153.0,101.0,119.0,150.0,119.0,137.0,140.0
1344,141.0,133.0,134.0,177.0,254.0,326.0,189.0
1345,79.0,83.0,72.0,95.0,119.0,102.0,79.0
1346,1080.0,1033.0,1139.0,1126.0,1591.0,1656.0,1091.0
1347,81.0,98.0,82.0,117.0,152.0,155.0,84.0
1348,110.0,115.0,129.0,153.0,235.0,203.0,105.0
1349,118.0,96.0,130.0,120.0,120.0,110.0,119.0
1350,499.0,456.0,419.0,525.0,1116.0,1121.0,908.0
1351,68.0,69.0,80.0,85.0,129.0,116.0,56.0
1352,54.0,55.0,58.0,59.0,96.0,71.0,43.0
1353,429.0,467.0,469.0,449.0,125.0,106.0,455.0
1354,223.0,200.0,211.0,227.0,237.0,271.0,214.0
1355,368.0,377.0,376.0,418.0,438.0,423.0,347.0
1356,131.0,108.0,25.0,176.0,233.0,204.0,111.0
1357,122.0,117.0,130.0,130.0,169.0,206.0,140.0
1358,182.0,154.0,193.0,314.0,521.0,577.0,134.0
1359,45.0,35.0,30.0,42.0,78.0,90.0,30.0
1360,64.0,45.0,41.0,60.0,83.0,69.0,56.0
1361,206.0,147.0,123.0,163.0,130.0,94.0,171.0
1362,50.0,46.0,47.0,73.0,73.0,86.0,49.0
1363,98.0,111.0,115.0,102.0,95.0,102.0,105.0
1364,66.0,60.0,72.0,95.0,143.0,141.0,65.0
1365,344.0,321.0,300.0,357.0,317.0,293.0,313.0
1366,143.0,179.0,182.0,186.0,26.0,21.0,168.0
1367,88.0,82.0,105.0,184.0,92.0,128.0,86.0
1368,96.0,106.0,129.0,109.0,92.0,84.0,99.0
1369,50.0,55.0,42.0,38.0,61.0,63.0,42.0
1370,107.0,137.0,106.0,129.0,132.0,138.0,89.0
1371,117.0,126.0,186.0,104.0,75.0,52.0,175.0
1372,970.0,1001.0,995.0,883.0,400.0,262.0,987.0
1373,357.0,360.0,343.0,424.0,258.0,577.0,364.0
1374,75.0,57.0,63.0,101.0,78.0,71.0,48.0
1375,77.0,67.0,85.0,62.0,73.0,41.0,73.0
1376,130.0,137.0,143.0,182.0,223.0,207.0,132.0
1377,183.0,169.0,191.0,212.0,266.0,294.0,144.0
1378,88.0,112.0,92.0,87.0,62.0,78.0,98.0
1379,231.0,290.0,265.0,275.0,222.0,192.0,247.0
1380,57.0,68.0,65.0,66.0,69.0,76.0,60.0
1381,175.0,143.0,145.0,173.0,175.0,171.0,143.0
1382,58.0,56.0,71.0,65.0,61.0,51.0,56.0
1383,241.0,196.0,232.0,212.0,138.0,150.0,232.0
1384,11.0,8.0,15.0,20.0,45.0,69.0,70.0
1385,92.0,68.0,79.0,81.0,81.0,80.0,66.0
1386,75.0,92.0,59.0,83.0,59.0,71.0,55.0
1387,108.0,123.0,92.0,168.0,357.0,280.0,120.0
1388,51.0,54.0,39.0,97.0,104.0,100.0,50.0
1389,73.0,101.0,95.0,68.0,124.0,124.0,61.0
1390,41.0,33.0,51.0,62.0,97.0,86.0,49.0
1391,165.0,171.0,164.0,127.0,114.0,190.0,194.0
1392,298.0,292.0,317.0,306.0,246.0,257.0,273.0
1393,54.0,57.0,54.0,58.0,86.0,86.0,57.0
1394,333.0,364.0,399.0,386.0,296.0,291.0,427.0
1395,104.0,81.0,114.0,117.0,134.0,155.0,118.0
1396,360.0,311.0,358.0,359.0,381.0,398.0,303.0
1397,228.0,207.0,200.0,207.0,158.0,121.0,101.0
1398,59.0,48.0,41.0,54.0,90.0,80.0,47.0
1399,108.0,134.0,153.0,181.0,118.0,188.0,115.0
1400,169.0,175.0,174.0,155.0,125.0,134.0,192.0
1401,105.0,82.0,85.0,82.0,92.0,105.0,91.0
1402,91.0,90.0,97.0,105.0,68.0,59.0,96.0
1403,99.0,119.0,119.0,122.0,172.0,208.0,139.0
1404,157.0,129.0,165.0,184.0,143.0,147.0,136.0
1405,76.0,51.0,74.0,52.0,49.0,74.0,66.0
1406,59.0,61.0,64.0,52.0,64.0,48.0,60.0
1407,24.0,4.0,41.0,112.0,57.0,41.0,91.0
1408,83.0,63.0,78.0,79.0,82.0,96.0,95.0
1409,268.0,234.0,262.0,245.0,228.0,270.0,231.0
1410,96.0,110.0,177.0,191.0,280.0,197.0,137.0
1411,154.0,124.0,177.0,161.0,191.0,168.0,138.0
1412,83.0,88.0,130.0,144.0,275.0,255.0,119.0
1413,86.0,99.0,98.0,82.0,90.0,70.0,85.0
1414,48.0,49.0,33.0,44.0,59.0,57.0,40.0
1415,69.0,60.0,59.0,77.0,100.0,87.0,67.0
1416,43.0,54.0,44.0,63.0,119.0,102.0,44.0
1417,180.0,156.0,168.0,172.0,156.0,140.0,155.0
1418,0.0,0.0,0.0,0.0,43.0,96.0,79.0
1419,135.0,139.0,133.0,157.0,108.0,117.0,137.0
1420,231.0,216.0,229.0,199.0,92.0,105.0,209.0
1421,109.0,106.0,130.0,139.0,108.0,109.0,92.0
1422,95.0,98.0,110.0,152.0,132.0,146.0,143.0
1423,92.0,92.0,86.0,99.0,120.0,106.0,94.0
1424,134.0,149.0,159.0,242.0,277.0,215.0,150.0
1425,70.0,85.0,76.0,85.0,62.0,72.0,52.0
1426,611.0,608.0,602.0,614.0,190.0,108.0,515.0
1427,199.0,168.0,172.0,218.0,344.0,332.0,263.0
1428,66.0,50.0,57.0,61.0,92.0,106.0,59.0
1429,121.0,117.0,128.0,118.0,139.0,147.0,139.0
1430,68.0,44.0,61.0,51.0,30.0,21.0,69.0
1431,108.0,106.0,81.0,135.0,129.0,117.0,120.0
1432,268.0,260.0,267.0,356.0,463.0,494.0,268.0
1433,61.0,62.0,54.0,67.0,90.0,84.0,51.0
1434,525.0,477.0,497.0,576.0,496.0,482.0,483.0
1435,52.0,53.0,75.0,82.0,111.0,86.0,63.0
1436,277.0,281.0,286.0,384.0,227.0,82.0,289.0
1437,96.0,105.0,97.0,129.0,123.0,123.0,112.0
1438,123.0,130.0,148.0,155.0,230.0,178.0,98.0
1439,118.0,83.0,127.0,88.0,92.0,115.0,81.0
1440,113.0,81.0,148.0,113.0,137.0,157.0,126.0
1441,102.0,88.0,107.0,105.0,100.0,89.0,107.0
1442,43.0,45.0,59.0,62.0,61.0,50.0,40.0
1443,89.0,96.0,78.0,128.0,146.0,110.0,91.0
1444,68.0,55.0,30.0,88.0,184.0,160.0,56.0
1445,204.0,168.0,190.0,166.0,190.0,209.0,167.0
1446,279.0,270.0,260.0,275.0,150.0,155.0,291.0
1447,62.0,73.0,74.0,78.0,7.0,2.0,89.0
1448,63.0,40.0,62.0,38.0,91.0,47.0,31.0
1449,81.0,127.0,124.0,181.0,110.0,132.0,109.0
1450,66.0,71.0,53.0,82.0,99.0,88.0,56.0
1451,136.0,86.0,108.0,145.0,122.0,179.0,114.0
1452,55.0,69.0,63.0,53.0,72.0,75.0,52.0
1453,93.0,111.0,97.0,120.0,181.0,182.0,82.0
1454,129.0,109.0,148.0,117.0,171.0,156.0,97.0
1455,143.0,126.0,122.0,119.0,102.0,74.0,111.0
1456,98.0,98.0,115.0,131.0,112.0,100.0,89.0
1457,121.0,60.0,109.0,103.0,90.0,110.0,92.0
1458,80.0,64.0,84.0,93.0,92.0,110.0,83.0
1459,50.0,55.0,70.0,81.0,113.0,98.0,60.0
1460,48.0,51.0,53.0,56.0,98.0,120.0,41.0
1461,407.0,439.0,401.0,441.0,487.0,603.0,331.0
1462,143.0,137.0,131.0,125.0,113.0,109.0,138.0
1463,75.0,109.0,72.0,67.0,75.0,65.0,57.0
1464,116.0,121.0,112.0,169.0,230.0,207.0,110.0
1465,157.0,206.0,218.0,235.0,436.0,413.0,210.0
1466,115.0,93.0,100.0,100.0,84.0,138.0,84.0
1467,124.0,123.0,152.0,137.0,150.0,138.0,122.0
1468,139.0,103.0,140.0,126.0,180.0,254.0,137.0
1469,569.0,528.0,577.0,584.0,725.0,780.0,469.0
1470,62.0,52.0,73.0,109.0,213.0,147.0,31.0
1471,48.0,49.0,53.0,53.0,114.0,130.0,69.0
1472,350.0,312.0,363.0,334.0,394.0,399.0,300.0
1473,120.0,135.0,133.0,143.0,189.0,137.0,99.0
1474,180.0,139.0,190.0,192.0,298.0,287.0,149.0
1475,42.0,30.0,36.0,40.0,80.0,50.0,32.0
1476,60.0,73.0,57.0,71.0,91.0,71.0,54.0
1477,215.0,292.0,248.0,288.0,142.0,101.0,221.0
1478,300.0,361.0,268.0,205.0,189.0,251.0,172.0
1479,37.0,62.0,81.0,111.0,179.0,202.0,93.0
1480,63.0,55.0,52.0,85.0,66.0,48.0,59.0
1481,77.0,93.0,93.0,88.0,110.0,81.0,80.0
1482,77.0,63.0,76.0,86.0,92.0,95.0,103.0
1483,361.0,416.0,434.0,431.0,432.0,407.0,334.0
1484,136.0,182.0,165.0,191.0,255.0,207.0,167.0
1485,98.0,79.0,87.0,116.0,208.0,173.0,92.0
1486,0.0,51.0,52.0,53.0,68.0,75.0,38.0
1487,20.0,28.0,20.0,54.0,45.0,48.0,36.0
1488,95.0,99.0,99.0,100.0,98.0,131.0,93.0
1489,234.0,263.0,229.0,278.0,228.0,229.0,214.0
1490,80.0,69.0,77.0,91.0,100.0,120.0,112.0
1491,103.0,84.0,86.0,92.0,112.0,129.0,85.0
1492,55.0,66.0,49.0,49.0,61.0,47.0,51.0
1493,94.0,106.0,111.0,88.0,48.0,29.0,111.0
1494,160.0,161.0,188.0,225.0,269.0,266.0,188.0
1495,97.0,90.0,102.0,88.0,61.0,53.0,101.0
1496,155.0,94.0,156.0,133.0,155.0,175.0,130.0
1497,69.0,72.0,97.0,94.0,87.0,84.0,70.0
1498,54.0,52.0,82.0,90.0,153.0,155.0,89.0
1499,123.0,88.0,120.0,104.0,146.0,148.0,113.0
1500,182.0,149.0,222.0,208.0,245.0,281.0,189.0
1501,158.0,161.0,198.0,222.0,179.0,147.0,184.0
1502,206.0,184.0,208.0,187.0,131.0,128.0,165.0
1503,190.0,184.0,176.0,167.0,198.0,150.0,217.0
1504,93.0,90.0,87.0,102.0,94.0,105.0,119.0
1505,92.0,62.0,65.0,61.0,47.0,49.0,68.0
1506,75.0,70.0,96.0,105.0,116.0,104.0,95.0
1507,94.0,81.0,99.0,84.0,63.0,70.0,83.0
1508,50.0,28.0,52.0,66.0,110.0,89.0,48.0
1509,56.0,45.0,77.0,97.0,86.0,53.0,66.0
1510,24.0,14.0,30.0,35.0,30.0,35.0,19.0
1511,111.0,151.0,115.0,231.0,389.0,287.0,135.0
1512,62.0,65.0,82.0,131.0,118.0,122.0,77.0
1513,10.0,57.0,86.0,92.0,108.0,103.0,44.0
1514,200.0,166.0,193.0,151.0,125.0,130.0,163.0
1515,184.0,237.0,146.0,241.0,317.0,337.0,192.0
1516,93.0,92.0,89.0,78.0,48.0,51.0,78.0
1517,49.0,48.0,50.0,76.0,118.0,112.0,63.0
1518,85.0,74.0,92.0,97.0,82.0,112.0,89.0
1519,93.0,75.0,103.0,88.0,91.0,92.0,83.0
1520,44.0,42.0,39.0,46.0,53.0,30.0,33.0
1521,120.0,116.0,115.0,115.0,94.0,98.0,109.0
1522,144.0,130.0,150.0,188.0,132.0,138.0,166.0
1523,110.0,104.0,123.0,136.0,95.0,100.0,118.0
1524,157.0,136.0,120.0,157.0,184.0,171.0,101.0
1525,110.0,121.0,111.0,134.0,158.0,157.0,135.0
1526,49.0,129.0,103.0,24.0,14.0,120.0,103.0
1527,51.0,71.0,64.0,67.0,94.0,98.0,47.0
1528,435.0,483.0,414.0,322.0,252.0,331.0,382.0
1529,27.0,38.0,36.0,35.0,28.0,41.0,45.0
1530,82.0,55.0,71.0,79.0,56.0,66.0,80.0
1531,82.0,69.0,100.0,93.0,123.0,100.0,101.0
1532,91.0,109.0,107.0,103.0,64.0,49.0,85.0
1533,80.0,64.0,96.0,129.0,183.0,196.0,112.0
1534,130.0,125.0,129.0,142.0,115.0,112.0,97.0
1535,607.0,645.0,640.0,657.0,542.0,737.0,574.0
1536,81.0,113.0,85.0,130.0,100.0,135.0,110.0
1537,83.0,67.0,66.0,70.0,133.0,94.0,73.0
1538,118.0,100.0,122.0,120.0,139.0,158.0,98.0
1539,146.0,141.0,160.0,159.0,194.0,224.0,152.0
1540,116.0,153.0,189.0,331.0,209.0,305.0,142.0
1541,75.0,58.0,74.0,85.0,108.0,100.0,54.0
1542,68.0,63.0,55.0,77.0,71.0,87.0,43.0
1543,65.0,69.0,56.0,63.0,60.0,75.0,56.0
1544,156.0,142.0,92.0,201.0,261.0,274.0,162.0
1545,65.0,74.0,95.0,72.0,89.0,91.0,86.0
1546,64.0,71.0,51.0,94.0,97.0,79.0,86.0
1547,41.0,42.0,59.0,59.0,179.0,109.0,40.0
1548,32.0,50.0,27.0,23.0,27.0,28.0,26.0
1549,129.0,108.0,114.0,94.0,144.0,133.0,97.0
1550,143.0,90.0,147.0,94.0,129.0,122.0,118.0
1551,107.0,88.0,141.0,118.0,81.0,84.0,103.0
1552,67.0,65.0,62.0,76.0,118.0,77.0,64.0
1553,117.0,124.0,95.0,141.0,169.0,141.0,98.0
1554,116.0,140.0,124.0,110.0,110.0,77.0,121.0
1555,129.0,150.0,141.0,204.0,265.0,254.0,121.0
1556,0.0,2.0,5.0,200.0,195.0,183.0,240.0
1557,288.0,265.0,296.0,323.0,455.0,358.0,251.0
1558,75.0,68.0,58.0,108.0,242.0,219.0,76.0
1559,55.0,58.0,70.0,74.0,92.0,90.0,57.0
1560,201.0,247.0,229.0,241.0,290.0,255.0,192.0
1561,308.0,265.0,306.0,282.0,33.0,18.0,305.0
1562,40.0,43.0,52.0,57.0,58.0,62.0,43.0
1563,48.0,27.0,40.0,34.0,80.0,68.0,36.0
1564,142.0,163.0,163.0,172.0,226.0,200.0,127.0
1565,80.0,98.0,89.0,47.0,59.0,63.0,89.0
1566,113.0,84.0,74.0,90.0,85.0,90.0,72.0
1567,78.0,45.0,62.0,54.0,25.0,35.0,57.0
1568,185.0,172.0,200.0,218.0,291.0,340.0,176.0
1569,122.0,125.0,149.0,96.0,113.0,83.0,131.0
1570,134.0,148.0,120.0,128.0,142.0,140.0,131.0
1571,553.0,624.0,610.0,596.0,178.0,205.0,556.0
1572,123.0,135.0,152.0,138.0,131.0,125.0,126.0
1573,210.0,215.0,189.0,197.0,167.0,111.0,190.0
1574,56.0,54.0,75.0,107.0,99.0,94.0,79.0
1575,72.0,59.0,53.0,62.0,79.0,82.0,58.0
1576,106.0,113.0,120.0,114.0,121.0,152.0,88.0
1577,32.0,25.0,21.0,35.0,75.0,90.0,34.0
1578,111.0,129.0,100.0,95.0,90.0,98.0,118.0
1579,26.0,26.0,22.0,37.0,64.0,73.0,36.0
1580,109.0,69.0,86.0,153.0,341.0,332.0,113.0
1581,48.0,58.0,44.0,64.0,75.0,81.0,70.0
1582,99.0,87.0,97.0,127.0,133.0,114.0,95.0
1583,267.0,276.0,266.0,337.0,264.0,196.0,245.0
1584,223.0,189.0,215.0,217.0,246.0,224.0,234.0
1585,103.0,101.0,110.0,103.0,60.0,51.0,114.0
1586,35.0,45.0,41.0,53.0,66.0,71.0,49.0
1587,61.0,96.0,76.0,91.0,148.0,125.0,92.0
1588,87.0,135.0,106.0,123.0,137.0,160.0,92.0
1589,141.0,93.0,137.0,157.0,94.0,109.0,143.0
1590,180.0,215.0,239.0,250.0,179.0,223.0,178.0
1591,220.0,243.0,228.0,229.0,611.0,173.0,213.0
1592,57.0,58.0,59.0,77.0,93.0,91.0,45.0
1593,69.0,73.0,75.0,119.0,113.0,130.0,81.0
1594,97.0,106.0,110.0,206.0,157.0,118.0,77.0
1595,63.0,66.0,62.0,80.0,100.0,116.0,97.0
1596,185.0,151.0,137.0,159.0,134.0,101.0,167.0
1597,242.0,269.0,248.0,232.0,79.0,39.0,247.0
1598,51.0,52.0,46.0,45.0,49.0,27.0,56.0
1599,73.0,86.0,95.0,96.0,118.0,129.0,71.0
1600,45.0,59.0,45.0,55.0,80.0,64.0,56.0
1601,68.0,72.0,54.0,50.0,43.0,58.0,57.0
1602,84.0,83.0,70.0,89.0,118.0,94.0,71.0
1603,162.0,139.0,167.0,181.0,161.0,143.0,166.0
1604,41.0,56.0,62.0,58.0,88.0,91.0,42.0
1605,226.0,203.0,193.0,229.0,290.0,339.0,209.0
1606,81.0,68.0,51.0,101.0,56.0,50.0,97.0
1607,61.0,48.0,45.0,50.0,67.0,46.0,41.0
1608,188.0,136.0,165.0,123.0,135.0,148.0,129.0
1609,67.0,39.0,64.0,55.0,61.0,64.0,61.0
1610,261.0,293.0,280.0,283.0,277.0,265.0,276.0
1611,96.0,118.0,93.0,101.0,93.0,122.0,113.0
1612,164.0,188.0,204.0,175.0,144.0,145.0,174.0
1613,383.0,324.0,397.0,341.0,60.0,41.0,325.0
1614,63.0,41.0,237.0,69.0,87.0,130.0,62.0
1615,251.0,258.0,283.0,199.0,118.0,105.0,275.0
1616,384.0,367.0,443.0,423.0,347.0,550.0,434.0
1617,73.0,75.0,79.0,91.0,63.0,53.0,69.0
1618,84.0,62.0,68.0,85.0,110.0,101.0,71.0
1619,170.0,119.0,159.0,188.0,259.0,255.0,128.0
1620,316.0,332.0,347.0,322.0,227.0,200.0,337.0
1621,112.0,144.0,115.0,107.0,63.0,98.0,126.0
1622,128.0,103.0,128.0,111.0,112.0,115.0,118.0
1623,281.0,182.0,240.0,278.0,368.0,385.0,270.0
1624,344.0,355.0,328.0,405.0,471.0,484.0,353.0
1625,139.0,100.0,180.0,175.0,188.0,216.0,183.0
1626,375.0,381.0,370.0,375.0,179.0,164.0,345.0
1627,172.0,152.0,160.0,191.0,234.0,181.0,150.0
1628,106.0,122.0,120.0,145.0,167.0,126.0,127.0
1629,1794.0,1443.0,1978.0,2078.0,3185.0,3197.0,1973.0
1630,103.0,84.0,57.0,124.0,104.0,102.0,85.0
1631,303.0,387.0,313.0,342.0,613.0,684.0,341.0
1632,34.0,43.0,32.0,35.0,39.0,45.0,30.0
1633,68.0,71.0,74.0,56.0,77.0,97.0,83.0
1634,111.0,86.0,101.0,86.0,98.0,106.0,85.0
1635,57.0,56.0,48.0,72.0,72.0,80.0,70.0
1636,59.0,62.0,51.0,54.0,54.0,58.0,50.0
1637,158.0,124.0,159.0,157.0,104.0,111.0,179.0
1638,123.0,73.0,99.0,95.0,224.0,215.0,107.0
1639,54.0,58.0,47.0,79.0,174.0,199.0,53.0
1640,27.0,24.0,32.0,11.0,58.0,138.0,33.0
1641,65.0,77.0,63.0,95.0,86.0,110.0,65.0
1642,239.0,226.0,266.0,286.0,328.0,321.0,272.0
1643,48.0,56.0,46.0,61.0,59.0,53.0,46.0
1644,138.0,104.0,119.0,128.0,117.0,133.0,128.0
1645,293.0,285.0,363.0,311.0,286.0,282.0,381.0
1646,65.0,75.0,69.0,83.0,76.0,87.0,51.0
1647,213.0,184.0,230.0,244.0,345.0,315.0,210.0
1648,181.0,201.0,224.0,237.0,236.0,253.0,184.0
1649,44.0,39.0,46.0,45.0,78.0,63.0,37.0
1650,173.0,171.0,163.0,227.0,3.0,68.0,130.0
1651,114.0,91.0,85.0,89.0,109.0,108.0,96.0
1652,106.0,91.0,103.0,27.0,24.0,92.0,93.0
1653,101.0,77.0,99.0,112.0,139.0,141.0,99.0
1654,67.0,51.0,63.0,89.0,83.0,83.0,53.0
1655,110.0,121.0,126.0,115.0,48.0,48.0,109.0
1656,59.0,40.0,44.0,42.0,50.0,66.0,55.0
1657,106.0,89.0,94.0,84.0,125.0,109.0,110.0
1658,273.0,286.0,265.0,293.0,269.0,263.0,286.0
1659,89.0,78.0,55.0,81.0,96.0,119.0,96.0
1660,56.0,66.0,64.0,58.0,93.0,113.0,44.0
1661,453.0,392.0,414.0,566.0,589.0,602.0,366.0
1662,77.0,84.0,95.0,84.0,132.0,124.0,71.0
1663,307.0,359.0,345.0,344.0,415.0,385.0,291.0
1664,62.0,51.0,76.0,102.0,109.0,103.0,62.0
1665,126.0,118.0,121.0,109.0,104.0,22.0,95.0
1666,259.0,233.0,266.0,331.0,234.0,87.0,124.0
1667,349.0,358.0,336.0,402.0,359.0,327.0,367.0
1668,97.0,104.0,86.0,136.0,198.0,156.0,103.0
1669,81.0,52.0,110.0,81.0,105.0,115.0,74.0
1670,160.0,135.0,156.0,202.0,265.0,266.0,166.0
1671,65.0,100.0,89.0,78.0,137.0,139.0,80.0
1672,86.0,65.0,87.0,96.0,151.0,126.0,69.0
1673,220.0,200.0,205.0,228.0,434.0,430.0,248.0
1674,75.0,54.0,78.0,64.0,71.0,68.0,56.0
1675,61.0,73.0,78.0,109.0,141.0,106.0,76.0
1676,82.0,125.0,150.0,115.0,109.0,90.0,107.0
1677,116.0,101.0,136.0,134.0,181.0,134.0,112.0
1678,73.0,75.0,62.0,84.0,76.0,107.0,83.0
1679,147.0,142.0,125.0,154.0,75.0,40.0,141.0
1680,133.0,151.0,132.0,136.0,96.0,89.0,133.0
1681,59.0,14.0,52.0,44.0,105.0,86.0,53.0
1682,87.0,104.0,76.0,90.0,167.0,126.0,75.0
1683,28.0,45.0,45.0,62.0,135.0,91.0,51.0
1684,63.0,89.0,60.0,95.0,119.0,114.0,67.0
1685,115.0,115.0,117.0,104.0,88.0,85.0,96.0
1686,86.0,100.0,87.0,103.0,25.0,16.0,86.0
1687,589.0,537.0,539.0,643.0,670.0,523.0,504.0
1688,73.0,73.0,99.0,82.0,79.0,91.0,109.0
1689,74.0,91.0,82.0,96.0,132.0,123.0,81.0
1690,287.0,349.0,352.0,344.0,304.0,253.0,309.0
1691,48.0,38.0,49.0,46.0,45.0,63.0,38.0
1692,184.0,169.0,176.0,196.0,114.0,74.0,115.0
1693,91.0,29.0,81.0,112.0,102.0,123.0,68.0
1694,35.0,23.0,22.0,32.0,145.0,153.0,22.0
1695,75.0,69.0,89.0,75.0,92.0,118.0,80.0
1696,102.0,112.0,117.0,131.0,83.0,65.0,119.0
1697,97.0,101.0,100.0,128.0,207.0,218.0,112.0
1698,470.0,439.0,475.0,431.0,143.0,92.0,338.0
1699,77.0,86.0,80.0,71.0,120.0,137.0,71.0
1700,96.0,90.0,89.0,112.0,129.0,156.0,120.0
1701,73.0,80.0,51.0,82.0,89.0,94.0,76.0
1702,76.0,67.0,59.0,90.0,45.0,20.0,60.0
1703,34.0,22.0,26.0,35.0,51.0,46.0,36.0
1704,487.0,385.0,438.0,437.0,361.0,329.0,428.0
1705,75.0,55.0,70.0,66.0,89.0,63.0,56.0
1706,269.0,286.0,250.0,276.0,72.0,88.0,281.0
1707,0.0,0.0,0.0,0.0,0.0,0.0,0.0
1708,187.0,181.0,180.0,265.0,143.0,208.0,127.0
1709,913.0,832.0,888.0,845.0,177.0,152.0,874.0
1710,170.0,197.0,229.0,214.0,260.0,239.0,217.0
1711,94.0,124.0,117.0,100.0,118.0,75.0,105.0
1712,43.0,68.0,44.0,59.0,48.0,75.0,50.0
1713,73.0,72.0,63.0,81.0,52.0,58.0,74.0
1714,203.0,193.0,194.0,190.0,107.0,68.0,179.0
1715,32.0,57.0,45.0,60.0,110.0,123.0,46.0
1716,187.0,179.0,175.0,151.0,0.0,0.0,190.0
1717,231.0,246.0,232.0,246.0,220.0,225.0,239.0
1718,55.0,43.0,60.0,57.0,52.0,68.0,53.0
1719,236.0,283.0,300.0,220.0,170.0,177.0,281.0
1720,207.0,214.0,215.0,225.0,200.0,166.0,181.0
1721,79.0,89.0,94.0,74.0,62.0,60.0,77.0
1722,209.0,167.0,172.0,182.0,246.0,237.0,196.0
1723,73.0,85.0,74.0,111.0,111.0,87.0,101.0
1724,100.0,82.0,102.0,92.0,115.0,118.0,105.0
1725,256.0,288.0,257.0,174.0,203.0,153.0,158.0
1726,350.0,289.0,220.0,327.0,507.0,505.0,302.0
1727,215.0,236.0,232.0,242.0,203.0,180.0,225.0
1728,94.0,89.0,80.0,90.0,79.0,23.0,69.0
1729,62.0,70.0,66.0,66.0,75.0,97.0,50.0
1730,45.0,21.0,27.0,49.0,78.0,97.0,29.0
1731,61.0,70.0,56.0,70.0,95.0,64.0,43.0
1732,157.0,135.0,139.0,194.0,207.0,200.0,124.0
1733,121.0,113.0,128.0,134.0,19.0,7.0,131.0
1734,92.0,80.0,110.0,96.0,99.0,84.0,59.0
1735,76.0,75.0,76.0,107.0,156.0,123.0,57.0
1736,35.0,45.0,51.0,33.0,56.0,44.0,49.0
1737,91.0,76.0,73.0,83.0,12.0,13.0,65.0
1738,120.0,127.0,126.0,139.0,125.0,117.0,126.0
1739,68.0,49.0,64.0,72.0,47.0,53.0,55.0
1740,111.0,96.0,106.0,94.0,30.0,15.0,74.0
1741,86.0,75.0,84.0,100.0,180.0,175.0,85.0
1742,84.0,98.0,73.0,108.0,53.0,57.0,114.0
1743,215.0,254.0,237.0,357.0,279.0,345.0,293.0
1744,115.0,86.0,110.0,137.0,145.0,176.0,78.0
1745,369.0,420.0,373.0,446.0,551.0,598.0,393.0
1746,102.0,85.0,100.0,103.0,107.0,128.0,92.0
1747,10.0,15.0,17.0,19.0,121.0,72.0,82.0
1748,76.0,62.0,101.0,81.0,118.0,105.0,71.0
1749,55.0,37.0,45.0,38.0,50.0,46.0,54.0
1750,89.0,82.0,100.0,118.0,170.0,150.0,103.0
1751,189.0,213.0,232.0,216.0,303.0,311.0,236.0
1752,210.0,220.0,238.0,285.0,339.0,321.0,203.0
1753,302.0,276.0,280.0,287.0,175.0,144.0,245.0
1754,37.0,61.0,44.0,49.0,53.0,51.0,40.0
1755,64.0,40.0,63.0,87.0,78.0,73.0,75.0
1756,152.0,139.0,131.0,190.0,235.0,187.0,125.0
1757,87.0,78.0,84.0,107.0,136.0,166.0,59.0
1758,43.0,24.0,41.0,51.0,87.0,74.0,44.0
1759,507.0,446.0,470.0,430.0,375.0,399.0,468.0
1760,109.0,130.0,138.0,161.0,165.0,142.0,122.0
1761,43.0,28.0,45.0,56.0,84.0,123.0,39.0
1762,228.0,196.0,241.0,245.0,117.0,130.0,236.0
1763,152.0,105.0,114.0,144.0,137.0,190.0,126.0
1764,111.0,130.0,131.0,104.0,49.0,44.0,102.0
1765,202.0,168.0,200.0,235.0,204.0,181.0,180.0
1766,110.0,100.0,96.0,110.0,105.0,91.0,97.0
1767,120.0,112.0,127.0,146.0,198.0,178.0,126.0
1768,351.0,298.0,285.0,319.0,166.0,112.0,287.0
1769,36.0,62.0,125.0,105.0,179.0,90.0,48.0
1770,192.0,205.0,155.0,220.0,318.0,357.0,203.0
1771,218.0,161.0,184.0,200.0,154.0,134.0,186.0
1772,44.0,44.0,40.0,52.0,241.0,151.0,44.0
1773,48.0,74.0,68.0,76.0,122.0,126.0,52.0
1774,137.0,156.0,128.0,128.0,49.0,33.0,133.0
1775,244.0,217.0,251.0,266.0,298.0,309.0,201.0
1776,107.0,81.0,121.0,117.0,160.0,185.0,88.0
1777,112.0,97.0,102.0,112.0,76.0,94.0,82.0
1778,206.0,203.0,201.0,179.0,214.0,184.0,197.0
1779,214.0,217.0,235.0,238.0,155.0,118.0,248.0
1780,89.0,91.0,95.0,80.0,123.0,115.0,78.0
1781,56.0,74.0,68.0,77.0,33.0,38.0,73.0
1782,120.0,98.0,110.0,123.0,118.0,106.0,75.0
1783,337.0,336.0,344.0,369.0,487.0,664.0,365.0
1784,167.0,234.0,207.0,245.0,274.0,238.0,237.0
1785,70.0,86.0,68.0,76.0,77.0,83.0,52.0
1786,181.0,242.0,191.0,165.0,149.0,211.0,141.0
1787,110.0,166.0,140.0,121.0,96.0,121.0,119.0
1788,62.0,53.0,47.0,57.0,50.0,44.0,46.0
1789,141.0,123.0,117.0,120.0,95.0,83.0,123.0
1790,327.0,331.0,273.0,382.0,29.0,259.0,298.0
1791,109.0,103.0,93.0,114.0,113.0,111.0,95.0
1792,96.0,87.0,129.0,142.0,138.0,123.0,122.0
1793,80.0,69.0,62.0,79.0,107.0,138.0,90.0
1794,100.0,96.0,107.0,134.0,156.0,187.0,108.0
1795,66.0,72.0,86.0,78.0,120.0,124.0,96.0
1796,225.0,206.0,204.0,320.0,494.0,333.0,189.0
1797,100.0,123.0,118.0,112.0,68.0,39.0,61.0
1798,80.0,63.0,56.0,60.0,59.0,43.0,67.0
1799,117.0,129.0,116.0,109.0,101.0,102.0,116.0
1800,55.0,79.0,54.0,94.0,89.0,74.0,60.0
1801,72.0,59.0,85.0,108.0,196.0,207.0,62.0
1802,46.0,38.0,28.0,39.0,46.0,41.0,41.0
1803,90.0,11.0,59.0,45.0,63.0,96.0,68.0
1804,92.0,50.0,91.0,159.0,299.0,363.0,104.0
1805,67.0,52.0,60.0,76.0,88.0,71.0,63.0
1806,139.0,74.0,122.0,104.0,113.0,35.0,91.0
1807,112.0,110.0,137.0,131.0,159.0,155.0,112.0
1808,55.0,67.0,55.0,72.0,72.0,58.0,77.0
1809,86.0,87.0,95.0,119.0,114.0,105.0,65.0
1810,113.0,108.0,104.0,115.0,128.0,113.0,138.0
1811,119.0,136.0,134.0,129.0,80.0,73.0,128.0
1812,78.0,73.0,87.0,101.0,210.0,123.0,90.0
1813,150.0,97.0,94.0,133.0,159.0,159.0,159.0
1814,123.0,122.0,129.0,106.0,138.0,64.0,124.0
1815,85.0,79.0,85.0,78.0,94.0,101.0,77.0
1816,59.0,55.0,63.0,84.0,60.0,64.0,64.0
1817,174.0,195.0,185.0,191.0,183.0,140.0,165.0
1818,270.0,166.0,160.0,208.0,139.0,256.0,197.0
1819,43.0,72.0,58.0,56.0,74.0,84.0,41.0
1820,89.0,114.0,108.0,110.0,128.0,138.0,89.0
1821,821.0,623.0,858.0,872.0,1381.0,1465.0,835.0
1822,105.0,108.0,100.0,100.0,102.0,118.0,118.0
1823,104.0,69.0,75.0,85.0,135.0,161.0,73.0
1824,0.0,0.0,0.0,0.0,0.0,0.0,0.0
1825,185.0,244.0,205.0,150.0,143.0,161.0,214.0
1826,131.0,182.0,166.0,168.0,128.0,293.0,197.0
1827,70.0,67.0,54.0,97.0,88.0,86.0,78.0
1828,185.0,193.0,232.0,266.0,279.0,250.0,209.0
1829,135.0,126.0,119.0,152.0,173.0,198.0,146.0
1830,27.0,30.0,38.0,25.0,65.0,32.0,29.0
1831,650.0,645.0,665.0,661.0,258.0,0.0,679.0
1832,134.0,98.0,85.0,90.0,109.0,128.0,103.0
1833,43.0,45.0,229.0,48.0,48.0,60.0,52.0
1834,60.0,58.0,58.0,61.0,67.0,54.0,54.0
1835,52.0,32.0,42.0,45.0,60.0,59.0,34.0
1836,134.0,113.0,160.0,154.0,131.0,155.0,117.0
1837,72.0,77.0,85.0,103.0,103.0,104.0,65.0
1838,98.0,117.0,138.0,146.0,164.0,168.0,127.0
1839,115.0,109.0,119.0,118.0,256.0,227.0,117.0
1840,34.0,40.0,57.0,98.0,43.0,50.0,30.0
1841,37.0,30.0,35.0,42.0,73.0,70.0,49.0
1842,237.0,228.0,259.0,203.0,229.0,272.0,196.0
1843,643.0,629.0,705.0,663.0,114.0,92.0,689.0
1844,100.0,108.0,112.0,87.0,131.0,125.0,94.0
1845,59.0,52.0,60.0,62.0,60.0,77.0,65.0
1846,68.0,54.0,62.0,57.0,102.0,126.0,50.0
1847,60.0,72.0,116.0,56.0,80.0,71.0,69.0
1848,68.0,64.0,69.0,66.0,66.0,89.0,58.0
1849,80.0,94.0,67.0,76.0,62.0,70.0,57.0
1850,354.0,334.0,280.0,422.0,654.0,536.0,341.0
1851,162.0,157.0,169.0,161.0,118.0,78.0,149.0
1852,74.0,82.0,88.0,74.0,61.0,91.0,76.0
1853,182.0,183.0,144.0,205.0,167.0,151.0,133.0
1854,123.0,147.0,146.0,140.0,144.0,142.0,158.0
1855,240.0,242.0,245.0,242.0,117.0,71.0,229.0
1856,67.0,70.0,58.0,63.0,3.0,4.0,69.0
1857,129.0,138.0,128.0,129.0,129.0,114.0,154.0
1858,0.0,0.0,51.0,57.0,24.0,22.0,107.0
1859,345.0,340.0,405.0,388.0,339.0,320.0,314.0
1860,90.0,32.0,88.0,132.0,197.0,208.0,84.0
1861,173.0,160.0,189.0,204.0,348.0,324.0,175.0
1862,41.0,30.0,49.0,60.0,83.0,85.0,38.0
1863,118.0,97.0,88.0,125.0,167.0,129.0,78.0
1864,125.0,126.0,100.0,95.0,93.0,107.0,108.0
1865,66.0,54.0,49.0,61.0,118.0,112.0,54.0
1866,95.0,99.0,80.0,68.0,6.0,66.0,105.0
1867,248.0,223.0,226.0,244.0,69.0,64.0,252.0
1868,63.0,62.0,74.0,82.0,55.0,60.0,65.0
1869,55.0,70.0,55.0,57.0,77.0,84.0,43.0
1870,132.0,121.0,122.0,117.0,88.0,84.0,146.0
1871,29.0,40.0,33.0,47.0,89.0,72.0,41.0
1872,257.0,297.0,232.0,273.0,210.0,326.0,228.0
1873,160.0,146.0,146.0,133.0,80.0,104.0,141.0
1874,197.0,199.0,212.0,224.0,208.0,239.0,196.0
1875,816.0,772.0,830.0,726.0,59.0,52.0,857.0
1876,179.0,218.0,197.0,250.0,228.0,223.0,196.0
1877,143.0,124.0,109.0,157.0,153.0,181.0,134.0
1878,159.0,127.0,116.0,144.0,125.0,133.0,142.0
1879,84.0,88.0,79.0,60.0,83.0,95.0,73.0
1880,157.0,136.0,158.0,168.0,254.0,274.0,121.0
1881,626.0,631.0,617.0,593.0,272.0,259.0,593.0
1882,154.0,146.0,120.0,178.0,244.0,239.0,125.0
1883,51.0,57.0,52.0,71.0,88.0,89.0,56.0
1884,124.0,83.0,82.0,113.0,180.0,163.0,88.0
1885,82.0,92.0,78.0,88.0,79.0,73.0,85.0
1886,109.0,100.0,83.0,92.0,90.0,96.0,101.0
1887,89.0,83.0,114.0,131.0,212.0,213.0,86.0
1888,86.0,79.0,89.0,89.0,75.0,76.0,87.0
1889,61.0,73.0,56.0,63.0,18.0,26.0,71.0
1890,380.0,328.0,423.0,368.0,198.0,171.0,381.0
1891,33.0,43.0,34.0,47.0,68.0,55.0,44.0
1892,79.0,76.0,83.0,87.0,143.0,147.0,76.0
1893,51.0,48.0,55.0,53.0,67.0,101.0,54.0
1894,243.0,219.0,196.0,187.0,59.0,40.0,192.0
1895,130.0,137.0,137.0,150.0,166.0,139.0,158.0
1896,44.0,40.0,44.0,46.0,55.0,44.0,32.0
1897,74.0,73.0,74.0,74.0,66.0,66.0,82.0
1898,267.0,571.0,250.0,315.0,381.0,333.0,251.0
1899,15.0,13.0,18.0,25.0,23.0,21.0,19.0
1900,45.0,52.0,43.0,44.0,68.0,60.0,45.0
1901,475.0,437.0,447.0,493.0,770.0,758.0,450.0
1902,104.0,76.0,105.0,105.0,86.0,126.0,93.0
1903,271.0,219.0,214.0,309.0,322.0,285.0,208.0
1904,145.0,134.0,134.0,103.0,59.0,80.0,103.0
1905,154.0,185.0,157.0,190.0,142.0,153.0,177.0
1906,400.0,418.0,354.0,483.0,567.0,698.0,355.0
1907,109.0,106.0,117.0,129.0,80.0,45.0,104.0
1908,37.0,67.0,62.0,70.0,84.0,88.0,54.0
1909,96.0,80.0,82.0,90.0,71.0,44.0,90.0
1910,61.0,61.0,49.0,40.0,47.0,45.0,57.0
1911,112.0,88.0,110.0,120.0,195.0,164.0,104.0
1912,145.0,121.0,132.0,193.0,200.0,166.0,140.0
1913,41.0,49.0,45.0,49.0,48.0,51.0,37.0
1914,150.0,138.0,151.0,155.0,150.0,128.0,140.0
1915,91.0,75.0,105.0,111.0,73.0,69.0,93.0
1916,130.0,118.0,116.0,112.0,103.0,96.0,110.0
1917,143.0,113.0,123.0,135.0,118.0,148.0,106.0
1918,4.0,8.0,0.0,4.0,2.0,3.0,3.0
1919,137.0,114.0,140.0,139.0,126.0,106.0,131.0
1920,89.0,72.0,68.0,71.0,51.0,45.0,53.0
1921,140.0,148.0,141.0,175.0,167.0,170.0,144.0
1922,255.0,257.0,269.0,272.0,407.0,430.0,265.0
1923,91.0,117.0,126.0,112.0,188.0,184.0,127.0
1924,90.0,58.0,111.0,135.0,104.0,120.0,101.0
1925,57.0,68.0,83.0,95.0,185.0,177.0,78.0
1926,88.0,67.0,62.0,80.0,43.0,37.0,72.0
1927,565.0,537.0,518.0,463.0,386.0,418.0,469.0
1928,859.0,1027.0,1073.0,1602.0,1043.0,976.0,822.0
1929,99.0,90.0,110.0,102.0,55.0,41.0,94.0
1930,92.0,101.0,94.0,90.0,109.0,132.0,97.0
1931,357.0,359.0,379.0,353.0,431.0,437.0,353.0
1932,261.0,237.0,266.0,232.0,290.0,305.0,242.0
1933,80.0,83.0,98.0,129.0,127.0,118.0,84.0
1934,62.0,80.0,83.0,89.0,126.0,110.0,63.0
1935,233.0,248.0,201.0,328.0,218.0,292.0,241.0
1936,124.0,26.0,70.0,161.0,186.0,172.0,112.0
1937,179.0,165.0,158.0,169.0,208.0,174.0,166.0
1938,89.0,61.0,63.0,145.0,243.0,215.0,94.0
1939,167.0,187.0,138.0,186.0,307.0,309.0,174.0
1940,121.0,134.0,113.0,152.0,145.0,159.0,98.0
1941,178.0,163.0,157.0,180.0,152.0,206.0,195.0
1942,64.0,57.0,57.0,80.0,123.0,125.0,61.0
1943,176.0,140.0,178.0,128.0,130.0,124.0,170.0
1944,530.0,356.0,465.0,534.0,631.0,614.0,472.0
1945,340.0,361.0,302.0,418.0,357.0,329.0,321.0
1946,92.0,90.0,103.0,136.0,160.0,202.0,107.0
1947,34.0,39.0,46.0,39.0,38.0,27.0,51.0
1948,215.0,165.0,186.0,174.0,240.0,240.0,208.0
1949,82.0,68.0,95.0,70.0,95.0,85.0,68.0
1950,277.0,218.0,261.0,220.0,183.0,67.0,244.0
1951,100.0,91.0,90.0,133.0,139.0,131.0,94.0
1952,74.0,77.0,60.0,49.0,70.0,57.0,66.0
1953,56.0,65.0,70.0,90.0,86.0,107.0,73.0
1954,397.0,377.0,392.0,470.0,187.0,498.0,362.0
1955,115.0,144.0,175.0,196.0,258.0,254.0,128.0
1956,126.0,122.0,131.0,104.0,92.0,107.0,119.0
1957,88.0,70.0,77.0,85.0,117.0,120.0,83.0
1958,217.0,125.0,203.0,185.0,154.0,116.0,196.0
1959,0.0,490.0,407.0,337.0,197.0,305.0,410.0
1960,212.0,229.0,264.0,272.0,363.0,302.0,206.0
1961,113.0,132.0,113.0,99.0,93.0,69.0,114.0
1962,146.0,93.0,162.0,129.0,121.0,156.0,123.0
1963,124.0,80.0,123.0,125.0,90.0,58.0,123.0
1964,112.0,96.0,103.0,110.0,84.0,64.0,108.0
1965,103.0,56.0,137.0,113.0,124.0,114.0,115.0
1966,235.0,205.0,180.0,205.0,560.0,78.0,222.0
1967,172.0,136.0,153.0,200.0,259.0,250.0,179.0
1968,24.0,23.0,13.0,38.0,54.0,41.0,16.0
1969,101.0,60.0,79.0,83.0,85.0,95.0,109.0
1970,263.0,229.0,209.0,268.0,330.0,322.0,216.0
1971,236.0,166.0,243.0,249.0,199.0,167.0,229.0
1972,75.0,51.0,75.0,84.0,118.0,117.0,72.0
1973,48.0,42.0,44.0,37.0,31.0,26.0,3.0
1974,181.0,108.0,148.0,173.0,108.0,112.0,157.0
1975,180.0,196.0,144.0,293.0,398.0,344.0,199.0
1976,81.0,95.0,96.0,101.0,90.0,101.0,103.0
1977,136.0,126.0,155.0,121.0,105.0,148.0,111.0
1978,196.0,141.0,207.0,273.0,265.0,245.0,190.0
1979,49.0,63.0,53.0,83.0,66.0,76.0,66.0
1980,52.0,45.0,50.0,50.0,66.0,60.0,46.0
1981,104.0,114.0,170.0,109.0,67.0,90.0,122.0
1982,81.0,81.0,82.0,80.0,117.0,73.0,111.0
1983,118.0,122.0,135.0,147.0,131.0,104.0,107.0
1984,72.0,65.0,69.0,67.0,69.0,53.0,76.0
1985,450.0,435.0,535.0,727.0,520.0,451.0,410.0
1986,91.0,112.0,94.0,86.0,81.0,93.0,102.0
1987,47.0,49.0,77.0,42.0,106.0,113.0,33.0
1988,189.0,201.0,185.0,213.0,195.0,177.0,232.0
1989,63.0,55.0,60.0,112.0,85.0,127.0,56.0
1990,81.0,77.0,75.0,98.0,128.0,122.0,67.0
1991,150.0,129.0,119.0,119.0,116.0,104.0,128.0
1992,68.0,58.0,65.0,59.0,128.0,124.0,68.0
1993,57.0,76.0,106.0,74.0,79.0,85.0,34.0
1994,162.0,129.0,145.0,191.0,156.0,147.0,139.0
1995,52.0,55.0,72.0,63.0,79.0,83.0,64.0
1996,91.0,101.0,100.0,104.0,101.0,96.0,92.0
1997,276.0,293.0,285.0,219.0,120.0,110.0,298.0
1998,575.0,559.0,638.0,610.0,432.0,328.0,620.0
1999,309.0,294.0,298.0,316.0,147.0,452.0,331.0
2000,181.0,184.0,132.0,133.0,67.0,67.0,168.0
