shop_id,2016-09-20,2016-09-21,2016-09-22,2016-09-23,2016-09-24,2016-09-25,2016-09-26
1,251,195,220,259,245,267,219
2,77,82,71,71,106,121,67
3,62,59,55,87,112,91,62
4,74,101,71,98,203,199,91
5,260,209,238,182,179,242,329
6,77,68,74,73,67,89,83
7,111,99,105,133,165,180,109
8,62,59,57,55,69,73,55
9,238,214,229,242,288,324,242
10,73,104,69,76,73,89,80
11,96,98,83,87,58,65,91
12,54,61,76,110,107,111,74
13,227,226,213,246,221,225,215
14,68,61,56,75,74,77,83
15,119,124,122,128,174,187,115
16,42,42,35,72,51,45,35
17,88,89,85,104,128,117,84
18,65,77,84,87,114,100,77
19,150,136,145,152,184,242,152
20,142,122,141,143,130,108,144
21,72,79,74,91,136,127,81
22,88,74,79,96,108,77,87
23,143,153,153,166,86,54,124
24,63,46,51,64,121,111,42
25,106,106,111,132,137,132,110
26,55,62,63,56,130,143,54
27,80,88,81,84,81,75,79
28,0,0,0,0,0,0,0
29,76,92,89,109,178,180,95
30,20,28,36,44,50,42,38
31,313,352,262,349,581,559,328
32,432,468,477,446,174,131,472
33,54,65,55,67,107,90,65
34,326,338,264,459,506,402,347
35,135,142,247,126,194,219,125
36,63,66,60,60,65,78,60
37,208,201,205,220,255,325,188
38,114,99,102,91,63,59,102
39,277,233,257,316,359,446,306
40,94,71,79,81,96,116,73
41,173,151,160,208,340,374,157
42,98,92,111,106,155,141,124
43,58,46,55,75,58,72,58
44,44,47,52,40,65,71,55
45,44,37,48,59,75,77,46
46,211,217,205,220,186,187,204
47,177,181,167,169,101,107,163
48,382,320,306,430,538,503,335
49,362,361,349,379,545,605,420
50,47,58,44,54,60,65,50
51,55,48,28,54,38,35,60
52,47,46,43,73,122,111,47
53,132,121,128,154,138,121,126
54,334,329,334,328,332,337,344
55,291,275,263,342,314,298,311
56,56,67,59,65,89,73,57
57,263,340,303,349,258,264,268
58,1546,1467,1601,1638,1841,1978,1669
59,159,175,184,312,171,167,173
60,139,139,141,139,136,136,131
61,75,77,73,83,96,99,75
62,77,71,65,85,98,116,77
63,234,188,187,202,213,276,192
64,0,0,0,0,0,0,0
65,0,0,0,0,141,242,0
66,51,39,32,60,75,66,46
67,68,67,87,107,144,140,62
68,48,56,56,57,63,62,60
69,93,105,113,128,141,146,107
70,45,56,50,58,77,78,46
71,144,138,147,187,137,133,153
72,445,414,449,466,572,556,498
73,81,77,82,84,96,94,87
74,107,107,102,130,126,133,99
75,93,85,74,93,82,104,82
76,2,17,21,38,74,48,43
77,101,118,120,149,101,138,115
78,61,54,59,56,53,57,56
79,160,142,138,134,53,53,156
80,56,63,68,62,68,83,67
81,131,98,108,102,107,126,131
82,103,81,70,106,80,64,101
83,123,122,111,147,192,192,112
84,161,142,160,177,289,271,128
85,76,64,63,85,111,112,65
86,126,114,118,129,170,167,121
87,135,136,123,123,23,25,133
88,377,411,406,475,602,608,382
89,38,37,45,58,102,64,47
90,208,161,178,258,371,401,195
91,87,98,88,88,125,128,97
92,96,103,103,105,159,152,81
93,131,143,147,148,111,89,139
94,116,135,128,120,98,85,122
95,87,97,101,93,76,75,98
96,132,126,131,141,151,160,131
97,109,130,143,131,120,153,197
98,49,60,53,71,98,76,68
99,44,34,35,21,27,28,55
100,421,389,404,450,402,295,402
101,91,103,106,140,160,163,107
102,135,126,154,134,139,162,149
103,96,88,78,80,104,91,65
104,104,97,98,121,99,76,92
105,83,82,84,116,178,181,89
106,80,79,69,86,74,72,86
107,75,79,60,123,231,198,72
108,81,75,82,95,129,133,79
109,109,115,118,113,106,106,107
110,161,179,160,167,159,129,146
111,61,61,74,76,98,74,68
112,113,105,124,129,162,162,115
113,142,106,109,115,86,104,131
114,570,559,615,690,468,473,563
115,507,494,493,507,450,482,485
116,391,370,408,320,336,345,427
117,117,90,96,132,230,213,107
118,117,114,131,117,53,57,113
119,38,29,37,55,83,67,42
120,275,254,284,282,335,411,276
121,58,58,58,63,63,67,50
122,49,50,58,64,70,73,53
123,115,116,93,128,141,126,115
124,399,363,388,389,433,524,420
125,45,44,37,61,77,63,39
126,64,77,86,92,67,84,85
127,63,49,51,56,102,87,45
128,43,64,53,63,95,93,41
129,176,160,184,190,307,311,166
130,310,294,280,285,381,376,309
131,96,75,92,86,87,71,96
132,50,51,52,83,101,89,49
133,102,94,98,107,59,49,93
134,268,301,312,297,262,261,333
135,174,149,171,198,203,196,171
136,82,75,69,74,49,61,100
137,90,83,87,88,69,69,78
138,270,258,255,266,232,210,255
139,52,53,63,88,147,122,56
140,356,379,337,355,184,184,324
141,38,40,31,37,61,66,40
142,476,502,480,537,245,238,539
143,105,94,105,106,107,100,88
144,100,96,93,121,191,213,117
145,61,68,59,73,76,76,64
146,460,523,504,579,749,747,491
147,145,134,140,141,113,112,137
148,70,67,62,87,82,73,73
149,118,131,91,168,233,189,132
150,44,53,56,72,116,95,51
151,100,105,97,113,61,55,90
152,41,45,49,65,57,52,44
153,61,73,83,107,124,107,68
154,130,111,111,112,98,99,146
155,124,130,124,146,159,168,118
156,116,122,122,133,171,159,124
157,101,92,98,119,141,133,88
158,63,71,62,79,63,65,67
159,49,52,57,65,88,86,64
160,344,334,333,317,108,121,328
161,96,106,89,119,94,119,96
162,103,82,83,92,99,70,85
163,81,69,77,78,108,126,71
164,170,166,160,138,94,116,155
165,102,100,80,133,162,155,108
166,44,47,38,74,142,115,41
167,125,152,132,132,123,144,147
168,112,109,107,96,97,109,116
169,83,88,83,116,190,171,78
170,43,33,51,47,88,98,44
171,250,265,261,294,238,228,249
172,152,164,138,164,293,291,141
173,183,175,163,176,208,236,185
174,193,214,193,195,176,230,239
175,91,85,88,113,199,187,83
176,64,56,70,82,133,111,68
177,100,98,100,128,153,169,89
178,105,94,107,112,115,142,103
179,62,75,63,72,85,85,68
180,264,254,267,264,363,490,342
181,64,65,70,74,99,93,69
182,43,51,40,58,72,66,44
183,218,200,203,227,148,113,200
184,67,69,69,77,93,89,67
185,86,89,79,96,110,89,98
186,117,128,113,140,204,209,121
187,71,72,74,89,75,62,69
188,104,73,83,102,104,132,93
189,445,423,437,496,640,668,446
190,25,39,53,80,64,45,34
191,79,80,81,87,64,61,74
192,31,44,48,43,78,87,37
193,114,106,122,161,192,179,102
194,53,52,47,54,34,34,50
195,49,50,52,62,101,105,44
196,47,47,39,70,137,139,39
197,40,31,33,57,80,72,35
198,153,142,160,141,100,78,171
199,131,122,119,142,155,190,125
200,191,145,185,236,408,375,195
201,48,52,44,73,102,92,61
202,120,141,148,135,105,112,162
203,339,315,360,420,685,739,354
204,87,89,97,90,87,69,79
205,111,111,128,144,119,126,100
206,50,47,52,65,86,86,46
207,74,74,68,97,187,188,65
208,60,68,78,76,107,110,76
209,56,47,38,63,108,115,62
210,73,75,81,121,127,124,78
211,73,67,73,96,122,98,52
212,49,43,40,58,104,92,41
213,79,76,74,64,56,68,79
214,31,37,31,44,66,78,37
215,120,125,116,175,285,281,105
216,41,39,42,39,35,51,41
217,346,345,356,419,555,459,286
218,71,81,72,73,23,24,79
219,70,77,88,77,84,76,77
220,110,99,97,107,70,64,96
221,74,107,80,112,110,121,77
222,17,24,25,24,19,23,22
223,81,82,76,103,119,96,73
224,82,103,91,104,36,22,112
225,87,90,77,88,53,55,77
226,193,181,187,205,186,193,202
227,40,45,48,81,113,102,60
228,61,60,67,64,67,90,69
229,75,66,72,73,99,86,63
230,66,61,58,60,65,77,63
231,85,73,82,85,91,91,84
232,63,59,63,65,63,61,67
233,186,187,196,262,448,457,207
234,157,149,139,174,186,182,151
235,100,112,107,135,163,158,108
236,55,54,63,59,81,86,53
237,41,36,36,31,62,40,46
238,73,70,68,78,77,65,72
239,61,61,67,102,96,106,62
240,279,268,297,322,265,229,268
241,75,74,77,74,83,109,80
242,83,75,93,76,67,75,84
243,239,235,241,283,397,369,249
244,237,235,235,223,228,233,262
245,108,109,99,175,109,98,106
246,0,17,23,19,80,67,22
247,129,153,153,160,152,149,160
248,72,62,66,64,61,74,72
249,155,158,160,145,60,47,165
250,36,37,38,49,83,67,49
251,113,123,104,125,55,59,119
252,133,129,143,135,250,159,116
253,47,64,42,60,95,121,63
254,81,137,77,123,72,88,97
255,80,90,89,92,66,69,77
256,159,156,176,199,268,269,179
257,83,84,74,92,78,79,87
258,51,52,49,94,80,75,57
259,77,70,84,86,79,85,83
260,62,65,63,76,79,79,60
261,78,78,62,81,131,118,76
262,108,132,121,147,129,138,130
263,155,140,140,120,165,172,142
264,117,127,125,128,153,147,130
265,109,103,103,124,130,129,97
266,39,49,47,53,57,59,36
267,90,85,86,89,90,88,88
268,106,107,119,122,108,97,117
269,115,106,94,87,76,82,115
270,60,76,64,63,89,69,82
271,70,80,77,65,65,60,83
272,360,368,370,396,345,347,381
273,92,105,115,121,154,156,108
274,62,72,60,92,74,74,88
275,524,536,545,441,473,501,561
276,113,100,110,150,166,209,134
277,40,34,37,55,111,109,35
278,226,255,267,296,430,427,259
279,536,535,526,632,738,688,539
280,42,39,49,54,60,69,38
281,157,154,167,197,208,222,143
282,315,288,277,310,199,153,302
283,72,66,59,91,117,100,65
284,33,33,40,49,77,74,34
285,207,266,205,344,219,256,259
286,380,318,418,358,265,228,374
287,214,200,206,258,278,267,210
288,86,64,77,88,133,139,70
289,44,56,38,46,59,70,47
290,69,65,66,71,69,63,65
291,106,102,107,128,61,42,139
292,142,146,148,140,105,79,158
293,212,239,202,214,204,207,191
294,139,145,149,153,128,110,131
295,86,66,87,92,86,113,93
296,320,352,340,400,527,580,327
297,199,223,240,230,252,220,264
298,320,316,295,344,641,658,304
299,213,198,188,265,282,295,187
300,57,44,54,67,58,72,54
301,63,70,81,74,90,83,63
302,167,164,147,125,80,123,176
303,43,40,39,47,89,82,34
304,215,217,214,291,248,235,206
305,99,120,109,139,191,150,103
306,498,519,520,410,109,76,517
307,66,70,66,81,111,114,65
308,48,58,41,41,16,12,54
309,136,133,167,139,118,92,156
310,153,148,185,170,217,242,153
311,124,125,117,152,38,20,135
312,96,106,107,95,104,111,110
313,574,584,584,524,304,31,551
314,112,100,103,133,155,120,119
315,170,164,171,181,218,184,181
316,193,177,174,159,129,170,205
317,54,46,56,54,118,126,54
318,119,123,118,143,185,170,117
319,157,144,178,132,167,168,166
320,199,210,203,286,378,359,206
321,111,108,105,114,130,123,117
322,80,76,86,79,84,63,74
323,195,195,188,211,219,182,179
324,125,116,115,156,88,93,133
325,64,70,71,80,107,91,56
326,38,27,42,41,100,83,44
327,63,66,77,82,77,72,69
328,138,134,117,138,150,162,122
329,79,91,103,85,101,106,86
330,37,41,44,88,144,116,36
331,362,342,355,329,72,90,350
332,115,125,103,152,182,166,130
333,90,84,79,70,84,129,88
334,139,142,140,141,160,164,156
335,171,165,177,176,91,66,187
336,201,176,168,229,399,376,203
337,83,83,79,100,111,107,75
338,365,327,343,478,923,1010,344
339,86,96,112,105,151,128,99
340,93,66,93,74,94,84,79
341,143,130,127,181,295,290,125
342,104,124,115,107,111,94,120
343,85,92,89,111,106,86,79
344,141,162,163,217,236,203,167
345,81,96,101,108,121,97,91
346,220,246,278,242,228,247,274
347,54,41,51,53,58,58,44
348,273,269,239,305,433,431,280
349,87,93,98,97,92,86,99
350,217,224,222,253,101,86,226
351,120,88,88,101,77,62,104
352,268,285,280,275,4,9,296
353,43,40,48,53,58,59,62
354,97,82,90,98,92,119,92
355,53,57,33,57,39,24,55
356,121,119,135,144,138,121,116
357,65,61,71,81,73,86,62
358,158,158,151,158,104,117,147
359,162,145,140,175,195,188,152
360,112,117,110,136,207,225,121
361,204,210,227,225,126,103,215
362,153,162,154,166,144,128,147
363,72,74,80,72,79,70,78
364,73,81,78,87,112,129,45
365,56,56,63,77,89,87,61
366,100,97,105,106,52,36,98
367,85,66,79,73,65,92,91
368,229,220,246,181,127,108,246
369,110,108,99,117,147,139,112
370,171,152,166,245,423,484,169
371,194,209,187,217,302,297,191
372,38,50,33,51,38,52,33
373,34,33,38,53,63,51,44
374,73,92,75,94,123,101,109
375,45,49,54,64,65,67,39
376,41,43,38,47,55,44,39
377,112,114,115,114,89,87,115
378,150,159,168,166,144,133,149
379,29,31,19,35,94,86,30
380,217,207,220,240,312,310,187
381,67,51,65,64,72,84,61
382,62,50,67,62,74,96,79
383,99,89,94,76,80,89,104
384,68,68,85,67,29,23,72
385,51,44,52,60,64,60,33
386,199,187,187,255,259,266,195
387,67,61,70,102,93,107,64
388,66,67,70,98,154,138,77
389,103,102,111,110,114,105,99
390,31,35,47,68,128,108,33
391,227,232,226,436,244,262,211
392,344,341,341,306,166,146,309
393,404,429,431,433,499,524,399
394,186,195,198,196,206,174,158
395,225,226,223,245,201,208,216
396,114,98,110,114,94,102,118
397,120,100,105,125,129,209,114
398,115,131,112,130,105,107,115
399,80,68,62,98,231,286,123
400,60,58,71,61,56,83,72
401,76,75,51,82,45,47,74
402,203,196,190,206,186,204,224
403,87,92,95,100,128,113,89
404,178,146,153,200,289,337,171
405,151,140,138,152,87,57,142
406,95,90,115,102,151,146,123
407,167,159,173,166,183,188,191
408,222,261,260,256,391,465,244
409,97,98,116,99,114,119,117
410,77,88,86,142,113,147,73
411,0,0,0,0,0,0,0
412,96,87,85,104,49,35,94
413,202,221,224,206,180,177,211
414,431,464,415,484,559,570,433
415,76,66,74,60,40,35,60
416,58,68,84,93,95,97,54
417,24,28,27,23,41,47,21
418,132,134,124,162,203,185,144
419,46,45,65,109,108,69,98
420,109,102,128,111,114,87,120
421,34,44,37,61,101,78,30
422,104,108,123,90,119,124,97
423,58,48,52,79,173,153,64
424,47,57,58,63,109,106,60
425,93,75,75,100,137,131,77
426,154,173,184,269,168,146,135
427,124,104,127,129,79,71,114
428,44,39,66,113,117,115,109
429,40,35,40,52,58,51,33
430,87,90,91,83,94,74,101
431,64,66,66,72,74,101,62
432,63,71,60,66,102,91,43
433,84,95,101,88,70,83,93
434,37,38,38,33,53,59,23
435,305,301,324,445,980,776,314
436,414,473,481,497,556,532,418
437,81,87,72,97,62,44,63
438,58,49,55,80,76,81,38
439,128,124,133,199,133,122,111
440,78,85,81,91,88,93,100
441,213,188,227,245,325,373,201
442,97,76,81,117,141,118,71
443,59,61,58,82,88,90,54
444,84,74,64,112,72,92,110
445,126,150,161,181,243,178,151
446,56,72,79,68,97,87,56
447,249,250,240,239,103,106,242
448,207,195,199,185,68,63,187
449,18,18,25,38,75,87,20
450,66,76,69,69,67,89,75
451,98,106,92,111,151,166,109
452,208,213,235,241,264,325,225
453,64,74,69,66,64,71,66
454,60,53,59,54,56,51,59
455,127,122,134,150,155,177,143
456,64,59,66,85,101,103,69
457,48,45,51,75,101,120,50
458,76,66,61,125,113,112,82
459,3,6,8,81,125,52,4
460,259,242,244,272,90,30,258
461,44,42,39,46,52,55,46
462,73,64,76,90,156,155,72
463,109,127,118,105,157,148,126
464,83,98,76,126,193,178,96
465,0,-42,0,0,184,355,0
466,59,61,68,87,147,111,58
467,97,97,95,98,109,125,97
468,43,44,52,58,77,76,40
469,54,63,60,51,53,64,57
470,41,51,46,80,122,103,53
471,86,80,73,68,71,71,78
472,454,462,467,626,765,743,473
473,0,0,0,0,0,-21,0
474,59,35,61,56,73,79,58
475,107,108,108,135,133,113,113
476,76,80,79,78,25,17,87
477,99,87,103,103,105,114,100
478,43,48,52,43,52,45,42
479,54,49,54,54,81,94,52
480,65,66,83,127,96,106,72
481,45,57,55,63,68,62,53
482,73,73,71,101,132,132,66
483,73,69,69,69,73,48,73
484,58,47,54,85,132,156,61
485,120,116,159,164,170,184,151
486,67,59,64,96,106,97,81
487,58,51,57,55,56,67,57
488,73,76,71,77,85,91,78
489,61,72,68,74,75,84,82
490,36,30,42,42,76,75,42
491,255,245,237,258,327,347,219
492,79,66,73,81,102,95,80
493,109,104,94,103,94,92,79
494,66,67,76,92,109,129,80
495,49,55,57,73,143,141,59
496,119,119,132,125,136,138,131
497,43,35,44,62,70,54,40
498,64,65,61,72,48,74,73
499,50,49,43,48,55,53,41
500,124,104,116,166,212,211,111
501,142,127,157,105,82,114,135
502,119,120,129,135,237,181,114
503,108,111,109,110,93,77,116
504,96,79,96,100,104,97,94
505,130,119,119,122,63,24,131
506,45,49,63,65,133,122,41
507,254,214,232,280,267,178,269
508,162,170,165,158,93,99,146
509,33,36,31,63,36,62,30
510,62,67,72,63,65,63,65
511,151,153,136,175,198,196,152
512,91,105,97,131,184,152,128
513,141,117,144,137,154,135,130
514,71,75,92,140,92,100,84
515,138,143,151,181,163,164,145
516,89,89,92,89,91,82,89
517,2424,1300,1504,1714,3353,3574,1440
518,51,38,56,56,96,94,52
519,176,152,194,231,194,214,169
520,83,91,89,94,88,83,99
521,74,62,60,56,98,108,65
522,96,96,92,123,145,158,122
523,51,59,52,54,81,70,46
524,72,74,76,76,5,4,78
525,57,64,64,60,73,71,65
526,98,79,84,97,125,126,89
527,65,58,64,60,34,30,79
528,387,391,371,451,662,683,389
529,127,123,128,123,100,78,132
530,937,960,1017,905,181,57,976
531,121,112,124,136,166,171,86
532,98,101,101,102,104,134,98
533,164,156,153,115,99,95,165
534,43,33,44,68,112,94,34
535,199,175,191,192,186,195,150
536,84,72,77,80,90,109,83
537,108,116,104,150,184,189,107
538,44,45,44,63,141,115,30
539,73,91,88,106,114,109,65
540,82,85,78,94,97,96,87
541,124,122,138,150,140,169,166
542,76,77,70,83,81,73,78
543,77,66,75,82,96,105,67
544,68,61,70,167,168,171,96
545,121,126,158,193,241,206,131
546,67,72,65,75,108,112,50
547,70,62,55,79,78,88,65
548,132,117,125,140,159,183,130
549,63,56,55,67,88,115,69
550,87,86,90,95,87,90,86
551,89,84,89,96,100,106,80
552,96,106,103,122,167,170,105
553,246,204,251,259,292,300,235
554,51,52,67,85,168,160,51
555,1,1,1,1,1,26,0
556,47,74,67,75,69,79,71
557,237,269,258,255,178,182,266
558,105,98,95,164,110,109,104
559,219,224,207,196,41,40,225
560,93,123,86,185,134,148,130
561,84,91,100,60,16,14,79
562,65,73,67,58,17,4,65
563,46,53,47,59,64,52,47
564,198,192,197,313,417,372,181
565,230,243,250,320,301,301,240
566,65,83,82,91,103,109,77
567,64,70,70,74,54,43,65
568,107,110,110,160,199,213,110
569,210,195,171,140,151,209,192
570,156,147,156,190,207,205,154
571,137,146,160,158,95,74,173
572,380,342,372,426,471,471,376
573,44,59,58,62,71,76,51
574,58,55,62,71,60,55,54
575,214,188,204,189,150,138,175
576,62,47,54,62,78,74,59
577,519,466,494,517,644,721,477
578,135,137,141,147,114,89,150
579,84,89,105,125,133,139,90
580,489,534,476,576,811,916,472
581,53,62,64,59,76,59,51
582,36,41,34,51,77,65,44
583,41,40,44,67,113,106,46
584,70,88,71,102,114,120,75
585,93,93,94,105,95,94,106
586,104,84,73,99,84,93,90
587,118,114,112,142,161,189,129
588,37,29,37,64,53,59,45
589,47,43,44,53,60,55,44
590,106,120,117,99,137,105,118
591,54,49,47,63,90,68,53
592,317,280,293,344,473,529,350
593,108,139,122,180,257,204,141
594,41,32,43,55,135,110,31
595,377,392,356,372,138,197,463
596,41,42,44,47,50,59,39
597,71,59,56,66,70,73,65
598,54,73,60,86,77,91,62
599,51,44,49,52,56,66,59
600,203,215,202,240,257,242,188
601,95,95,97,126,100,93,92
602,68,69,79,84,102,87,71
603,36,33,24,30,35,5,32
604,151,144,150,149,92,90,167
605,74,84,82,91,116,114,77
606,113,113,120,129,129,143,126
607,107,80,120,106,131,117,114
608,232,252,275,269,288,297,265
609,75,65,83,67,84,100,70
610,82,83,93,109,132,113,80
611,119,127,120,116,186,189,137
612,91,88,102,108,114,125,92
613,157,180,222,182,266,320,160
614,161,148,171,210,178,179,150
615,105,106,109,142,182,188,99
616,67,68,73,93,111,114,77
617,101,115,113,113,71,100,96
618,221,187,188,209,139,123,229
619,50,68,72,88,122,114,66
620,186,149,176,142,133,137,176
621,131,136,141,143,123,99,124
622,31,35,33,42,64,69,30
623,102,89,126,118,133,128,96
624,173,173,151,152,158,187,158
625,88,109,101,103,123,137,108
626,42,77,79,99,95,114,110
627,295,325,305,319,225,181,292
628,158,156,172,220,355,336,148
629,134,110,117,133,192,218,123
630,66,57,63,63,87,101,51
631,180,176,197,206,210,223,203
632,115,116,134,130,142,137,142
633,58,55,61,70,88,102,59
634,76,74,68,68,87,102,81
635,60,82,73,82,82,74,71
636,113,102,104,100,111,108,90
637,323,316,261,277,209,203,300
638,281,273,305,382,304,282,297
639,89,65,77,81,103,101,88
640,87,113,108,145,143,121,72
641,65,54,62,59,67,57,58
642,123,124,139,141,132,129,130
643,101,103,96,102,100,108,92
644,29,29,25,40,62,63,31
645,118,130,128,117,110,95,113
646,114,101,98,145,85,115,124
647,110,98,105,129,186,143,83
648,77,72,80,90,97,75,87
649,185,190,176,180,103,91,192
650,497,531,530,598,835,781,546
651,278,304,289,289,172,158,284
652,142,125,130,148,222,289,123
653,98,104,113,129,115,122,106
654,136,149,147,171,141,143,96
655,82,61,62,66,82,70,65
656,262,296,278,254,251,295,327
657,56,56,57,81,86,77,62
658,139,158,176,246,204,198,142
659,56,54,0,0,0,0,20
660,72,56,68,69,87,102,84
661,81,73,71,77,115,134,82
662,113,117,114,100,75,64,110
663,99,82,84,105,117,110,72
664,54,56,58,69,91,104,40
665,88,90,84,104,121,123,94
666,47,59,55,65,42,19,67
667,285,268,258,283,253,280,272
668,153,140,152,192,381,469,147
669,80,73,92,85,119,110,74
670,144,125,139,148,215,192,116
671,186,193,181,222,252,312,176
672,75,78,76,110,159,169,67
673,77,86,77,87,103,112,83
674,202,176,221,181,103,45,214
675,68,58,69,77,89,80,58
676,119,115,111,143,191,179,121
677,82,80,82,104,125,111,94
678,85,96,108,113,72,79,101
679,428,451,463,508,661,672,469
680,53,48,66,40,38,28,55
681,69,71,73,86,92,89,62
682,22,34,34,36,42,81,28
683,43,37,37,49,100,101,39
684,68,71,77,80,80,69,67
685,221,240,204,241,437,425,268
686,140,127,123,125,161,189,132
687,66,70,64,81,95,105,69
688,103,104,108,100,115,107,99
689,70,63,72,72,80,88,74
690,91,87,96,102,128,135,108
691,208,203,187,214,319,302,180
692,100,93,119,131,153,143,112
693,72,92,82,69,73,76,84
694,152,131,154,138,101,94,145
695,132,133,146,171,299,289,114
696,73,69,72,77,79,86,82
697,131,135,119,121,77,98,117
698,63,52,59,58,65,70,57
699,73,72,77,59,75,70,67
700,0,0,0,0,0,0,0
701,80,88,90,105,113,112,72
702,96,95,98,135,154,145,81
703,78,76,76,74,39,34,70
704,83,80,85,93,55,46,75
705,45,45,51,68,144,139,41
706,36,43,53,63,56,51,59
707,31,39,38,69,72,72,61
708,58,73,64,68,99,87,59
709,50,53,59,66,76,80,63
710,67,79,79,88,98,88,76
711,124,131,134,134,85,66,136
712,64,68,66,73,112,122,76
713,190,187,195,193,198,195,192
714,125,116,121,136,225,237,128
715,249,231,256,333,410,405,252
716,120,123,115,125,89,70,113
717,99,90,86,134,147,154,87
718,102,95,107,121,130,139,132
719,124,135,128,151,177,209,128
720,146,172,162,176,142,136,167
721,149,168,157,124,169,305,217
722,0,0,0,0,-29,-30,0
723,160,155,167,197,249,231,158
724,39,44,41,47,63,51,39
725,134,129,126,132,119,124,124
726,52,54,56,57,45,47,51
727,65,82,73,111,125,126,63
728,432,374,424,403,392,401,426
729,229,234,219,272,333,313,240
730,231,239,394,256,363,384,224
731,1709,1761,1767,1709,1510,1518,1696
732,77,89,89,113,203,187,75
733,144,147,136,142,172,147,144
734,103,118,119,168,215,237,118
735,73,72,75,73,78,63,83
736,107,84,87,97,131,142,84
737,325,334,344,370,417,411,335
738,120,100,110,142,122,180,110
739,0,0,0,0,0,0,0
740,43,65,62,147,149,75,74
741,58,64,56,68,87,92,65
742,28,-24,0,0,-33,0,70
743,106,129,125,113,52,36,124
744,53,79,58,89,184,160,62
745,81,72,72,84,48,31,80
746,70,73,76,83,100,89,66
747,353,297,350,399,470,593,403
748,91,109,101,138,150,157,106
749,111,97,107,113,122,115,104
750,149,148,142,164,150,143,138
751,114,100,88,104,94,125,95
752,19,78,121,96,98,74,67
753,67,58,59,76,84,71,59
754,92,104,125,129,116,128,123
755,107,112,117,130,145,134,102
756,155,173,157,141,112,106,177
757,139,133,141,164,211,203,148
758,75,82,74,76,68,71,82
759,122,103,116,119,121,97,122
760,116,118,112,150,197,182,124
761,93,98,102,117,112,98,94
762,108,114,99,129,144,134,103
763,89,82,99,104,101,104,66
764,59,55,55,69,93,97,49
765,112,116,113,110,69,93,115
766,48,57,47,80,91,88,45
767,72,67,62,73,86,75,50
768,48,72,83,83,67,82,76
769,24,50,51,101,83,84,39
770,53,50,70,70,95,77,49
771,46,44,52,65,86,98,72
772,110,117,119,149,171,196,127
773,114,126,114,147,211,188,118
774,163,180,168,188,215,196,170
775,325,358,340,412,349,320,331
776,185,178,189,189,321,385,194
777,196,225,192,199,138,131,198
778,126,117,124,119,54,63,92
779,234,249,233,246,201,244,215
780,116,106,112,113,120,105,127
781,145,130,126,174,236,225,116
782,41,36,42,41,46,51,39
783,104,109,102,110,88,80,102
784,52,65,52,70,60,60,59
785,91,77,79,73,100,84,88
786,47,56,63,69,82,92,55
787,81,89,80,98,129,125,86
788,328,346,361,353,248,232,336
789,4,7,89,24,-22,-65,37
790,51,50,44,48,48,65,48
791,73,81,83,97,104,103,69
792,213,205,224,194,148,147,224
793,37,31,35,52,106,96,42
794,131,127,139,122,113,117,145
795,130,110,107,126,78,84,134
796,61,59,60,76,137,132,68
797,62,63,54,78,109,110,66
798,103,104,91,99,43,30,105
799,78,80,83,94,152,132,73
800,186,144,152,201,263,281,168
801,85,99,89,123,141,143,106
802,54,50,42,57,101,107,44
803,217,201,228,171,88,94,218
804,71,68,63,90,67,65,66
805,218,218,198,222,141,126,190
806,379,377,400,465,787,821,403
807,51,52,65,77,107,112,55
808,181,173,241,414,288,297,221
809,58,62,61,67,79,85,60
810,0,0,0,0,0,0,0
811,40,39,48,58,62,59,52
812,168,166,149,157,57,33,150
813,81,95,89,109,89,84,72
814,239,229,240,246,226,223,248
815,36,43,31,55,50,77,40
816,267,269,263,300,391,430,286
817,87,92,105,104,101,129,90
818,43,53,51,84,87,83,38
819,57,70,77,62,29,31,57
820,243,254,269,274,257,297,265
821,114,111,118,127,220,214,123
822,61,64,72,72,94,109,67
823,94,92,89,92,97,100,97
824,98,96,90,102,124,127,94
825,382,431,417,430,496,563,501
826,90,104,95,91,104,79,82
827,73,63,67,73,47,49,63
828,52,59,62,65,56,51,51
829,362,297,394,549,436,523,401
830,73,81,67,99,114,128,77
831,246,244,254,263,276,276,255
832,81,73,83,86,76,72,66
833,52,45,47,55,68,55,50
834,95,95,83,105,168,176,76
835,31,30,61,109,93,115,84
836,81,102,110,105,169,156,92
837,97,92,94,93,56,58,90
838,140,145,147,160,149,142,157
839,64,80,67,76,106,96,71
840,95,109,135,286,118,165,126
841,55,39,45,53,45,53,57
842,31,35,27,40,73,86,31
843,53,56,56,57,73,88,51
844,39,43,32,61,77,51,24
845,63,61,73,58,73,65,64
846,70,48,49,64,84,65,45
847,64,82,78,116,165,176,61
848,124,137,134,140,81,72,133
849,74,76,77,114,173,164,99
850,143,146,185,402,240,250,152
851,52,53,56,55,72,86,51
852,78,64,60,79,177,163,55
853,80,79,73,95,170,178,83
854,439,410,436,491,597,618,524
855,58,59,63,58,74,76,53
856,48,51,55,60,80,77,53
857,37,50,47,54,68,74,39
858,65,52,47,89,83,65,61
859,118,91,107,108,118,135,127
860,410,549,438,473,651,776,425
861,87,107,128,132,132,133,120
862,158,151,160,180,190,223,175
863,63,50,63,64,49,72,81
864,581,541,471,605,589,645,616
865,225,204,209,248,354,382,223
866,388,366,375,385,159,80,402
867,141,159,137,136,125,105,134
868,244,236,244,264,212,214,246
869,273,276,294,386,418,401,294
870,250,200,226,237,257,317,261
871,60,59,59,70,84,92,59
872,164,162,172,177,41,-20,168
873,181,178,176,120,116,152,173
874,238,250,256,271,259,188,213
875,120,99,103,86,65,61,94
876,256,241,236,278,202,221,251
877,191,179,178,226,160,141,197
878,63,57,55,72,75,72,60
879,62,61,64,72,91,104,60
880,83,63,71,75,61,74,73
881,112,105,105,140,118,131,116
882,100,104,95,111,121,121,88
883,90,69,72,76,76,95,89
884,187,190,187,174,164,166,171
885,103,101,97,111,153,160,88
886,62,71,64,70,88,98,67
887,53,54,47,72,162,153,46
888,90,82,92,85,53,40,99
889,134,108,130,152,192,206,116
890,44,45,42,58,60,59,42
891,367,429,455,693,1044,1025,394
892,218,211,202,206,161,160,191
893,52,48,46,55,82,73,52
894,65,84,85,109,140,147,87
895,180,170,173,189,176,136,176
896,109,100,103,107,90,86,102
897,273,268,276,390,597,567,266
898,133,115,135,100,98,84,118
899,93,89,97,88,202,242,80
900,532,555,591,660,1071,962,518
901,126,125,131,137,146,158,130
902,75,77,77,83,48,37,88
903,65,72,57,77,39,40,72
904,50,49,58,60,125,143,70
905,82,67,74,74,94,114,74
906,80,71,93,100,112,123,89
907,68,75,64,98,118,106,65
908,98,92,84,94,98,95,98
909,129,130,118,140,180,182,123
910,239,216,192,275,278,285,230
911,59,58,72,73,87,74,61
912,113,111,107,125,125,106,126
913,53,62,67,108,212,179,59
914,58,65,60,75,54,56,60
915,98,103,98,102,136,168,106
916,278,282,297,305,318,303,267
917,85,80,77,82,52,65,76
918,57,73,59,82,116,107,74
919,46,42,48,54,62,63,39
920,118,88,99,119,72,79,101
921,137,137,134,118,113,111,132
922,76,73,84,83,89,125,82
923,75,85,89,121,175,134,96
924,161,146,166,124,92,131,172
925,108,95,96,118,49,39,105
926,95,88,91,111,117,122,94
927,43,45,27,66,70,84,46
928,117,118,111,129,124,142,114
929,50,51,53,63,79,76,50
930,74,69,76,67,83,66,68
931,163,175,144,147,168,154,174
932,63,61,66,72,61,75,65
933,66,71,90,124,77,91,75
934,733,646,779,790,903,985,756
935,134,149,124,130,89,97,118
936,37,36,33,51,94,84,33
937,68,70,69,97,185,132,70
938,56,70,71,64,75,73,65
939,106,120,124,137,100,99,96
940,98,83,94,91,87,118,112
941,42,44,40,47,67,61,49
942,51,43,52,53,74,62,43
943,59,64,78,68,139,131,69
944,39,43,33,36,46,55,29
945,55,53,59,78,82,74,61
946,132,112,112,129,133,188,133
947,82,85,82,89,73,67,87
948,75,81,86,81,90,90,80
949,78,70,89,77,101,84,67
950,162,151,166,168,163,185,165
951,152,176,155,229,234,213,152
952,103,106,109,120,67,79,96
953,174,148,152,169,181,215,168
954,134,128,112,99,114,102,103
955,93,88,88,111,116,183,80
956,72,52,59,63,79,72,48
957,169,170,188,205,277,290,197
958,155,168,140,147,88,64,154
959,222,212,235,246,256,286,239
960,94,95,87,97,69,66,94
961,277,288,303,336,377,330,265
962,84,73,97,112,110,101,80
963,115,113,95,104,48,53,133
964,127,126,65,185,102,147,118
965,73,87,100,93,102,109,94
966,103,100,99,83,94,127,100
967,103,88,99,92,95,68,91
968,131,134,137,154,158,142,141
969,82,114,119,132,150,155,123
970,128,142,133,136,78,79,132
971,106,108,105,116,145,159,122
972,153,177,169,193,220,219,157
973,187,201,179,207,214,220,197
974,106,121,116,130,96,86,131
975,109,104,109,111,129,126,99
976,85,107,93,97,92,81,111
977,102,97,95,96,102,99,104
978,158,171,149,162,154,131,160
979,120,100,108,117,148,189,113
980,75,83,87,112,135,114,76
981,49,52,59,121,57,60,47
982,84,79,84,93,86,92,94
983,80,78,74,98,88,91,76
984,87,77,95,116,130,160,84
985,324,337,302,302,231,201,280
986,83,88,90,107,77,80,103
987,105,96,94,97,43,43,93
988,295,246,286,304,380,469,312
989,137,148,131,163,104,102,140
990,94,97,99,156,245,230,88
991,87,107,98,106,131,132,103
992,94,103,109,103,56,71,131
993,82,64,71,80,77,76,78
994,74,70,72,87,142,133,59
995,123,125,114,143,137,155,140
996,60,66,56,94,68,56,78
997,106,127,102,103,115,110,107
998,132,139,259,159,269,289,142
999,295,295,320,313,140,111,334
1000,58,67,68,82,129,125,57
1001,25,25,26,45,66,56,17
1002,63,55,51,115,129,120,50
1003,53,53,53,67,87,73,48
1004,128,116,137,135,135,121,127
1005,148,131,154,122,92,116,158
1006,57,45,62,59,72,52,52
1007,109,103,111,108,134,139,122
1008,72,65,58,85,110,82,61
1009,49,46,51,73,117,138,57
1010,45,46,54,48,77,76,43
1011,120,90,89,106,98,116,101
1012,156,189,175,164,162,150,149
1013,143,170,149,175,133,99,156
1014,74,68,71,66,77,90,73
1015,84,89,73,109,82,105,100
1016,61,66,61,62,65,76,61
1017,109,102,120,142,170,173,109
1018,326,317,365,400,641,708,342
1019,110,123,103,136,146,147,109
1020,53,84,80,81,66,60,69
1021,126,119,128,117,155,189,131
1022,115,123,138,122,165,144,111
1023,36,39,37,43,56,56,40
1024,67,72,87,75,82,84,75
1025,132,119,133,131,182,210,132
1026,92,93,88,167,105,134,74
1027,119,110,128,142,162,154,127
1028,93,83,93,78,59,47,80
1029,90,93,89,90,41,40,79
1030,140,140,151,154,45,44,141
1031,38,40,44,52,78,76,38
1032,53,68,59,67,72,88,66
1033,41,52,43,58,88,82,41
1034,95,92,82,103,128,111,87
1035,133,136,119,183,275,234,131
1036,108,120,114,121,129,145,102
1037,63,63,64,68,97,117,62
1038,157,158,158,150,176,200,160
1039,288,311,300,325,348,329,311
1040,47,55,63,70,110,108,44
1041,138,168,168,178,214,210,141
1042,110,105,107,116,184,174,109
1043,160,162,158,201,253,248,162
1044,50,50,42,57,100,78,49
1045,109,107,100,126,180,202,103
1046,67,64,72,63,56,67,44
1047,62,92,82,88,56,29,79
1048,41,46,46,58,53,55,65
1049,111,112,116,129,140,124,89
1050,73,90,72,71,86,65,89
1051,55,49,47,57,64,92,57
1052,258,248,248,265,412,456,257
1053,78,73,84,81,96,118,91
1054,83,92,78,84,89,95,91
1055,68,62,57,108,114,111,62
1056,69,55,64,84,114,122,78
1057,93,91,106,104,138,116,106
1058,87,67,115,136,153,137,125
1059,86,81,83,92,107,111,87
1060,144,163,151,148,132,116,159
1061,132,116,134,182,176,169,126
1062,89,95,94,96,93,101,84
1063,40,51,34,49,78,60,41
1064,57,58,61,70,69,62,54
1065,88,89,91,93,80,108,92
1066,166,154,146,191,200,208,126
1067,199,195,172,200,161,197,185
1068,51,43,60,62,47,45,50
1069,120,130,133,182,234,191,122
1070,64,53,45,73,40,63,53
1071,507,477,479,441,419,502,516
1072,671,630,587,538,463,480,703
1073,67,68,75,70,81,79,67
1074,88,83,100,166,184,189,93
1075,55,56,53,73,79,79,55
1076,111,106,99,116,137,158,127
1077,42,43,46,60,55,53,44
1078,64,73,71,71,47,88,69
1079,67,66,69,76,69,52,63
1080,47,47,46,44,52,63,51
1081,72,77,80,84,103,97,74
1082,70,75,81,82,101,89,72
1083,85,91,77,129,96,102,117
1084,108,94,82,104,161,160,100
1085,71,88,98,121,231,185,102
1086,57,62,52,69,75,105,67
1087,60,52,61,81,125,128,52
1088,69,70,78,100,121,106,71
1089,41,35,46,46,73,66,44
1090,436,452,456,472,222,165,443
1091,67,71,82,73,78,74,81
1092,127,129,124,134,186,198,116
1093,189,212,201,179,80,50,176
1094,131,120,117,163,207,213,124
1095,116,127,102,128,163,153,126
1096,114,110,97,113,110,101,105
1097,0,0,0,0,0,0,23
1098,188,206,201,159,136,197,220
1099,98,115,142,144,119,105,122
1100,33,37,30,60,93,95,34
1101,92,91,86,117,151,167,86
1102,121,133,155,190,248,211,117
1103,34,33,49,45,46,30,42
1104,226,181,217,250,474,534,240
1105,95,79,92,108,112,97,86
1106,77,75,88,78,50,40,78
1107,51,39,43,98,104,107,46
1108,84,89,91,108,160,130,65
1109,118,114,121,150,154,144,105
1110,209,217,208,210,157,132,207
1111,79,71,74,80,87,91,75
1112,67,86,83,90,86,64,76
1113,189,201,182,203,228,230,194
1114,191,177,197,198,103,134,180
1115,52,57,46,45,56,77,53
1116,331,313,337,299,214,240,342
1117,211,229,243,214,283,247,254
1118,78,72,66,132,184,173,65
1119,54,46,60,76,85,96,64
1120,45,39,46,42,59,57,37
1121,122,122,107,137,161,148,114
1122,74,82,98,120,119,123,102
1123,427,433,484,522,699,777,455
1124,21,20,22,39,73,62,22
1125,175,214,240,366,273,243,205
1126,87,89,86,105,121,127,81
1127,75,89,90,107,167,151,90
1128,47,49,46,78,85,88,49
1129,77,75,83,98,151,148,84
1130,122,126,123,136,112,106,131
1131,255,238,247,219,138,90,231
1132,68,63,73,68,73,80,72
1133,56,54,53,51,70,64,54
1134,52,60,58,69,88,80,53
1135,115,115,135,162,204,239,130
1136,166,178,190,187,219,214,211
1137,56,49,53,55,79,80,59
1138,74,63,72,68,76,61,70
1139,0,0,0,0,65,77,53
1140,152,173,173,164,34,29,152
1141,76,82,84,88,83,89,84
1142,54,61,60,78,101,90,52
1143,59,54,43,83,99,87,53
1144,73,69,65,76,138,170,69
1145,63,56,66,78,63,86,57
1146,202,197,195,193,212,217,206
1147,502,465,406,472,478,499,522
1148,79,71,68,64,72,83,71
1149,53,41,57,45,71,77,55
1150,319,287,280,299,438,474,332
1151,138,138,139,141,113,97,135
1152,149,160,164,175,254,276,168
1153,180,207,207,228,205,211,211
1154,52,44,49,59,49,72,75
1155,54,58,62,73,46,46,54
1156,62,71,64,83,92,85,58
1157,90,112,106,105,53,55,91
1158,58,59,60,66,61,80,66
1159,87,74,83,95,103,112,80
1160,56,55,63,55,50,53,59
1161,0,0,0,69,81,88,29
1162,60,47,81,74,84,107,61
1163,91,85,86,58,23,24,101
1164,83,98,79,116,39,38,105
1165,72,68,74,83,92,92,75
1166,99,86,89,103,115,118,77
1167,80,87,81,104,113,93,85
1168,150,166,140,195,257,250,139
1169,130,135,157,176,141,139,149
1170,57,54,60,48,62,84,59
1171,44,39,50,59,80,80,49
1172,48,63,58,64,99,113,55
1173,98,97,105,132,126,135,87
1174,155,142,165,170,97,66,164
1175,104,135,122,157,212,212,173
1176,84,84,101,97,148,138,93
1177,105,95,113,103,103,118,110
1178,240,234,275,239,69,58,288
1179,80,85,86,92,102,85,66
1180,112,112,114,146,186,185,117
1181,163,159,154,179,198,202,160
1182,47,54,64,55,91,85,53
1183,56,47,53,62,59,83,64
1184,114,124,109,143,162,157,107
1185,198,162,196,195,83,58,184
1186,73,70,74,84,78,69,74
1187,53,57,47,77,100,97,62
1188,192,166,188,184,188,223,240
1189,77,60,69,71,55,64,70
1190,358,303,340,427,469,461,340
1191,60,59,58,56,62,59,66
1192,68,57,60,74,100,88,56
1193,113,108,114,134,89,71,114
1194,129,136,141,150,164,204,123
1195,53,54,35,70,93,87,39
1196,93,90,91,100,116,105,85
1197,119,127,130,161,184,159,117
1198,90,77,86,90,81,82,77
1199,153,163,162,160,62,60,151
1200,76,74,75,76,74,76,83
1201,135,130,140,187,215,224,128
1202,28,33,34,45,49,47,37
1203,128,136,139,172,251,260,108
1204,98,93,101,119,183,172,106
1205,116,103,99,115,105,132,118
1206,66,61,49,64,66,63,52
1207,63,74,56,71,122,111,67
1208,97,82,83,117,182,185,77
1209,50,46,48,59,64,67,54
1210,50,60,54,78,100,99,52
1211,177,167,165,239,318,379,189
1212,66,60,58,77,82,92,72
1213,213,223,243,241,121,111,232
1214,80,71,85,86,4,6,101
1215,39,40,39,45,50,44,30
1216,92,90,101,97,77,64,90
1217,82,106,114,238,124,159,105
1218,168,167,164,166,88,60,160
1219,59,71,78,82,107,96,64
1220,227,264,232,277,107,83,230
1221,111,101,129,161,202,215,158
1222,69,84,72,93,89,95,66
1223,136,146,154,170,82,82,133
1224,82,105,99,141,102,118,101
1225,62,73,80,62,46,30,74
1226,483,416,474,464,528,679,500
1227,109,117,98,108,119,147,119
1228,118,100,105,114,127,158,125
1229,585,565,619,602,637,663,604
1230,57,55,53,62,82,66,55
1231,132,115,121,159,211,168,126
1232,47,49,65,54,58,51,65
1233,42,48,57,68,79,89,50
1234,17,16,36,43,77,54,28
1235,83,86,84,86,97,84,85
1236,120,120,115,102,125,147,126
1237,68,63,73,82,81,74,67
1238,117,118,125,113,107,100,127
1239,68,76,72,81,74,83,79
1240,156,167,165,136,120,156,174
1241,51,40,61,77,136,131,45
1242,36,55,44,51,80,75,49
1243,54,56,50,39,30,35,48
1244,147,158,169,189,179,159,150
1245,77,87,69,98,99,100,90
1246,85,80,71,109,170,172,69
1247,82,81,97,103,105,99,89
1248,97,115,85,113,136,127,99
1249,238,238,248,236,217,181,241
1250,215,209,232,218,150,115,228
1251,77,71,87,87,90,111,85
1252,126,150,99,242,287,258,98
1253,58,56,63,62,75,104,69
1254,47,53,51,53,71,65,57
1255,33,39,38,57,46,56,38
1256,247,220,207,218,261,304,237
1257,0,0,0,0,104,79,0
1258,357,365,373,366,326,350,384
1259,62,67,75,72,70,52,60
1260,92,88,90,94,83,112,97
1261,97,114,118,91,46,41,96
1262,105,103,99,112,120,127,106
1263,315,335,284,434,400,423,258
1264,81,83,77,104,200,167,63
1265,85,83,94,87,118,93,67
1266,87,82,78,96,112,91,67
1267,138,128,135,164,203,242,134
1268,375,356,362,378,391,329,398
1269,0,0,0,-20,0,0,0
1270,84,77,69,105,149,130,60
1271,177,176,191,162,199,233,191
1272,78,86,85,80,83,71,78
1273,137,133,127,161,168,160,141
1274,76,80,80,77,75,80,73
1275,71,62,75,150,121,119,75
1276,121,126,125,129,88,77,135
1277,71,65,66,75,108,83,51
1278,45,36,40,68,129,114,47
1279,86,87,89,105,102,82,92
1280,68,63,75,86,92,93,68
1281,77,69,75,83,104,88,66
1282,70,79,66,75,57,69,78
1283,193,178,185,210,252,308,192
1284,88,91,93,103,106,112,86
1285,118,121,118,122,132,146,127
1286,76,82,77,139,89,86,74
1287,150,160,142,151,177,165,171
1288,103,83,113,125,139,148,116
1289,66,52,41,62,89,79,58
1290,72,73,77,77,140,130,72
1291,53,51,56,66,119,112,50
1292,179,188,188,223,259,252,177
1293,133,131,151,161,131,132,123
1294,55,52,68,65,84,102,61
1295,48,56,71,72,90,75,48
1296,-41,0,0,54,604,723,0
1297,206,215,215,233,278,269,189
1298,154,129,158,161,198,189,157
1299,175,167,169,171,131,116,171
1300,62,73,78,105,93,105,66
1301,78,64,76,85,131,112,94
1302,477,476,453,579,1203,1138,519
1303,188,178,175,187,158,152,193
1304,113,90,115,120,130,162,109
1305,80,78,83,77,61,95,107
1306,336,383,337,399,595,637,390
1307,50,66,56,85,69,55,65
1308,317,324,328,324,331,309,297
1309,307,316,328,309,284,272,334
1310,247,261,262,264,379,395,282
1311,61,69,60,92,108,118,68
1312,101,103,104,105,130,107,108
1313,42,40,37,58,88,68,35
1314,165,183,217,200,247,247,180
1315,191,200,207,231,291,258,184
1316,60,47,60,82,114,107,49
1317,101,93,92,86,114,121,93
1318,85,64,79,127,163,172,74
1319,53,50,28,53,71,69,57
1320,94,82,88,81,24,13,95
1321,57,70,59,68,93,101,65
1322,151,145,161,194,262,254,157
1323,43,83,97,77,78,65,78
1324,193,189,165,200,147,141,177
1325,95,108,107,129,149,120,109
1326,654,656,782,868,1003,977,688
1327,111,101,97,99,103,148,130
1328,48,57,50,61,78,70,44
1329,93,100,95,115,90,82,112
1330,50,52,58,62,54,51,46
1331,24,29,28,54,64,56,23
1332,150,145,165,189,295,321,138
1333,78,74,80,81,71,77,70
1334,64,69,72,68,79,59,74
1335,116,93,85,131,234,229,102
1336,62,67,68,63,63,68,62
1337,41,32,40,70,110,99,46
1338,125,129,138,156,141,129,118
1339,184,177,180,220,250,233,183
1340,148,148,152,156,111,94,142
1341,129,115,136,135,172,168,124
1342,98,107,103,144,185,167,92
1343,92,100,86,128,106,100,88
1344,153,154,147,163,274,296,171
1345,83,78,83,103,135,119,79
1346,978,981,1011,1120,1583,1671,1063
1347,80,101,94,104,149,130,83
1348,93,102,115,159,168,170,114
1349,94,85,97,97,104,120,99
1350,452,451,424,516,636,588,501
1351,70,78,80,100,131,128,65
1352,45,45,49,65,79,79,49
1353,385,414,428,377,144,111,455
1354,221,201,218,231,228,265,222
1355,371,385,358,431,436,407,357
1356,141,132,157,177,220,213,120
1357,124,124,130,134,176,205,118
1358,159,139,166,217,361,422,146
1359,47,33,50,55,79,87,36
1360,68,60,61,73,90,72,77
1361,195,187,162,182,137,99,186
1362,53,50,48,60,78,77,48
1363,86,91,100,99,102,105,104
1364,58,66,73,88,136,145,60
1365,342,329,312,371,325,313,322
1366,164,179,166,179,27,21,168
1367,57,60,61,155,76,108,77
1368,94,88,115,108,106,82,99
1369,58,60,62,65,72,86,65
1370,173,178,177,179,196,222,159
1371,101,120,143,120,52,49,139
1372,1060,1071,1086,1001,425,302,1080
1373,336,353,424,423,623,674,356
1374,53,54,59,80,66,73,46
1375,85,72,79,80,57,45,73
1376,59,67,60,87,117,111,52
1377,164,141,153,181,248,273,155
1378,90,92,101,98,71,70,91
1379,273,286,284,279,223,215,267
1380,67,70,77,110,79,75,61
1381,171,156,164,191,178,189,146
1382,67,64,72,79,71,61,66
1383,191,193,193,161,129,120,209
1384,19,8,13,51,81,67,28
1385,98,80,87,87,92,97,89
1386,91,89,94,103,96,85,65
1387,92,85,94,108,262,248,81
1388,55,56,44,92,110,95,47
1389,84,96,94,103,143,119,78
1390,38,35,44,54,82,81,39
1391,167,157,168,135,109,173,171
1392,260,281,276,275,253,246,265
1393,57,62,67,75,101,84,58
1394,486,437,451,421,329,329,433
1395,104,113,109,124,128,137,113
1396,326,319,391,322,381,410,323
1397,205,213,222,189,315,284,170
1398,46,46,42,63,82,82,37
1399,98,87,90,145,103,135,115
1400,128,150,141,143,64,61,113
1401,88,74,93,86,92,86,85
1402,94,93,86,93,55,62,94
1403,107,120,125,133,202,220,113
1404,169,158,172,174,143,141,155
1405,82,74,76,87,70,89,76
1406,65,67,66,61,68,60,64
1407,88,88,93,97,61,45,85
1408,58,72,63,77,57,79,65
1409,254,226,236,226,202,268,212
1410,104,107,114,129,196,161,119
1411,159,153,168,196,200,193,151
1412,112,104,128,171,292,246,110
1413,84,68,85,76,67,55,84
1414,61,53,61,63,67,80,42
1415,71,68,69,72,91,101,75
1416,46,48,49,71,106,104,41
1417,166,146,162,157,161,185,152
1418,100,102,98,94,81,94,94
1419,134,134,125,137,105,115,128
1420,232,258,262,266,134,106,228
1421,113,123,137,150,115,123,126
1422,81,111,97,120,147,118,111
1423,85,98,101,99,140,104,80
1424,151,146,173,230,248,245,152
1425,65,70,70,71,62,75,62
1426,624,621,622,663,258,161,644
1427,162,168,169,194,261,264,167
1428,71,64,70,85,115,106,62
1429,141,131,147,160,165,144,154
1430,60,56,62,58,27,21,67
1431,114,109,100,132,135,142,118
1432,290,307,321,435,536,564,285
1433,64,70,73,70,83,78,58
1434,491,474,503,532,479,463,497
1435,60,59,54,71,103,92,52
1436,243,251,228,283,328,405,201
1437,86,89,80,112,117,111,93
1438,134,147,144,167,222,220,135
1439,128,116,92,108,110,129,121
1440,138,130,141,157,166,165,138
1441,111,101,99,105,110,103,111
1442,45,43,52,50,51,52,45
1443,71,74,82,152,91,76,78
1444,49,52,46,73,160,132,46
1445,218,180,193,186,192,221,212
1446,54,36,38,66,-24,-13,66
1447,104,128,100,96,52,22,125
1448,49,41,52,44,87,70,35
1449,69,74,82,159,110,115,114
1450,65,66,57,71,96,96,57
1451,155,136,149,156,154,191,155
1452,59,53,59,57,81,87,52
1453,107,109,104,130,185,191,99
1454,138,137,141,145,157,154,116
1455,131,129,124,133,123,109,130
1456,94,87,96,114,115,104,86
1457,127,98,115,118,113,140,141
1458,59,68,81,90,88,113,74
1459,51,51,69,73,129,99,51
1460,46,43,51,64,117,119,44
1461,452,401,455,586,628,656,445
1462,181,170,172,158,156,107,180
1463,138,126,132,150,160,159,132
1464,0,0,-22,0,0,38,0
1465,179,194,205,199,397,420,204
1466,131,121,124,127,138,161,120
1467,88,106,113,115,111,90,133
1468,107,103,96,94,194,213,115
1469,480,404,464,561,622,651,419
1470,53,71,68,115,160,135,54
1471,0,0,0,0,21,25,0
1472,327,291,337,363,375,417,338
1473,101,95,125,122,139,121,94
1474,182,155,177,212,294,305,156
1475,48,50,44,57,75,70,35
1476,78,67,86,76,94,91,69
1477,214,247,238,255,123,112,226
1478,230,240,242,205,191,231,253
1479,43,41,43,79,166,150,31
1480,75,67,74,85,68,71,75
1481,86,87,103,117,112,107,100
1482,88,110,104,107,157,143,87
1483,325,306,327,358,382,349,296
1484,174,164,180,238,277,255,185
1485,105,83,87,115,173,161,84
1486,64,62,78,87,106,82,49
1487,35,31,32,54,43,45,29
1488,119,125,105,147,153,161,146
1489,215,216,210,251,236,232,198
1490,100,88,96,112,152,139,111
1491,87,80,67,79,104,100,87
1492,57,68,63,58,70,59,59
1493,96,101,93,89,30,29,103
1494,158,125,162,212,226,215,148
1495,108,109,118,125,74,85,126
1496,160,143,152,156,179,191,150
1497,77,85,94,98,96,86,81
1498,66,69,78,89,137,143,80
1499,110,94,106,115,146,160,112
1500,182,162,174,193,230,271,193
1501,266,236,230,246,203,176,254
1502,207,205,198,190,193,167,229
1503,184,194,187,174,168,151,214
1504,115,113,121,114,95,96,119
1505,89,103,95,94,74,73,108
1506,65,70,74,86,95,104,78
1507,102,91,114,122,95,96,110
1508,32,25,35,41,97,102,31
1509,64,68,71,92,89,66,68
1510,63,53,54,57,62,88,62
1511,88,116,88,171,278,208,94
1512,71,76,92,160,123,126,68
1513,68,66,66,89,94,100,69
1514,148,147,152,155,87,120,169
1515,231,230,217,290,328,344,228
1516,88,82,80,90,71,60,90
1517,49,60,56,88,119,109,55
1518,68,80,84,82,101,124,75
1519,109,91,106,117,118,145,127
1520,92,110,64,93,95,109,87
1521,81,87,76,84,78,78,63
1522,148,149,154,190,118,139,154
1523,101,108,110,119,86,86,96
1524,148,165,149,183,210,177,143
1525,103,119,97,139,108,124,110
1526,0,0,0,10,10,15,5
1527,50,60,62,71,95,101,50
1528,433,422,427,356,328,423,449
1529,22,3,0,0,0,0,0
1530,64,50,53,71,48,60,58
1531,85,77,89,97,102,104,99
1532,59,82,64,80,51,50,83
1533,94,93,101,136,193,181,100
1534,106,107,114,124,112,114,105
1535,667,706,712,745,793,955,737
1536,84,95,97,128,99,132,110
1537,76,67,78,81,143,116,76
1538,90,93,100,115,143,145,94
1539,113,112,107,129,195,175,118
1540,81,85,89,309,182,196,106
1541,55,63,63,75,100,92,56
1542,60,44,44,64,63,69,44
1543,59,57,51,45,59,72,57
1544,160,156,156,195,280,273,153
1545,88,89,91,90,88,97,91
1546,62,49,81,104,81,92,62
1547,42,46,53,71,148,115,45
1548,114,99,71,66,65,86,84
1549,121,101,105,104,124,137,103
1550,116,89,123,114,114,112,124
1551,117,131,116,112,88,82,107
1552,54,60,55,56,92,63,49
1553,96,107,102,113,140,120,97
1554,94,110,103,97,91,73,109
1555,141,154,137,183,260,264,132
1556,175,144,156,163,165,160,198
1557,380,397,413,446,555,491,357
1558,83,74,87,137,261,267,75
1559,53,40,40,82,82,67,50
1560,199,205,200,250,286,259,195
1561,274,273,266,253,21,19,305
1562,64,59,54,65,67,73,59
1563,63,51,60,64,79,91,59
1564,147,159,155,192,234,204,135
1565,94,97,102,93,57,52,116
1566,96,92,75,84,87,94,74
1567,97,101,98,131,90,85,94
1568,134,104,116,123,227,216,103
1569,92,92,102,81,86,82,114
1570,155,146,154,163,188,204,162
1571,414,423,459,387,154,155,493
1572,101,107,98,114,78,94,106
1573,232,253,259,250,219,169,261
1574,69,78,76,97,98,93,72
1575,59,58,62,57,90,77,51
1576,98,93,100,114,130,142,81
1577,27,21,25,30,59,73,25
1578,102,95,76,94,61,68,81
1579,44,42,41,51,81,72,43
1580,119,87,97,133,285,305,128
1581,57,64,54,76,81,89,60
1582,116,109,116,128,132,118,112
1583,261,267,267,314,228,188,259
1584,211,196,202,215,217,228,230
1585,37,42,35,44,40,29,95
1586,51,57,48,65,76,80,52
1587,56,70,61,60,68,74,52
1588,85,88,92,118,126,131,89
1589,152,129,146,172,111,108,150
1590,188,193,251,231,212,276,222
1591,165,174,188,199,117,141,179
1592,65,63,70,71,95,81,62
1593,72,69,91,152,109,126,75
1594,102,99,107,167,141,133,90
1595,72,72,71,90,119,121,79
1596,176,163,152,163,127,118,174
1597,243,253,243,210,97,47,276
1598,76,56,74,66,53,50,75
1599,84,79,82,99,108,110,77
1600,48,44,34,55,63,71,59
1601,65,59,57,53,55,60,68
1602,74,80,66,79,90,94,77
1603,142,136,125,173,148,122,126
1604,41,30,44,41,73,72,39
1605,209,197,174,212,263,311,218
1606,71,68,65,81,43,46,71
1607,63,51,49,56,61,65,47
1608,85,123,103,99,83,127,107
1609,0,0,0,0,0,0,0
1610,188,215,209,223,228,193,215
1611,96,100,99,104,165,200,106
1612,187,218,210,193,159,160,190
1613,376,345,373,377,59,53,370
1614,60,69,115,80,102,145,55
1615,304,286,321,276,124,105,318
1616,394,383,420,432,519,595,422
1617,73,74,78,79,63,58,70
1618,70,63,84,84,110,105,71
1619,136,132,135,182,235,251,141
1620,199,223,239,232,149,164,267
1621,139,158,153,158,129,151,162
1622,130,117,119,120,117,126,131
1623,283,270,257,337,430,424,276
1624,338,334,308,404,461,456,347
1625,196,163,171,169,205,251,185
1626,305,310,314,322,170,156,339
1627,187,169,165,192,225,219,180
1628,101,86,99,98,138,106,109
1629,1720,1529,1724,1930,2959,3161,1793
1630,90,94,80,114,89,105,91
1631,207,247,206,276,426,391,253
1632,64,49,59,65,80,49,46
1633,64,74,74,67,84,85,78
1634,112,99,107,101,104,122,106
1635,60,57,50,69,83,83,67
1636,79,79,83,87,69,70,69
1637,134,103,134,120,82,82,120
1638,115,97,101,120,205,215,114
1639,49,42,46,82,153,156,38
1640,25,26,28,47,95,130,27
1641,61,56,73,85,84,94,65
1642,215,206,228,235,246,234,201
1643,36,43,47,48,62,59,39
1644,128,124,138,142,151,149,148
1645,319,307,308,326,308,305,344
1646,53,64,57,74,84,80,52
1647,215,190,224,259,322,302,224
1648,171,187,167,183,238,229,158
1649,39,40,39,44,70,65,38
1650,177,213,212,185,91,106,218
1651,0,0,0,1,59,72,48
1652,56,57,86,56,57,32,27
1653,76,93,91,105,114,129,105
1654,86,80,103,128,149,123,90
1655,100,119,125,113,58,53,119
1656,68,56,56,63,65,73,53
1657,101,91,97,99,108,116,115
1658,248,262,269,286,227,185,238
1659,76,71,73,84,92,93,92
1660,46,52,58,59,91,97,49
1661,301,301,285,350,481,511,309
1662,77,78,80,94,127,121,73
1663,268,295,278,323,354,324,253
1664,60,53,68,110,85,94,59
1665,146,135,131,129,122,68,114
1666,132,118,123,157,209,265,146
1667,305,325,334,402,330,287,360
1668,99,105,113,149,194,172,109
1669,77,73,81,84,93,137,82
1670,153,139,136,175,215,209,122
1671,66,84,78,79,127,123,81
1672,72,65,57,101,131,121,62
1673,203,214,206,259,323,334,203
1674,68,70,70,66,76,79,68
1675,72,85,76,100,123,102,74
1676,121,121,126,141,141,125,126
1677,99,87,100,116,144,116,102
1678,92,97,88,102,95,100,91
1679,121,143,136,80,0,0,70
1680,170,192,190,177,178,110,181
1681,67,41,56,68,96,97,61
1682,102,100,93,118,149,131,89
1683,30,27,29,42,102,92,34
1684,60,58,62,74,100,95,67
1685,98,89,103,59,0,4,29
1686,76,84,85,87,27,19,90
1687,442,460,452,574,807,795,500
1688,56,21,5,31,57,27,71
1689,72,58,74,92,107,106,68
1690,226,214,242,271,225,198,249
1691,0,0,0,26,48,47,26
1692,144,153,180,181,295,418,167
1693,99,92,115,131,136,151,118
1694,27,21,14,27,123,136,22
1695,113,113,93,107,133,136,118
1696,87,88,94,112,83,70,115
1697,96,92,97,140,199,209,100
1698,323,327,340,341,148,100,318
1699,86,82,89,91,135,135,84
1700,75,81,57,50,76,82,68
1701,75,63,68,75,67,83,62
1702,77,87,77,93,76,57,100
1703,36,39,25,48,68,49,35
1704,470,423,440,400,339,331,431
1705,78,72,63,82,90,79,69
1706,288,290,290,276,93,78,265
1707,316,308,330,319,306,372,339
1708,135,117,136,348,136,133,116
1709,968,948,951,905,204,206,1017
1710,223,277,278,287,304,253,242
1711,109,123,114,108,112,80,109
1712,54,64,52,66,84,92,57
1713,64,62,62,63,48,45,65
1714,175,181,192,171,102,86,177
1715,30,38,37,64,86,89,37
1716,184,173,174,154,35,17,184
1717,215,213,230,260,349,390,221
1718,63,56,63,69,54,67,64
1719,250,268,293,250,203,203,294
1720,165,211,156,193,153,145,164
1721,62,56,59,50,41,39,68
1722,177,177,158,183,233,224,182
1723,64,53,72,93,90,65,77
1724,117,104,111,122,129,123,112
1725,132,159,191,175,208,185,178
1726,271,284,233,294,473,495,299
1727,209,203,207,214,178,181,201
1728,108,90,95,107,80,36,99
1729,99,87,80,103,130,117,90
1730,46,44,40,64,110,101,46
1731,51,53,67,56,90,70,48
1732,107,80,88,143,149,139,98
1733,64,82,89,96,13,2,105
1734,108,92,100,122,122,103,110
1735,51,59,66,86,111,107,55
1736,43,45,52,49,50,51,43
1737,90,82,82,76,15,14,84
1738,112,113,111,126,126,143,113
1739,68,55,57,74,51,57,59
1740,95,99,113,102,52,27,113
1741,58,61,47,61,115,109,53
1742,78,63,65,58,48,35,77
1743,279,318,269,332,321,335,290
1744,125,99,116,161,150,162,98
1745,367,408,381,457,560,583,416
1746,74,86,87,77,97,109,71
1747,66,84,59,102,119,78,33
1748,82,62,79,87,115,118,73
1749,45,48,44,43,47,57,59
1750,0,0,0,0,0,0,0
1751,331,401,388,392,442,454,374
1752,181,195,189,249,382,347,202
1753,285,293,288,280,176,146,271
1754,49,58,54,76,61,57,53
1755,80,68,64,89,89,82,91
1756,144,162,141,174,230,215,138
1757,119,117,109,120,173,196,73
1758,40,34,46,49,79,66,42
1759,464,425,419,398,352,372,473
1760,107,99,117,138,140,117,112
1761,45,36,36,57,85,109,39
1762,146,141,187,189,96,114,186
1763,157,185,175,188,171,200,135
1764,121,138,150,116,46,46,108
1765,92,68,74,87,112,103,77
1766,128,114,107,118,118,126,116
1767,136,130,125,147,195,203,131
1768,308,298,299,290,164,131,285
1769,68,82,107,110,103,97,81
1770,192,180,158,172,316,311,161
1771,153,152,171,199,128,113,170
1772,1,27,17,31,115,91,22
1773,44,62,60,57,101,98,39
1774,107,114,98,109,55,26,114
1775,241,222,233,275,311,300,213
1776,132,109,116,150,172,186,111
1777,99,92,91,103,73,82,91
1778,179,172,183,161,197,192,158
1779,222,225,225,248,142,117,229
1780,69,90,75,89,111,96,74
1781,73,77,56,84,35,46,80
1782,71,94,76,96,117,101,80
1783,399,395,391,429,540,682,369
1784,155,210,171,227,247,219,180
1785,71,70,73,79,91,89,64
1786,230,232,214,245,245,285,289
1787,137,134,130,152,126,164,179
1788,56,48,50,48,55,55,53
1789,107,94,107,116,95,82,103
1790,254,278,271,319,283,268,263
1791,101,110,93,128,127,117,98
1792,66,87,93,117,128,126,69
1793,82,64,62,62,77,129,60
1794,98,95,99,121,148,161,106
1795,64,73,74,76,117,122,74
1796,179,183,176,267,382,293,182
1797,92,109,104,91,47,35,92
1798,66,66,61,60,61,42,70
1799,60,65,65,77,86,106,106
1800,65,79,81,109,86,78,65
1801,87,81,86,132,210,203,71
1802,53,51,37,41,50,60,52
1803,135,97,118,115,125,118,119
1804,118,89,103,138,295,352,106
1805,53,49,59,50,67,49,48
1806,104,67,121,109,90,27,107
1807,119,112,120,132,170,161,103
1808,31,49,0,0,0,0,0
1809,122,123,137,178,151,138,100
1810,96,99,100,107,77,88,106
1811,108,111,109,90,80,81,96
1812,53,66,82,101,150,102,71
1813,155,154,147,164,169,160,197
1814,128,140,140,138,93,83,135
1815,85,80,96,82,100,99,92
1816,54,41,51,72,69,56,40
1817,168,170,176,192,170,153,161
1818,236,233,204,208,149,245,260
1819,41,48,46,55,68,72,43
1820,97,84,87,95,124,142,84
1821,770,687,759,805,1256,1487,771
1822,80,107,91,93,82,73,98
1823,76,75,80,85,130,147,74
1824,52,34,43,67,65,46,48
1825,162,191,177,160,126,155,187
1826,162,174,169,181,234,275,185
1827,53,59,53,65,85,94,54
1828,150,161,193,191,237,250,194
1829,146,137,146,175,207,195,142
1830,26,21,24,33,47,45,31
1831,671,682,696,586,279,171,691
1832,81,81,78,78,93,101,78
1833,48,46,57,49,72,69,51
1834,62,65,71,72,64,61,61
1835,61,43,58,79,94,108,52
1836,114,99,95,112,146,162,115
1837,83,82,88,105,128,128,81
1838,105,109,119,127,162,151,118
1839,129,130,125,147,249,217,120
1840,36,38,57,112,42,48,33
1841,50,41,36,58,74,74,39
1842,188,179,209,208,202,239,193
1843,700,665,681,630,97,96,703
1844,83,89,107,99,117,112,94
1845,72,70,82,65,70,72,75
1846,51,49,56,56,97,118,38
1847,71,61,116,112,119,104,69
1848,69,65,68,67,87,82,52
1849,76,78,71,75,62,67,71
1850,263,252,246,324,484,427,267
1851,139,132,150,130,79,81,146
1852,76,81,73,77,87,105,83
1853,177,192,184,232,196,183,163
1854,121,129,116,124,134,151,140
1855,241,240,246,239,125,71,228
1856,86,89,71,65,6,5,75
1857,95,114,105,94,96,100,119
1858,114,115,115,99,56,44,118
1859,343,362,354,401,383,369,311
1860,87,68,82,117,163,181,74
1861,181,187,176,266,396,389,222
1862,36,36,42,68,93,101,40
1863,134,106,122,120,145,147,109
1864,143,140,146,158,112,133,158
1865,55,52,47,74,125,124,52
1866,30,27,71,51,36,40,67
1867,222,217,232,226,65,46,224
1868,51,59,72,82,78,73,60
1869,58,72,59,69,89,98,50
1870,83,87,73,85,68,68,91
1871,32,28,34,39,71,63,24
1872,290,289,281,294,353,379,281
1873,1,0,0,0,0,0,0
1874,195,198,184,209,210,229,171
1875,801,780,791,746,51,49,816
1876,159,185,211,229,205,188,151
1877,129,118,127,168,190,187,132
1878,135,117,116,122,121,128,132
1879,71,74,72,68,80,84,78
1880,148,135,128,193,234,244,109
1881,485,485,456,441,256,252,484
1882,126,150,142,154,218,223,128
1883,52,57,57,72,98,94,61
1884,108,85,84,115,162,176,103
1885,86,86,83,97,83,75,81
1886,108,98,86,80,78,108,106
1887,112,102,122,131,183,208,116
1888,83,74,83,91,94,95,89
1889,0,0,0,0,0,0,0
1890,436,392,442,439,254,266,420
1891,41,43,46,52,58,52,45
1892,97,80,89,135,172,186,129
1893,40,54,61,68,70,71,42
1894,231,244,232,205,68,56,211
1895,116,140,144,140,161,137,146
1896,62,61,55,59,83,90,79
1897,72,68,75,70,70,68,71
1898,222,242,236,268,377,284,242
1899,19,23,14,23,25,28,20
1900,47,55,62,68,63,58,51
1901,377,388,404,471,666,652,387
1902,109,97,110,142,106,134,125
1903,214,195,213,273,305,283,208
1904,176,167,173,150,136,147,181
1905,207,230,243,242,262,215,240
1906,345,314,322,415,587,650,265
1907,134,120,119,124,83,58,120
1908,47,59,51,71,87,94,55
1909,89,92,92,85,70,50,94
1910,88,75,70,67,73,63,70
1911,69,65,96,92,157,122,76
1912,149,139,137,172,197,193,135
1913,35,42,43,41,31,35,32
1914,346,354,362,386,302,295,299
1915,83,71,89,92,63,57,84
1916,118,123,130,136,133,124,136
1917,109,102,107,114,114,154,102
1918,10,11,14,14,5,4,13
1919,94,97,117,130,114,99,125
1920,93,93,84,83,65,56,80
1921,151,139,129,169,176,168,138
1922,232,249,245,275,396,432,225
1923,96,115,110,110,158,177,88
1924,71,63,74,117,87,89,87
1925,0,0,0,0,62,60,0
1926,96,90,66,74,41,39,85
1927,563,585,541,530,441,459,539
1928,760,787,858,1545,867,923,662
1929,87,89,98,85,49,37,92
1930,115,100,118,108,135,140,115
1931,249,303,310,328,338,359,341
1932,225,234,223,215,276,298,234
1933,59,58,76,88,108,101,72
1934,102,82,112,106,159,139,87
1935,285,235,270,385,262,332,305
1936,137,133,121,173,179,202,124
1937,173,175,178,169,187,183,169
1938,74,73,66,138,211,200,79
1939,183,191,155,213,327,330,180
1940,133,132,120,136,174,148,118
1941,189,169,157,175,169,200,178
1942,61,67,65,87,133,129,57
1943,44,39,50,47,61,58,65
1944,514,445,456,534,607,675,538
1945,350,372,364,401,365,358,368
1946,82,81,77,82,134,119,84
1947,66,55,59,69,52,31,61
1948,235,208,213,205,258,290,234
1949,57,59,53,53,75,81,70
1950,244,217,241,252,311,479,239
1951,93,95,98,120,137,126,82
1952,65,58,58,68,93,81,60
1953,39,67,54,74,73,86,59
1954,375,376,397,455,503,556,374
1955,131,123,135,163,227,231,110
1956,135,134,154,149,162,163,157
1957,96,86,100,98,137,120,100
1958,188,142,158,193,153,114,218
1959,309,351,324,328,233,351,411
1960,154,207,179,210,281,254,193
1961,115,114,113,106,91,68,108
1962,150,138,158,151,146,172,153
1963,127,121,131,138,94,68,142
1964,84,95,82,100,69,57,85
1965,127,101,120,133,131,149,129
1966,247,253,259,240,140,100,293
1967,179,161,164,202,258,249,183
1968,8,10,6,8,34,43,7
1969,100,80,96,90,94,107,103
1970,225,227,215,236,291,313,211
1971,254,216,223,252,181,174,241
1972,65,61,72,88,129,123,64
1973,60,66,51,70,63,48,77
1974,183,149,157,189,135,142,180
1975,138,150,141,242,245,262,130
1976,86,91,92,101,102,104,96
1977,139,135,144,148,134,142,140
1978,118,110,105,159,165,155,139
1979,67,64,67,82,81,84,71
1980,47,48,45,47,68,60,42
1981,88,79,81,81,80,85,118
1982,76,65,65,74,63,45,81
1983,74,54,59,68,86,71,60
1984,64,61,58,59,58,52,67
1985,342,393,416,671,415,427,334
1986,95,89,96,92,99,107,95
1987,45,48,61,65,108,115,41
1988,174,197,179,210,252,277,201
1989,58,52,63,95,68,106,53
1990,85,80,80,106,125,115,75
1991,152,146,139,138,133,149,158
1992,37,60,46,49,110,91,40
1993,66,68,85,89,93,87,65
1994,160,133,141,187,161,159,158
1995,43,49,63,54,65,68,61
1996,83,86,85,85,88,85,86
1997,288,283,275,241,102,108,297
1998,397,412,449,395,218,238,425
1999,270,297,259,316,381,416,295
2000,154,147,146,136,52,59,154
