shop_id,2016-09-13,2016-09-14,2016-09-15,2016-09-16,2016-09-17,2016-09-18,2016-09-19
1,252.0,196.0,150.0,252.0,277.0,233.0,186.0
2,102.0,155.0,160.0,135.0,126.0,82.0,74.0
3,76.0,79.0,111.0,101.0,99.0,62.0,62.0
4,97.0,132.0,246.0,148.0,138.0,108.0,96.0
5,0.0,49.0,84.0,167.0,192.0,216.0,253.0
6,77.0,136.0,65.0,41.0,61.0,46.0,46.0
7,104.0,100.0,124.0,156.0,172.0,118.0,124.0
8,55.0,74.0,64.0,81.0,60.0,76.0,60.0
9,204.0,227.0,258.0,266.0,294.0,277.0,218.0
10,60.0,85.0,61.0,44.0,59.0,66.0,79.0
11,70.0,75.0,27.0,71.0,38.0,64.0,118.0
12,73.0,99.0,90.0,106.0,97.0,77.0,71.0
13,196.0,169.0,80.0,163.0,247.0,215.0,201.0
14,89.0,70.0,20.0,57.0,57.0,84.0,103.0
15,147.0,211.0,225.0,129.0,166.0,105.0,125.0
16,85.0,112.0,59.0,62.0,92.0,58.0,53.0
17,85.0,101.0,112.0,162.0,128.0,117.0,105.0
18,61.0,70.0,54.0,75.0,66.0,61.0,67.0
19,132.0,130.0,90.0,140.0,229.0,147.0,133.0
20,124.0,144.0,70.0,63.0,92.0,117.0,151.0
21,70.0,78.0,112.0,94.0,106.0,77.0,75.0
22,81.0,121.0,76.0,44.0,85.0,78.0,76.0
23,157.0,185.0,46.0,54.0,53.0,166.0,155.0
24,41.0,64.0,58.0,85.0,55.0,74.0,45.0
25,110.0,133.0,118.0,98.0,112.0,99.0,86.0
26,68.0,42.0,124.0,68.0,91.0,76.0,77.0
27,107.0,83.0,49.0,46.0,67.0,95.0,88.0
28,0.0,0.0,0.0,0.0,0.0,0.0,0.0
29,76.0,97.0,136.0,165.0,134.0,106.0,54.0
30,45.0,58.0,49.0,45.0,42.0,32.0,22.0
31,361.0,368.0,567.0,424.0,457.0,348.0,356.0
32,442.0,458.0,56.0,117.0,146.0,418.0,453.0
33,46.0,51.0,113.0,85.0,73.0,35.0,59.0
34,378.0,429.0,388.0,377.0,393.0,382.0,344.0
35,154.0,185.0,299.0,194.0,183.0,165.0,138.0
36,61.0,64.0,64.0,71.0,64.0,76.0,60.0
37,202.0,162.0,121.0,189.0,219.0,162.0,217.0
38,111.0,73.0,48.0,35.0,39.0,69.0,94.0
39,191.0,187.0,215.0,249.0,311.0,208.0,207.0
40,110.0,125.0,144.0,93.0,89.0,67.0,73.0
41,160.0,132.0,148.0,236.0,332.0,195.0,132.0
42,111.0,126.0,118.0,123.0,133.0,113.0,81.0
43,62.0,138.0,102.0,83.0,133.0,82.0,63.0
44,47.0,60.0,70.0,70.0,66.0,50.0,44.0
45,45.0,55.0,71.0,82.0,82.0,38.0,41.0
46,177.0,199.0,129.0,134.0,160.0,191.0,235.0
47,157.0,150.0,61.0,44.0,51.0,156.0,152.0
48,304.0,416.0,499.0,569.0,534.0,407.0,391.0
49,479.0,508.0,533.0,482.0,582.0,373.0,363.0
50,49.0,46.0,44.0,51.0,53.0,53.0,47.0
51,54.0,77.0,18.0,16.0,23.0,49.0,65.0
52,48.0,69.0,137.0,153.0,104.0,85.0,40.0
53,108.0,148.0,91.0,109.0,142.0,114.0,125.0
54,349.0,337.0,349.0,296.0,287.0,335.0,335.0
55,292.0,309.0,226.0,306.0,270.0,269.0,250.0
56,78.0,65.0,72.0,62.0,85.0,56.0,65.0
57,296.0,390.0,342.0,214.0,277.0,267.0,292.0
58,1645.0,1979.0,1976.0,2003.0,1874.0,1601.0,1430.0
59,158.0,382.0,232.0,110.0,138.0,139.0,159.0
60,126.0,131.0,124.0,138.0,113.0,128.0,149.0
61,66.0,71.0,1.0,59.0,88.0,80.0,69.0
62,87.0,106.0,112.0,84.0,124.0,87.0,80.0
63,217.0,185.0,208.0,237.0,227.0,218.0,206.0
64,0.0,0.0,0.0,0.0,0.0,0.0,0.0
65,369.0,0.0,0.0,0.0,0.0,0.0,0.0
66,60.0,113.0,83.0,47.0,77.0,65.0,51.0
67,81.0,79.0,63.0,108.0,111.0,72.0,75.0
68,52.0,51.0,58.0,37.0,54.0,58.0,53.0
69,111.0,120.0,113.0,118.0,116.0,107.0,92.0
70,45.0,68.0,55.0,68.0,70.0,57.0,50.0
71,168.0,185.0,77.0,107.0,98.0,138.0,140.0
72,536.0,591.0,580.0,419.0,494.0,464.0,484.0
73,82.0,80.0,222.0,100.0,87.0,84.0,88.0
74,126.0,112.0,80.0,107.0,112.0,104.0,115.0
75,80.0,74.0,37.0,64.0,47.0,33.0,52.0
76,53.0,15.0,3.0,1.0,0.0,0.0,1.0
77,91.0,146.0,123.0,76.0,109.0,99.0,90.0
78,61.0,32.0,44.0,38.0,61.0,49.0,59.0
79,145.0,114.0,23.0,24.0,36.0,112.0,134.0
80,53.0,67.0,74.0,54.0,68.0,47.0,53.0
81,83.0,82.0,51.0,74.0,113.0,119.0,123.0
82,95.0,113.0,33.0,53.0,55.0,82.0,86.0
83,128.0,137.0,94.0,135.0,167.0,122.0,106.0
84,139.0,152.0,147.0,145.0,223.0,154.0,146.0
85,46.0,92.0,86.0,116.0,117.0,95.0,78.0
86,132.0,164.0,152.0,118.0,181.0,102.0,132.0
87,146.0,122.0,0.0,22.0,31.0,124.0,155.0
88,331.0,413.0,449.0,512.0,396.0,482.0,402.0
89,31.0,32.0,55.0,67.0,57.0,30.0,39.0
90,180.0,158.0,151.0,185.0,242.0,183.0,153.0
91,82.0,102.0,91.0,101.0,102.0,86.0,80.0
92,134.0,135.0,231.0,153.0,189.0,86.0,106.0
93,140.0,118.0,41.0,60.0,91.0,123.0,143.0
94,110.0,73.0,52.0,58.0,58.0,116.0,89.0
95,85.0,57.0,0.0,39.0,47.0,70.0,90.0
96,123.0,125.0,104.0,119.0,119.0,143.0,122.0
97,107.0,117.0,109.0,82.0,101.0,69.0,111.0
98,56.0,61.0,44.0,53.0,60.0,63.0,54.0
99,25.0,19.0,12.0,16.0,18.0,35.0,48.0
100,411.0,435.0,145.0,249.0,276.0,293.0,357.0
101,62.0,77.0,63.0,110.0,69.0,122.0,117.0
102,122.0,123.0,115.0,155.0,142.0,140.0,97.0
103,73.0,69.0,65.0,86.0,75.0,86.0,81.0
104,111.0,99.0,50.0,82.0,73.0,82.0,88.0
105,91.0,114.0,119.0,144.0,151.0,102.0,90.0
106,58.0,66.0,46.0,57.0,52.0,75.0,79.0
107,48.0,70.0,186.0,221.0,162.0,61.0,57.0
108,76.0,72.0,75.0,85.0,135.0,105.0,75.0
109,61.0,82.0,74.0,69.0,101.0,88.0,76.0
110,180.0,147.0,113.0,128.0,106.0,138.0,146.0
111,17.0,82.0,76.0,67.0,51.0,61.0,67.0
112,143.0,148.0,187.0,155.0,158.0,132.0,115.0
113,145.0,138.0,0.0,6.0,49.0,108.0,111.0
114,618.0,585.0,301.0,452.0,432.0,505.0,578.0
115,453.0,445.0,266.0,362.0,397.0,509.0,247.0
116,321.0,318.0,182.0,227.0,284.0,400.0,393.0
117,87.0,139.0,251.0,236.0,215.0,135.0,118.0
118,107.0,120.0,32.0,45.0,42.0,132.0,120.0
119,50.0,56.0,115.0,111.0,47.0,31.0,69.0
120,210.0,236.0,252.0,310.0,311.0,283.0,242.0
121,47.0,42.0,44.0,34.0,57.0,55.0,52.0
122,27.0,63.0,34.0,53.0,77.0,66.0,57.0
123,94.0,91.0,137.0,95.0,85.0,109.0,111.0
124,319.0,419.0,407.0,465.0,444.0,436.0,372.0
125,57.0,74.0,113.0,104.0,117.0,49.0,38.0
126,77.0,66.0,37.0,45.0,52.0,98.0,85.0
127,58.0,63.0,138.0,108.0,82.0,98.0,37.0
128,41.0,61.0,47.0,63.0,52.0,65.0,47.0
129,174.0,236.0,319.0,275.0,259.0,191.0,190.0
130,377.0,392.0,336.0,287.0,365.0,299.0,282.0
131,92.0,99.0,139.0,71.0,76.0,113.0,72.0
132,59.0,84.0,87.0,120.0,84.0,63.0,64.0
133,105.0,73.0,18.0,43.0,27.0,89.0,105.0
134,199.0,209.0,169.0,173.0,239.0,279.0,274.0
135,131.0,125.0,91.0,114.0,150.0,174.0,165.0
136,99.0,104.0,68.0,51.0,56.0,71.0,68.0
137,91.0,88.0,37.0,43.0,65.0,80.0,83.0
138,289.0,219.0,116.0,182.0,196.0,247.0,269.0
139,58.0,79.0,116.0,159.0,139.0,79.0,53.0
140,378.0,358.0,135.0,132.0,131.0,300.0,310.0
141,60.0,66.0,98.0,59.0,52.0,42.0,43.0
142,477.0,447.0,83.0,209.0,211.0,437.0,451.0
143,94.0,100.0,92.0,83.0,80.0,95.0,78.0
144,107.0,60.0,80.0,145.0,178.0,109.0,92.0
145,35.0,53.0,54.0,90.0,86.0,44.0,55.0
146,587.0,901.0,913.0,526.0,653.0,508.0,465.0
147,104.0,114.0,59.0,81.0,109.0,112.0,111.0
148,67.0,66.0,50.0,66.0,54.0,73.0,67.0
149,137.0,109.0,0.0,0.0,39.0,111.0,200.0
150,49.0,17.0,0.0,78.0,71.0,31.0,48.0
151,94.0,93.0,28.0,46.0,58.0,138.0,82.0
152,54.0,93.0,68.0,37.0,50.0,29.0,50.0
153,67.0,95.0,116.0,67.0,73.0,71.0,81.0
154,110.0,88.0,44.0,41.0,70.0,105.0,126.0
155,130.0,130.0,133.0,156.0,140.0,136.0,78.0
156,176.0,200.0,207.0,154.0,112.0,103.0,68.0
157,122.0,110.0,143.0,87.0,115.0,83.0,96.0
158,46.0,40.0,38.0,59.0,56.0,82.0,81.0
159,47.0,75.0,63.0,97.0,88.0,53.0,50.0
160,323.0,244.0,65.0,98.0,96.0,297.0,293.0
161,81.0,69.0,52.0,112.0,98.0,77.0,99.0
162,106.0,85.0,35.0,63.0,57.0,74.0,74.0
163,85.0,104.0,119.0,100.0,126.0,95.0,80.0
164,162.0,136.0,39.0,54.0,94.0,137.0,156.0
165,84.0,93.0,37.0,83.0,108.0,91.0,112.0
166,35.0,33.0,173.0,151.0,120.0,58.0,56.0
167,126.0,103.0,64.0,63.0,97.0,132.0,125.0
168,97.0,84.0,89.0,101.0,86.0,102.0,91.0
169,59.0,87.0,167.0,167.0,161.0,79.0,75.0
170,53.0,65.0,115.0,81.0,99.0,63.0,41.0
171,260.0,251.0,161.0,193.0,204.0,185.0,214.0
172,200.0,207.0,373.0,208.0,303.0,148.0,178.0
173,181.0,242.0,188.0,181.0,211.0,158.0,173.0
174,121.0,90.0,85.0,177.0,129.0,229.0,196.0
175,59.0,74.0,169.0,151.0,119.0,75.0,64.0
176,63.0,65.0,101.0,101.0,88.0,67.0,58.0
177,102.0,100.0,100.0,99.0,171.0,112.0,106.0
178,86.0,89.0,75.0,77.0,116.0,79.0,83.0
179,71.0,79.0,68.0,66.0,76.0,67.0,61.0
180,212.0,242.0,536.0,276.0,304.0,304.0,235.0
181,71.0,97.0,125.0,108.0,85.0,64.0,70.0
182,49.0,54.0,73.0,68.0,76.0,35.0,32.0
183,201.0,205.0,70.0,126.0,87.0,180.0,194.0
184,60.0,78.0,66.0,89.0,69.0,71.0,72.0
185,111.0,81.0,76.0,76.0,73.0,107.0,96.0
186,145.0,186.0,159.0,172.0,188.0,145.0,124.0
187,75.0,107.0,75.0,67.0,78.0,61.0,56.0
188,89.0,67.0,90.0,83.0,110.0,94.0,94.0
189,439.0,534.0,740.0,571.0,608.0,482.0,442.0
190,87.0,176.0,111.0,51.0,64.0,52.0,66.0
191,56.0,73.0,25.0,45.0,48.0,73.0,83.0
192,31.0,57.0,83.0,63.0,104.0,57.0,52.0
193,120.0,131.0,165.0,149.0,145.0,121.0,110.0
194,42.0,33.0,11.0,23.0,18.0,44.0,38.0
195,53.0,71.0,112.0,96.0,94.0,52.0,51.0
196,54.0,78.0,218.0,214.0,167.0,58.0,40.0
197,50.0,58.0,57.0,79.0,59.0,44.0,48.0
198,169.0,152.0,24.0,37.0,73.0,145.0,134.0
199,113.0,129.0,185.0,131.0,164.0,168.0,122.0
200,205.0,192.0,289.0,395.0,352.0,203.0,187.0
201,46.0,42.0,66.0,75.0,86.0,27.0,49.0
202,124.0,89.0,9.0,8.0,18.0,46.0,85.0
203,376.0,467.0,560.0,560.0,651.0,492.0,376.0
204,79.0,85.0,41.0,64.0,64.0,56.0,70.0
205,165.0,189.0,247.0,89.0,97.0,155.0,133.0
206,40.0,44.0,61.0,71.0,71.0,35.0,38.0
207,76.0,82.0,180.0,173.0,138.0,56.0,54.0
208,66.0,61.0,89.0,64.0,81.0,67.0,85.0
209,47.0,44.0,100.0,67.0,92.0,66.0,65.0
210,71.0,180.0,137.0,137.0,176.0,94.0,92.0
211,74.0,96.0,165.0,111.0,122.0,87.0,79.0
212,40.0,69.0,174.0,78.0,87.0,61.0,49.0
213,52.0,30.0,23.0,37.0,29.0,65.0,55.0
214,44.0,47.0,92.0,88.0,74.0,45.0,28.0
215,151.0,169.0,266.0,267.0,206.0,101.0,114.0
216,56.0,50.0,30.0,28.0,38.0,41.0,51.0
217,364.0,352.0,390.0,488.0,380.0,369.0,329.0
218,80.0,84.0,4.0,12.0,9.0,70.0,62.0
219,56.0,55.0,65.0,60.0,32.0,100.0,75.0
220,81.0,91.0,43.0,57.0,36.0,79.0,97.0
221,97.0,127.0,123.0,90.0,83.0,100.0,65.0
222,85.0,160.0,81.0,51.0,39.0,28.0,23.0
223,94.0,99.0,89.0,110.0,86.0,95.0,83.0
224,90.0,72.0,11.0,13.0,14.0,107.0,94.0
225,75.0,75.0,30.0,47.0,73.0,72.0,75.0
226,188.0,197.0,95.0,145.0,146.0,150.0,174.0
227,34.0,48.0,102.0,97.0,67.0,51.0,32.0
228,67.0,68.0,46.0,68.0,89.0,65.0,63.0
229,55.0,85.0,80.0,100.0,80.0,65.0,66.0
230,43.0,48.0,62.0,53.0,60.0,64.0,56.0
231,88.0,110.0,103.0,89.0,87.0,98.0,86.0
232,52.0,77.0,47.0,69.0,59.0,67.0,65.0
233,196.0,223.0,358.0,328.0,342.0,208.0,181.0
234,173.0,146.0,166.0,173.0,186.0,154.0,117.0
235,97.0,109.0,142.0,144.0,136.0,93.0,89.0
236,56.0,48.0,49.0,66.0,74.0,52.0,42.0
237,43.0,38.0,31.0,27.0,34.0,33.0,33.0
238,67.0,66.0,66.0,57.0,57.0,48.0,54.0
239,70.0,110.0,118.0,110.0,125.0,73.0,69.0
240,261.0,265.0,114.0,191.0,189.0,239.0,243.0
241,65.0,82.0,37.0,32.0,84.0,80.0,93.0
242,62.0,72.0,54.0,55.0,80.0,81.0,94.0
243,290.0,444.0,450.0,388.0,372.0,288.0,225.0
244,198.0,190.0,83.0,87.0,88.0,141.0,217.0
245,118.0,130.0,106.0,96.0,74.0,90.0,116.0
246,23.0,26.0,74.0,29.0,4.0,0.0,1.0
247,7.0,6.0,3.0,6.0,3.0,2.0,4.0
248,66.0,49.0,33.0,33.0,50.0,63.0,54.0
249,135.0,155.0,31.0,39.0,43.0,152.0,162.0
250,37.0,47.0,68.0,75.0,59.0,40.0,28.0
251,122.0,103.0,35.0,40.0,57.0,124.0,99.0
252,138.0,144.0,238.0,268.0,139.0,108.0,98.0
253,39.0,51.0,105.0,82.0,68.0,59.0,41.0
254,126.0,80.0,0.0,11.0,11.0,59.0,70.0
255,60.0,58.0,48.0,51.0,57.0,58.0,69.0
256,218.0,238.0,240.0,211.0,229.0,227.0,176.0
257,74.0,81.0,59.0,61.0,70.0,80.0,91.0
258,99.0,176.0,162.0,110.0,162.0,117.0,67.0
259,71.0,78.0,55.0,52.0,69.0,70.0,76.0
260,53.0,76.0,51.0,55.0,58.0,47.0,55.0
261,55.0,84.0,121.0,131.0,116.0,66.0,68.0
262,92.0,96.0,84.0,119.0,107.0,112.0,118.0
263,118.0,133.0,119.0,146.0,146.0,142.0,131.0
264,79.0,84.0,85.0,96.0,117.0,111.0,128.0
265,91.0,117.0,108.0,124.0,122.0,97.0,115.0
266,61.0,56.0,53.0,57.0,57.0,50.0,38.0
267,81.0,94.0,57.0,67.0,65.0,77.0,95.0
268,106.0,119.0,53.0,50.0,70.0,90.0,74.0
269,92.0,95.0,56.0,62.0,76.0,93.0,98.0
270,109.0,89.0,83.0,99.0,115.0,85.0,67.0
271,98.0,74.0,31.0,33.0,58.0,77.0,83.0
272,0.0,119.0,107.0,121.0,170.0,219.0,313.0
273,115.0,144.0,119.0,114.0,105.0,94.0,84.0
274,76.0,74.0,15.0,63.0,81.0,61.0,74.0
275,422.0,366.0,235.0,237.0,342.0,509.0,483.0
276,113.0,140.0,123.0,125.0,183.0,154.0,126.0
277,33.0,46.0,89.0,74.0,100.0,48.0,9.0
278,231.0,272.0,366.0,371.0,320.0,253.0,234.0
279,0.0,2.0,540.0,476.0,563.0,470.0,0.0
280,54.0,38.0,59.0,54.0,64.0,56.0,48.0
281,180.0,175.0,200.0,180.0,192.0,149.0,146.0
282,285.0,254.0,91.0,107.0,126.0,292.0,284.0
283,62.0,99.0,224.0,172.0,151.0,73.0,69.0
284,38.0,35.0,68.0,72.0,62.0,39.0,40.0
285,251.0,416.0,181.0,170.0,278.0,245.0,271.0
286,347.0,330.0,121.0,70.0,141.0,344.0,381.0
287,210.0,202.0,208.0,206.0,208.0,207.0,218.0
288,76.0,73.0,53.0,74.0,112.0,64.0,65.0
289,66.0,53.0,55.0,58.0,83.0,60.0,48.0
290,43.0,47.0,43.0,63.0,51.0,57.0,61.0
291,94.0,108.0,14.0,26.0,36.0,117.0,134.0
292,154.0,138.0,82.0,75.0,85.0,133.0,147.0
293,218.0,269.0,226.0,161.0,177.0,195.0,212.0
294,157.0,127.0,65.0,93.0,85.0,157.0,136.0
295,74.0,90.0,26.0,48.0,54.0,79.0,31.0
296,407.0,510.0,696.0,506.0,561.0,394.0,373.0
297,158.0,204.0,133.0,148.0,138.0,163.0,188.0
298,471.0,493.0,600.0,390.0,501.0,341.0,319.0
299,153.0,214.0,176.0,245.0,282.0,196.0,164.0
300,30.0,34.0,42.0,31.0,52.0,49.0,43.0
301,64.0,66.0,58.0,81.0,90.0,77.0,58.0
302,104.0,94.0,50.0,90.0,102.0,140.0,146.0
303,35.0,46.0,81.0,90.0,85.0,32.0,44.0
304,199.0,218.0,167.0,251.0,220.0,214.0,199.0
305,116.0,122.0,163.0,166.0,162.0,103.0,95.0
306,438.0,403.0,0.0,0.0,0.0,466.0,488.0
307,51.0,81.0,95.0,143.0,111.0,55.0,61.0
308,53.0,44.0,5.0,22.0,22.0,31.0,50.0
309,168.0,161.0,57.0,52.0,114.0,148.0,136.0
310,141.0,203.0,299.0,187.0,187.0,177.0,139.0
311,113.0,162.0,13.0,23.0,22.0,123.0,121.0
312,115.0,126.0,100.0,65.0,84.0,104.0,87.0
313,577.0,510.0,0.0,0.0,0.0,599.0,572.0
314,131.0,126.0,106.0,127.0,113.0,119.0,111.0
315,157.0,139.0,91.0,124.0,141.0,142.0,204.0
316,73.0,59.0,18.0,58.0,60.0,158.0,174.0
317,65.0,65.0,142.0,109.0,95.0,37.0,32.0
318,111.0,125.0,172.0,161.0,164.0,112.0,94.0
319,131.0,96.0,114.0,73.0,128.0,127.0,151.0
320,226.0,276.0,316.0,325.0,305.0,221.0,205.0
321,98.0,84.0,58.0,117.0,109.0,104.0,117.0
322,75.0,77.0,49.0,75.0,50.0,64.0,77.0
323,193.0,215.0,112.0,131.0,146.0,163.0,186.0
324,88.0,88.0,47.0,81.0,75.0,125.0,120.0
325,73.0,60.0,112.0,97.0,79.0,63.0,68.0
326,34.0,44.0,59.0,81.0,86.0,73.0,42.0
327,49.0,66.0,30.0,62.0,71.0,68.0,54.0
328,173.0,209.0,186.0,105.0,120.0,122.0,157.0
329,116.0,103.0,90.0,90.0,88.0,79.0,67.0
330,46.0,48.0,99.0,97.0,91.0,35.0,27.0
331,476.0,381.0,67.0,42.0,65.0,427.0,342.0
332,113.0,135.0,151.0,150.0,173.0,114.0,119.0
333,78.0,64.0,49.0,56.0,104.0,73.0,82.0
334,99.0,100.0,91.0,152.0,126.0,149.0,135.0
335,183.0,172.0,17.0,40.0,40.0,127.0,163.0
336,161.0,221.0,418.0,391.0,373.0,215.0,222.0
337,76.0,93.0,79.0,83.0,95.0,89.0,70.0
338,380.0,514.0,879.0,746.0,911.0,419.0,386.0
339,93.0,73.0,79.0,106.0,120.0,78.0,77.0
340,62.0,63.0,64.0,59.0,83.0,72.0,78.0
341,130.0,161.0,238.0,291.0,252.0,134.0,131.0
342,110.0,93.0,55.0,80.0,90.0,108.0,111.0
343,97.0,103.0,61.0,86.0,82.0,92.0,97.0
344,165.0,205.0,199.0,191.0,176.0,125.0,129.0
345,94.0,97.0,59.0,96.0,93.0,82.0,80.0
346,218.0,195.0,163.0,174.0,171.0,233.0,248.0
347,44.0,46.0,71.0,87.0,55.0,43.0,43.0
348,290.0,385.0,475.0,378.0,403.0,313.0,287.0
349,88.0,111.0,76.0,64.0,82.0,107.0,90.0
350,203.0,210.0,64.0,65.0,61.0,220.0,151.0
351,104.0,80.0,34.0,52.0,75.0,93.0,114.0
352,302.0,250.0,0.0,0.0,3.0,232.0,302.0
353,89.0,110.0,149.0,55.0,65.0,70.0,63.0
354,71.0,102.0,94.0,93.0,79.0,101.0,101.0
355,62.0,59.0,15.0,29.0,12.0,55.0,54.0
356,118.0,154.0,109.0,101.0,109.0,124.0,129.0
357,61.0,51.0,55.0,36.0,63.0,58.0,48.0
358,147.0,132.0,76.0,73.0,73.0,119.0,139.0
359,186.0,163.0,98.0,124.0,149.0,137.0,128.0
360,144.0,204.0,309.0,187.0,152.0,136.0,102.0
361,208.0,228.0,44.0,60.0,91.0,188.0,219.0
362,143.0,137.0,81.0,107.0,120.0,161.0,147.0
363,62.0,79.0,67.0,56.0,61.0,55.0,53.0
364,96.0,107.0,130.0,163.0,153.0,114.0,65.0
365,66.0,61.0,67.0,88.0,74.0,47.0,53.0
366,118.0,78.0,0.0,0.0,0.0,102.0,106.0
367,68.0,64.0,49.0,52.0,72.0,85.0,90.0
368,190.0,138.0,126.0,110.0,130.0,173.0,193.0
369,126.0,110.0,122.0,138.0,124.0,91.0,106.0
370,164.0,127.0,319.0,197.0,407.0,145.0,153.0
371,172.0,141.0,144.0,213.0,145.0,230.0,156.0
372,28.0,46.0,88.0,49.0,40.0,35.0,42.0
373,45.0,63.0,61.0,50.0,54.0,37.0,37.0
374,99.0,103.0,76.0,68.0,82.0,81.0,70.0
375,32.0,85.0,91.0,66.0,53.0,47.0,59.0
376,34.0,65.0,64.0,41.0,54.0,42.0,47.0
377,110.0,102.0,55.0,76.0,83.0,94.0,98.0
378,156.0,176.0,156.0,155.0,158.0,161.0,144.0
379,24.0,40.0,100.0,93.0,79.0,38.0,30.0
380,176.0,223.0,235.0,295.0,266.0,210.0,185.0
381,45.0,41.0,34.0,48.0,59.0,65.0,51.0
382,39.0,57.0,51.0,52.0,55.0,60.0,44.0
383,68.0,62.0,37.0,45.0,75.0,100.0,86.0
384,74.0,64.0,29.0,29.0,26.0,57.0,78.0
385,47.0,69.0,54.0,93.0,53.0,67.0,40.0
386,185.0,237.0,142.0,182.0,220.0,201.0,161.0
387,64.0,52.0,37.0,67.0,70.0,70.0,58.0
388,65.0,96.0,108.0,119.0,127.0,78.0,51.0
389,107.0,93.0,57.0,84.0,114.0,111.0,95.0
390,47.0,53.0,105.0,96.0,94.0,46.0,26.0
391,297.0,586.0,288.0,192.0,328.0,275.0,236.0
392,313.0,291.0,92.0,101.0,96.0,271.0,293.0
393,413.0,450.0,528.0,461.0,517.0,468.0,359.0
394,168.0,221.0,222.0,142.0,179.0,200.0,192.0
395,242.0,202.0,87.0,143.0,179.0,209.0,224.0
396,97.0,83.0,0.0,58.0,79.0,105.0,99.0
397,94.0,93.0,99.0,135.0,193.0,102.0,104.0
398,108.0,141.0,83.0,79.0,90.0,103.0,111.0
399,61.0,84.0,165.0,132.0,194.0,84.0,61.0
400,55.0,79.0,85.0,71.0,48.0,78.0,63.0
401,53.0,61.0,56.0,47.0,36.0,58.0,61.0
402,197.0,164.0,73.0,118.0,164.0,185.0,201.0
403,100.0,59.0,119.0,135.0,144.0,55.0,88.0
404,162.0,215.0,279.0,289.0,279.0,185.0,170.0
405,165.0,158.0,72.0,49.0,59.0,105.0,152.0
406,92.0,101.0,81.0,87.0,114.0,106.0,114.0
407,178.0,156.0,75.0,112.0,154.0,161.0,173.0
408,291.0,320.0,451.0,288.0,357.0,282.0,284.0
409,109.0,130.0,107.0,71.0,96.0,120.0,96.0
410,34.0,37.0,53.0,108.0,71.0,111.0,98.0
411,0.0,0.0,0.0,0.0,0.0,0.0,0.0
412,94.0,87.0,16.0,38.0,43.0,91.0,95.0
413,204.0,169.0,110.0,127.0,148.0,186.0,224.0
414,457.0,537.0,527.0,532.0,580.0,454.0,426.0
415,64.0,46.0,26.0,29.0,42.0,55.0,68.0
416,48.0,51.0,55.0,79.0,86.0,53.0,41.0
417,43.0,32.0,38.0,47.0,43.0,23.0,28.0
418,155.0,172.0,115.0,133.0,171.0,140.0,130.0
419,32.0,60.0,100.0,33.0,34.0,25.0,41.0
420,132.0,116.0,79.0,143.0,76.0,188.0,118.0
421,29.0,76.0,103.0,92.0,88.0,52.0,30.0
422,99.0,118.0,104.0,72.0,124.0,120.0,85.0
423,58.0,78.0,154.0,165.0,120.0,59.0,44.0
424,48.0,71.0,102.0,89.0,75.0,57.0,55.0
425,92.0,101.0,131.0,136.0,148.0,90.0,73.0
426,170.0,420.0,216.0,86.0,159.0,113.0,156.0
427,126.0,123.0,37.0,67.0,73.0,98.0,90.0
428,94.0,111.0,27.0,32.0,43.0,45.0,51.0
429,43.0,53.0,52.0,48.0,49.0,35.0,28.0
430,80.0,85.0,42.0,58.0,72.0,62.0,74.0
431,60.0,62.0,87.0,76.0,56.0,68.0,59.0
432,13.0,22.0,96.0,94.0,52.0,63.0,53.0
433,110.0,90.0,51.0,54.0,62.0,86.0,88.0
434,37.0,43.0,110.0,107.0,63.0,30.0,27.0
435,381.0,411.0,597.0,676.0,554.0,294.0,275.0
436,408.0,489.0,480.0,478.0,462.0,402.0,407.0
437,92.0,72.0,55.0,42.0,68.0,88.0,70.0
438,57.0,84.0,122.0,95.0,66.0,61.0,57.0
439,117.0,97.0,70.0,101.0,98.0,114.0,120.0
440,78.0,62.0,46.0,57.0,65.0,88.0,81.0
441,233.0,262.0,336.0,272.0,317.0,222.0,188.0
442,119.0,100.0,137.0,100.0,110.0,77.0,78.0
443,71.0,68.0,38.0,85.0,124.0,65.0,61.0
444,97.0,60.0,47.0,47.0,59.0,78.0,60.0
445,125.0,149.0,177.0,122.0,129.0,126.0,118.0
446,60.0,83.0,103.0,63.0,57.0,59.0,33.0
447,240.0,216.0,19.0,81.0,85.0,195.0,258.0
448,219.0,202.0,46.0,48.0,38.0,156.0,180.0
449,20.0,28.0,102.0,114.0,71.0,58.0,12.0
450,71.0,38.0,54.0,58.0,47.0,64.0,76.0
451,76.0,141.0,188.0,203.0,153.0,100.0,86.0
452,161.0,222.0,194.0,238.0,242.0,224.0,177.0
453,54.0,62.0,37.0,46.0,50.0,49.0,45.0
454,0.0,77.0,65.0,47.0,58.0,71.0,58.0
455,98.0,129.0,127.0,156.0,137.0,141.0,108.0
456,64.0,102.0,106.0,120.0,103.0,76.0,65.0
457,61.0,47.0,79.0,97.0,63.0,62.0,38.0
458,102.0,247.0,235.0,155.0,223.0,127.0,72.0
459,2.0,17.0,177.0,98.0,128.0,5.0,8.0
460,203.0,263.0,0.0,41.0,49.0,179.0,245.0
461,33.0,48.0,32.0,42.0,49.0,35.0,35.0
462,71.0,94.0,184.0,171.0,139.0,60.0,44.0
463,129.0,129.0,172.0,112.0,124.0,108.0,119.0
464,78.0,118.0,172.0,145.0,149.0,72.0,52.0
465,0.0,0.0,0.0,0.0,0.0,0.0,0.0
466,57.0,66.0,130.0,115.0,96.0,72.0,62.0
467,211.0,130.0,206.0,110.0,134.0,189.0,108.0
468,38.0,58.0,58.0,59.0,82.0,39.0,38.0
469,62.0,64.0,40.0,37.0,48.0,70.0,63.0
470,56.0,89.0,100.0,121.0,122.0,48.0,66.0
471,66.0,71.0,57.0,39.0,71.0,71.0,90.0
472,486.0,632.0,364.0,366.0,586.0,422.0,422.0
473,0.0,0.0,0.0,0.0,0.0,0.0,0.0
474,45.0,37.0,35.0,56.0,68.0,47.0,52.0
475,131.0,109.0,97.0,147.0,154.0,115.0,103.0
476,84.0,50.0,0.0,0.0,0.0,86.0,91.0
477,89.0,71.0,80.0,108.0,90.0,73.0,82.0
478,46.0,53.0,68.0,63.0,54.0,42.0,60.0
479,63.0,53.0,101.0,73.0,87.0,72.0,56.0
480,75.0,115.0,121.0,121.0,139.0,83.0,74.0
481,49.0,71.0,66.0,45.0,55.0,52.0,46.0
482,85.0,103.0,120.0,93.0,112.0,62.0,74.0
483,63.0,72.0,36.0,45.0,55.0,90.0,69.0
484,79.0,97.0,108.0,116.0,105.0,67.0,52.0
485,72.0,127.0,107.0,148.0,159.0,140.0,111.0
486,49.0,78.0,66.0,44.0,47.0,44.0,69.0
487,54.0,67.0,42.0,46.0,60.0,48.0,79.0
488,69.0,68.0,88.0,71.0,87.0,89.0,76.0
489,59.0,57.0,56.0,59.0,57.0,60.0,71.0
490,26.0,38.0,75.0,69.0,77.0,35.0,34.0
491,272.0,307.0,336.0,291.0,307.0,277.0,263.0
492,85.0,82.0,41.0,49.0,83.0,80.0,78.0
493,90.0,129.0,6.0,0.0,0.0,0.0,72.0
494,71.0,78.0,74.0,98.0,95.0,69.0,63.0
495,45.0,44.0,141.0,115.0,75.0,65.0,56.0
496,125.0,96.0,69.0,76.0,91.0,86.0,131.0
497,78.0,195.0,60.0,57.0,77.0,72.0,56.0
498,81.0,70.0,40.0,59.0,80.0,83.0,68.0
499,46.0,59.0,74.0,70.0,71.0,49.0,56.0
500,119.0,140.0,194.0,182.0,181.0,132.0,129.0
501,0.0,0.0,0.0,0.0,0.0,0.0,106.0
502,150.0,110.0,133.0,157.0,234.0,163.0,139.0
503,113.0,109.0,43.0,59.0,65.0,107.0,88.0
504,73.0,92.0,82.0,80.0,93.0,91.0,73.0
505,97.0,111.0,0.0,0.0,0.0,86.0,96.0
506,47.0,23.0,79.0,99.0,81.0,45.0,14.0
507,160.0,214.0,84.0,78.0,101.0,243.0,177.0
508,134.0,139.0,77.0,85.0,71.0,128.0,153.0
509,59.0,184.0,89.0,35.0,66.0,96.0,41.0
510,50.0,49.0,72.0,65.0,58.0,91.0,65.0
511,175.0,174.0,141.0,192.0,162.0,129.0,121.0
512,108.0,139.0,86.0,89.0,93.0,123.0,88.0
513,136.0,108.0,94.0,128.0,130.0,136.0,122.0
514,58.0,62.0,46.0,65.0,89.0,63.0,70.0
515,149.0,176.0,185.0,190.0,190.0,123.0,144.0
516,104.0,75.0,44.0,50.0,80.0,78.0,86.0
517,2400.0,1945.0,3538.0,2807.0,2728.0,1607.0,1307.0
518,54.0,48.0,73.0,70.0,97.0,49.0,52.0
519,158.0,173.0,209.0,177.0,197.0,168.0,166.0
520,77.0,81.0,61.0,45.0,71.0,55.0,83.0
521,73.0,41.0,107.0,131.0,104.0,64.0,50.0
522,73.0,103.0,134.0,143.0,157.0,115.0,103.0
523,42.0,41.0,62.0,58.0,61.0,46.0,37.0
524,95.0,95.0,0.0,0.0,0.0,93.0,123.0
525,59.0,54.0,65.0,52.0,50.0,40.0,93.0
526,89.0,90.0,113.0,96.0,119.0,91.0,80.0
527,60.0,41.0,22.0,22.0,36.0,76.0,76.0
528,414.0,516.0,748.0,671.0,634.0,449.0,378.0
529,136.0,111.0,73.0,68.0,95.0,124.0,112.0
530,950.0,763.0,7.0,40.0,45.0,923.0,972.0
531,102.0,120.0,125.0,164.0,161.0,129.0,115.0
532,74.0,68.0,88.0,74.0,100.0,91.0,78.0
533,169.0,184.0,42.0,39.0,42.0,100.0,147.0
534,22.0,25.0,82.0,121.0,64.0,40.0,22.0
535,190.0,199.0,258.0,196.0,216.0,170.0,192.0
536,69.0,68.0,62.0,95.0,85.0,91.0,82.0
537,98.0,128.0,136.0,150.0,193.0,104.0,89.0
538,52.0,52.0,164.0,168.0,78.0,43.0,42.0
539,85.0,109.0,56.0,93.0,95.0,71.0,87.0
540,71.0,57.0,56.0,61.0,79.0,84.0,91.0
541,121.0,125.0,26.0,95.0,145.0,100.0,113.0
542,87.0,38.0,42.0,62.0,89.0,83.0,70.0
543,79.0,69.0,46.0,83.0,116.0,88.0,67.0
544,62.0,118.0,73.0,125.0,142.0,101.0,95.0
545,105.0,90.0,139.0,103.0,120.0,104.0,99.0
546,59.0,76.0,118.0,125.0,116.0,48.0,66.0
547,59.0,54.0,0.0,0.0,0.0,26.0,76.0
548,108.0,113.0,104.0,105.0,110.0,108.0,92.0
549,42.0,40.0,37.0,63.0,91.0,67.0,45.0
550,79.0,75.0,62.0,84.0,100.0,75.0,91.0
551,73.0,97.0,53.0,86.0,100.0,76.0,78.0
552,99.0,123.0,132.0,147.0,122.0,123.0,66.0
553,252.0,257.0,224.0,205.0,209.0,221.0,217.0
554,36.0,51.0,111.0,122.0,73.0,61.0,43.0
555,39.0,66.0,45.0,101.0,18.0,31.0,8.0
556,28.0,34.0,39.0,37.0,52.0,50.0,51.0
557,308.0,297.0,139.0,177.0,216.0,294.0,255.0
558,126.0,141.0,139.0,94.0,101.0,114.0,135.0
559,202.0,206.0,0.0,28.0,48.0,221.0,211.0
560,123.0,161.0,111.0,101.0,133.0,147.0,137.0
561,62.0,33.0,0.0,0.0,0.0,58.0,62.0
562,76.0,87.0,3.0,26.0,18.0,68.0,64.0
563,31.0,57.0,47.0,57.0,48.0,49.0,47.0
564,167.0,183.0,332.0,349.0,365.0,194.0,135.0
565,259.0,276.0,125.0,197.0,252.0,233.0,247.0
566,85.0,124.0,83.0,94.0,93.0,76.0,89.0
567,61.0,82.0,48.0,35.0,30.0,58.0,48.0
568,110.0,159.0,151.0,255.0,248.0,164.0,118.0
569,177.0,245.0,151.0,91.0,130.0,120.0,122.0
570,151.0,146.0,147.0,211.0,216.0,159.0,120.0
571,168.0,109.0,40.0,51.0,67.0,145.0,153.0
572,288.0,301.0,314.0,419.0,436.0,368.0,326.0
573,60.0,51.0,57.0,58.0,70.0,46.0,56.0
574,64.0,57.0,38.0,71.0,42.0,57.0,49.0
575,137.0,123.0,71.0,110.0,153.0,211.0,164.0
576,65.0,67.0,90.0,3.0,26.0,64.0,50.0
577,541.0,733.0,819.0,607.0,612.0,520.0,493.0
578,123.0,136.0,95.0,99.0,85.0,121.0,123.0
579,106.0,114.0,69.0,123.0,135.0,89.0,108.0
580,490.0,698.0,990.0,1004.0,788.0,618.0,456.0
581,62.0,70.0,41.0,33.0,43.0,55.0,56.0
582,49.0,49.0,58.0,100.0,98.0,41.0,43.0
583,61.0,63.0,101.0,109.0,102.0,43.0,40.0
584,87.0,138.0,185.0,111.0,104.0,111.0,74.0
585,91.0,80.0,41.0,52.0,81.0,83.0,84.0
586,96.0,85.0,48.0,62.0,82.0,102.0,98.0
587,119.0,117.0,166.0,156.0,153.0,131.0,106.0
588,39.0,58.0,118.0,56.0,77.0,67.0,31.0
589,38.0,47.0,41.0,57.0,40.0,51.0,37.0
590,96.0,147.0,97.0,87.0,112.0,148.0,93.0
591,42.0,58.0,81.0,59.0,61.0,53.0,28.0
592,257.0,306.0,536.0,386.0,401.0,321.0,283.0
593,207.0,221.0,298.0,275.0,146.0,120.0,103.0
594,36.0,36.0,152.0,148.0,100.0,46.0,35.0
595,136.0,106.0,15.0,45.0,69.0,180.0,179.0
596,30.0,40.0,56.0,32.0,47.0,52.0,31.0
597,63.0,69.0,19.0,48.0,44.0,52.0,66.0
598,73.0,70.0,75.0,51.0,63.0,62.0,67.0
599,42.0,40.0,27.0,53.0,51.0,62.0,54.0
600,214.0,178.0,81.0,173.0,220.0,200.0,156.0
601,106.0,144.0,109.0,113.0,98.0,126.0,115.0
602,51.0,72.0,60.0,69.0,73.0,50.0,66.0
603,57.0,67.0,31.0,56.0,71.0,76.0,36.0
604,123.0,103.0,61.0,62.0,64.0,116.0,131.0
605,101.0,91.0,133.0,98.0,113.0,84.0,68.0
606,124.0,164.0,144.0,114.0,137.0,139.0,119.0
607,58.0,80.0,55.0,77.0,82.0,90.0,94.0
608,181.0,281.0,252.0,248.0,253.0,247.0,224.0
609,65.0,47.0,78.0,83.0,81.0,70.0,79.0
610,73.0,74.0,85.0,82.0,101.0,62.0,71.0
611,111.0,121.0,148.0,136.0,143.0,137.0,121.0
612,57.0,63.0,60.0,79.0,107.0,106.0,86.0
613,192.0,201.0,379.0,277.0,228.0,186.0,166.0
614,137.0,181.0,106.0,72.0,95.0,156.0,136.0
615,121.0,103.0,151.0,146.0,185.0,89.0,91.0
616,68.0,67.0,81.0,88.0,90.0,85.0,50.0
617,101.0,85.0,0.0,21.0,24.0,63.0,84.0
618,214.0,165.0,61.0,80.0,35.0,175.0,196.0
619,65.0,90.0,148.0,103.0,98.0,52.0,64.0
620,140.0,134.0,90.0,83.0,118.0,142.0,168.0
621,131.0,93.0,45.0,76.0,108.0,135.0,134.0
622,35.0,53.0,85.0,73.0,58.0,31.0,30.0
623,86.0,104.0,88.0,110.0,97.0,91.0,97.0
624,206.0,180.0,149.0,129.0,171.0,201.0,151.0
625,100.0,90.0,130.0,108.0,126.0,117.0,92.0
626,69.0,24.0,0.0,27.0,68.0,53.0,63.0
627,269.0,317.0,154.0,165.0,190.0,264.0,309.0
628,183.0,244.0,356.0,386.0,278.0,170.0,185.0
629,135.0,125.0,97.0,137.0,170.0,112.0,126.0
630,52.0,68.0,121.0,117.0,83.0,69.0,71.0
631,150.0,182.0,98.0,146.0,151.0,189.0,172.0
632,122.0,109.0,27.0,86.0,99.0,94.0,133.0
633,50.0,59.0,45.0,58.0,51.0,62.0,45.0
634,69.0,78.0,102.0,95.0,70.0,81.0,75.0
635,61.0,93.0,78.0,83.0,83.0,64.0,74.0
636,85.0,73.0,59.0,66.0,88.0,74.0,97.0
637,343.0,281.0,145.0,128.0,183.0,260.0,281.0
638,289.0,342.0,202.0,253.0,272.0,264.0,288.0
639,101.0,75.0,94.0,93.0,114.0,83.0,75.0
640,407.0,430.0,345.0,98.0,123.0,113.0,105.0
641,46.0,65.0,68.0,45.0,60.0,58.0,64.0
642,130.0,89.0,87.0,147.0,163.0,143.0,104.0
643,83.0,95.0,96.0,91.0,86.0,93.0,103.0
644,29.0,38.0,47.0,38.0,54.0,41.0,31.0
645,121.0,119.0,97.0,107.0,77.0,121.0,133.0
646,90.0,68.0,34.0,55.0,77.0,86.0,110.0
647,116.0,162.0,234.0,159.0,171.0,113.0,98.0
648,72.0,75.0,42.0,52.0,71.0,92.0,72.0
649,133.0,143.0,56.0,70.0,81.0,160.0,176.0
650,588.0,707.0,775.0,619.0,762.0,581.0,538.0
651,311.0,305.0,132.0,156.0,149.0,256.0,278.0
652,124.0,136.0,209.0,226.0,232.0,194.0,134.0
653,90.0,97.0,96.0,119.0,106.0,99.0,94.0
654,126.0,147.0,205.0,144.0,108.0,119.0,121.0
655,38.0,73.0,67.0,79.0,58.0,61.0,53.0
656,47.0,34.0,18.0,21.0,86.0,150.0,174.0
657,55.0,74.0,55.0,53.0,57.0,46.0,41.0
658,151.0,199.0,152.0,193.0,194.0,134.0,145.0
659,52.0,70.0,4.0,34.0,34.0,48.0,51.0
660,42.0,57.0,59.0,66.0,69.0,80.0,117.0
661,86.0,76.0,79.0,110.0,85.0,86.0,78.0
662,112.0,85.0,24.0,63.0,52.0,107.0,105.0
663,88.0,96.0,88.0,108.0,107.0,97.0,94.0
664,62.0,87.0,85.0,90.0,86.0,52.0,63.0
665,74.0,105.0,168.0,132.0,129.0,95.0,75.0
666,76.0,60.0,23.0,16.0,27.0,74.0,68.0
667,265.0,230.0,134.0,197.0,248.0,321.0,272.0
668,116.0,89.0,224.0,375.0,281.0,120.0,134.0
669,80.0,95.0,47.0,90.0,91.0,78.0,67.0
670,156.0,187.0,120.0,154.0,192.0,126.0,113.0
671,202.0,276.0,379.0,268.0,209.0,152.0,182.0
672,57.0,92.0,119.0,142.0,120.0,74.0,81.0
673,84.0,81.0,117.0,103.0,96.0,97.0,68.0
674,216.0,153.0,22.0,52.0,62.0,157.0,217.0
675,82.0,105.0,117.0,103.0,85.0,52.0,62.0
676,137.0,142.0,119.0,125.0,193.0,108.0,105.0
677,92.0,101.0,47.0,72.0,68.0,65.0,79.0
678,131.0,103.0,55.0,48.0,72.0,96.0,99.0
679,459.0,583.0,1015.0,724.0,698.0,597.0,494.0
680,0.0,0.0,0.0,4.0,0.0,1.0,35.0
681,72.0,72.0,102.0,101.0,89.0,56.0,76.0
682,45.0,39.0,90.0,80.0,71.0,44.0,44.0
683,50.0,66.0,65.0,63.0,60.0,32.0,35.0
684,77.0,71.0,61.0,64.0,94.0,63.0,61.0
685,228.0,226.0,337.0,308.0,253.0,236.0,228.0
686,113.0,104.0,108.0,107.0,149.0,127.0,137.0
687,96.0,174.0,177.0,354.0,201.0,128.0,78.0
688,122.0,165.0,93.0,79.0,90.0,105.0,96.0
689,56.0,65.0,41.0,56.0,56.0,54.0,57.0
690,72.0,101.0,104.0,126.0,118.0,100.0,93.0
691,252.0,251.0,310.0,244.0,353.0,210.0,216.0
692,110.0,131.0,188.0,182.0,184.0,114.0,100.0
693,69.0,77.0,39.0,54.0,49.0,71.0,71.0
694,138.0,133.0,51.0,67.0,67.0,142.0,153.0
695,153.0,165.0,262.0,231.0,252.0,155.0,74.0
696,73.0,70.0,61.0,43.0,92.0,72.0,84.0
697,131.0,135.0,37.0,53.0,65.0,108.0,113.0
698,60.0,56.0,63.0,48.0,50.0,40.0,48.0
699,69.0,40.0,38.0,45.0,58.0,61.0,65.0
700,0.0,0.0,0.0,0.0,0.0,0.0,0.0
701,71.0,100.0,85.0,71.0,92.0,91.0,87.0
702,71.0,96.0,153.0,112.0,129.0,107.0,96.0
703,95.0,74.0,20.0,51.0,32.0,59.0,56.0
704,101.0,85.0,51.0,39.0,45.0,49.0,68.0
705,31.0,41.0,108.0,134.0,82.0,30.0,17.0
706,38.0,32.0,16.0,31.0,29.0,34.0,43.0
707,70.0,99.0,36.0,54.0,62.0,37.0,48.0
708,65.0,64.0,70.0,69.0,86.0,67.0,43.0
709,55.0,58.0,42.0,51.0,70.0,62.0,47.0
710,66.0,71.0,66.0,62.0,76.0,50.0,53.0
711,108.0,104.0,37.0,36.0,71.0,129.0,87.0
712,88.0,112.0,0.0,81.0,87.0,90.0,69.0
713,185.0,201.0,173.0,182.0,165.0,192.0,193.0
714,193.0,210.0,239.0,190.0,200.0,133.0,131.0
715,247.0,283.0,307.0,244.0,287.0,225.0,196.0
716,130.0,123.0,59.0,63.0,80.0,99.0,126.0
717,85.0,110.0,115.0,130.0,138.0,99.0,105.0
718,118.0,91.0,59.0,68.0,122.0,82.0,93.0
719,123.0,196.0,258.0,222.0,174.0,184.0,141.0
720,141.0,152.0,117.0,49.0,31.0,135.0,143.0
721,222.0,192.0,33.0,112.0,57.0,189.0,98.0
722,0.0,0.0,0.0,0.0,0.0,0.0,0.0
723,142.0,211.0,214.0,212.0,231.0,171.0,134.0
724,29.0,45.0,36.0,33.0,43.0,39.0,32.0
725,93.0,109.0,81.0,89.0,86.0,114.0,107.0
726,64.0,70.0,59.0,34.0,44.0,52.0,48.0
727,95.0,131.0,139.0,132.0,133.0,72.0,80.0
728,413.0,486.0,381.0,341.0,352.0,369.0,370.0
729,305.0,291.0,213.0,268.0,270.0,212.0,192.0
730,293.0,326.0,479.0,354.0,309.0,291.0,221.0
731,1397.0,1231.0,741.0,700.0,974.0,1634.0,1259.0
732,75.0,79.0,149.0,234.0,207.0,154.0,72.0
733,99.0,125.0,24.0,51.0,57.0,102.0,115.0
734,125.0,191.0,243.0,197.0,212.0,140.0,104.0
735,45.0,56.0,33.0,35.0,46.0,53.0,57.0
736,80.0,88.0,92.0,103.0,107.0,73.0,83.0
737,319.0,360.0,293.0,333.0,266.0,278.0,292.0
738,121.0,151.0,136.0,166.0,163.0,135.0,101.0
739,0.0,0.0,0.0,0.0,0.0,0.0,0.0
740,75.0,223.0,271.0,110.0,85.0,46.0,53.0
741,83.0,77.0,62.0,72.0,91.0,59.0,63.0
742,0.0,0.0,0.0,0.0,0.0,0.0,0.0
743,129.0,127.0,42.0,34.0,34.0,105.0,126.0
744,52.0,122.0,252.0,230.0,156.0,79.0,53.0
745,72.0,78.0,22.0,29.0,40.0,67.0,90.0
746,62.0,90.0,93.0,111.0,100.0,76.0,49.0
747,370.0,399.0,548.0,394.0,497.0,399.0,364.0
748,110.0,148.0,144.0,129.0,134.0,110.0,108.0
749,116.0,111.0,84.0,89.0,101.0,110.0,98.0
750,168.0,155.0,70.0,128.0,112.0,119.0,159.0
751,99.0,75.0,51.0,56.0,75.0,86.0,89.0
752,30.0,12.0,64.0,81.0,74.0,60.0,37.0
753,55.0,59.0,29.0,61.0,59.0,57.0,53.0
754,61.0,65.0,53.0,93.0,92.0,131.0,90.0
755,90.0,144.0,157.0,131.0,183.0,113.0,88.0
756,180.0,200.0,157.0,151.0,101.0,103.0,152.0
757,149.0,216.0,318.0,227.0,217.0,155.0,141.0
758,58.0,70.0,31.0,63.0,55.0,89.0,62.0
759,91.0,93.0,45.0,56.0,104.0,100.0,107.0
760,146.0,162.0,208.0,154.0,172.0,135.0,109.0
761,91.0,104.0,110.0,112.0,100.0,109.0,93.0
762,142.0,168.0,215.0,162.0,144.0,105.0,103.0
763,77.0,100.0,78.0,112.0,114.0,85.0,71.0
764,59.0,49.0,80.0,89.0,77.0,72.0,53.0
765,105.0,81.0,50.0,53.0,69.0,107.0,114.0
766,64.0,81.0,95.0,62.0,69.0,70.0,48.0
767,71.0,71.0,56.0,77.0,84.0,74.0,56.0
768,0.0,0.0,0.0,0.0,0.0,1.0,0.0
769,45.0,152.0,193.0,46.0,32.0,35.0,15.0
770,48.0,77.0,76.0,86.0,70.0,53.0,47.0
771,50.0,77.0,103.0,91.0,102.0,47.0,52.0
772,117.0,121.0,137.0,115.0,135.0,124.0,109.0
773,137.0,190.0,183.0,180.0,197.0,117.0,136.0
774,190.0,236.0,320.0,220.0,198.0,169.0,148.0
775,390.0,355.0,280.0,275.0,257.0,295.0,298.0
776,207.0,268.0,454.0,302.0,275.0,213.0,234.0
777,209.0,167.0,109.0,137.0,104.0,135.0,205.0
778,128.0,111.0,51.0,72.0,71.0,124.0,124.0
779,97.0,131.0,87.0,145.0,174.0,186.0,175.0
780,89.0,127.0,74.0,68.0,101.0,89.0,103.0
781,158.0,202.0,193.0,196.0,266.0,145.0,158.0
782,35.0,62.0,55.0,87.0,46.0,34.0,30.0
783,94.0,120.0,41.0,50.0,64.0,93.0,88.0
784,70.0,74.0,62.0,59.0,63.0,61.0,46.0
785,97.0,77.0,60.0,65.0,74.0,93.0,67.0
786,54.0,68.0,101.0,88.0,72.0,66.0,49.0
787,79.0,160.0,226.0,131.0,116.0,88.0,79.0
788,361.0,330.0,157.0,171.0,225.0,239.0,316.0
789,199.0,231.0,39.0,72.0,68.0,24.0,6.0
790,38.0,31.0,23.0,37.0,39.0,32.0,52.0
791,83.0,110.0,98.0,87.0,86.0,57.0,75.0
792,217.0,170.0,88.0,82.0,125.0,212.0,194.0
793,39.0,56.0,121.0,94.0,88.0,36.0,46.0
794,111.0,99.0,46.0,49.0,85.0,126.0,125.0
795,123.0,59.0,62.0,58.0,65.0,97.0,116.0
796,51.0,64.0,145.0,132.0,125.0,70.0,66.0
797,63.0,96.0,88.0,117.0,98.0,79.0,59.0
798,87.0,85.0,17.0,19.0,17.0,53.0,107.0
799,70.0,116.0,166.0,155.0,143.0,105.0,94.0
800,184.0,183.0,148.0,218.0,267.0,189.0,166.0
801,75.0,90.0,140.0,83.0,110.0,81.0,52.0
802,53.0,49.0,0.0,0.0,0.0,74.0,77.0
803,166.0,153.0,133.0,101.0,109.0,166.0,198.0
804,130.0,163.0,125.0,42.0,62.0,70.0,60.0
805,200.0,190.0,111.0,109.0,95.0,182.0,178.0
806,483.0,565.0,763.0,741.0,820.0,512.0,376.0
807,72.0,91.0,68.0,62.0,83.0,61.0,62.0
808,211.0,592.0,440.0,295.0,439.0,262.0,175.0
809,32.0,52.0,60.0,52.0,44.0,57.0,50.0
810,0.0,0.0,0.0,0.0,0.0,0.0,0.0
811,40.0,44.0,62.0,61.0,74.0,46.0,46.0
812,135.0,122.0,32.0,29.0,33.0,132.0,168.0
813,87.0,62.0,98.0,40.0,64.0,72.0,82.0
814,212.0,215.0,137.0,155.0,174.0,242.0,256.0
815,52.0,58.0,73.0,52.0,40.0,40.0,51.0
816,324.0,428.0,471.0,359.0,315.0,290.0,285.0
817,103.0,82.0,66.0,104.0,133.0,107.0,58.0
818,56.0,73.0,82.0,91.0,82.0,46.0,47.0
819,122.0,112.0,18.0,20.0,24.0,55.0,67.0
820,254.0,270.0,242.0,200.0,240.0,233.0,243.0
821,135.0,150.0,181.0,162.0,182.0,140.0,128.0
822,66.0,61.0,52.0,93.0,112.0,79.0,53.0
823,100.0,130.0,137.0,108.0,106.0,97.0,73.0
824,114.0,91.0,55.0,100.0,114.0,128.0,90.0
825,397.0,412.0,450.0,433.0,445.0,395.0,334.0
826,94.0,71.0,46.0,59.0,60.0,63.0,83.0
827,66.0,66.0,24.0,33.0,31.0,39.0,64.0
828,66.0,58.0,19.0,22.0,39.0,53.0,63.0
829,199.0,258.0,278.0,440.0,423.0,403.0,301.0
830,78.0,94.0,95.0,113.0,101.0,64.0,77.0
831,231.0,231.0,147.0,153.0,236.0,225.0,217.0
832,59.0,69.0,46.0,53.0,63.0,63.0,74.0
833,45.0,36.0,40.0,60.0,45.0,55.0,39.0
834,81.0,103.0,114.0,147.0,156.0,103.0,66.0
835,67.0,53.0,99.0,94.0,60.0,2.0,0.0
836,102.0,135.0,134.0,131.0,140.0,100.0,94.0
837,94.0,83.0,48.0,52.0,62.0,93.0,86.0
838,157.0,136.0,112.0,93.0,123.0,152.0,151.0
839,94.0,150.0,160.0,146.0,100.0,105.0,92.0
840,126.0,497.0,317.0,96.0,211.0,162.0,112.0
841,34.0,40.0,41.0,41.0,47.0,63.0,70.0
842,25.0,47.0,50.0,79.0,67.0,33.0,40.0
843,73.0,70.0,92.0,70.0,79.0,66.0,45.0
844,43.0,40.0,60.0,40.0,44.0,41.0,41.0
845,72.0,80.0,79.0,62.0,70.0,74.0,63.0
846,64.0,102.0,2.0,0.0,30.0,41.0,63.0
847,58.0,62.0,69.0,174.0,151.0,75.0,31.0
848,147.0,139.0,50.0,52.0,66.0,119.0,115.0
849,86.0,95.0,133.0,141.0,97.0,104.0,61.0
850,187.0,382.0,254.0,193.0,317.0,202.0,150.0
851,55.0,72.0,114.0,64.0,64.0,63.0,65.0
852,87.0,135.0,220.0,182.0,131.0,58.0,50.0
853,60.0,94.0,158.0,146.0,135.0,89.0,75.0
854,484.0,620.0,724.0,612.0,628.0,595.0,469.0
855,51.0,35.0,32.0,47.0,49.0,49.0,57.0
856,29.0,55.0,66.0,61.0,45.0,41.0,45.0
857,30.0,59.0,177.0,75.0,61.0,76.0,54.0
858,38.0,64.0,72.0,57.0,72.0,55.0,64.0
859,79.0,87.0,86.0,82.0,112.0,128.0,92.0
860,474.0,460.0,2076.0,583.0,693.0,304.0,500.0
861,162.0,172.0,101.0,89.0,123.0,112.0,100.0
862,178.0,151.0,176.0,186.0,199.0,141.0,173.0
863,36.0,35.0,18.0,44.0,34.0,53.0,63.0
864,567.0,541.0,419.0,421.0,479.0,541.0,629.0
865,246.0,242.0,359.0,284.0,326.0,248.0,222.0
866,385.0,371.0,21.0,28.0,46.0,345.0,411.0
867,176.0,139.0,41.0,81.0,92.0,105.0,156.0
868,249.0,214.0,107.0,164.0,185.0,169.0,257.0
869,306.0,412.0,597.0,489.0,445.0,291.0,271.0
870,211.0,215.0,268.0,236.0,270.0,253.0,226.0
871,69.0,65.0,92.0,88.0,92.0,62.0,73.0
872,151.0,186.0,16.0,18.0,14.0,166.0,175.0
873,113.0,106.0,65.0,79.0,143.0,173.0,152.0
874,240.0,236.0,133.0,172.0,240.0,195.0,204.0
875,140.0,86.0,58.0,57.0,55.0,97.0,98.0
876,231.0,268.0,187.0,134.0,155.0,220.0,203.0
877,253.0,222.0,146.0,146.0,160.0,172.0,168.0
878,68.0,49.0,85.0,66.0,74.0,66.0,46.0
879,67.0,89.0,77.0,96.0,111.0,62.0,64.0
880,72.0,73.0,44.0,68.0,58.0,61.0,65.0
881,91.0,125.0,85.0,74.0,120.0,103.0,97.0
882,63.0,127.0,123.0,82.0,135.0,121.0,99.0
883,64.0,63.0,49.0,31.0,82.0,73.0,77.0
884,143.0,126.0,80.0,103.0,122.0,176.0,171.0
885,95.0,104.0,160.0,153.0,140.0,102.0,112.0
886,60.0,49.0,58.0,75.0,78.0,59.0,71.0
887,46.0,71.0,192.0,154.0,115.0,50.0,45.0
888,90.0,97.0,51.0,38.0,49.0,121.0,93.0
889,148.0,138.0,184.0,139.0,187.0,138.0,115.0
890,37.0,31.0,47.0,42.0,62.0,35.0,48.0
891,482.0,628.0,927.0,962.0,811.0,482.0,444.0
892,182.0,145.0,98.0,105.0,121.0,179.0,170.0
893,44.0,46.0,62.0,64.0,65.0,44.0,39.0
894,92.0,128.0,130.0,141.0,132.0,102.0,77.0
895,172.0,168.0,61.0,84.0,142.0,157.0,202.0
896,70.0,94.0,74.0,84.0,74.0,87.0,107.0
897,232.0,327.0,494.0,574.0,473.0,269.0,231.0
898,115.0,108.0,59.0,70.0,76.0,111.0,125.0
899,70.0,101.0,193.0,129.0,156.0,90.0,96.0
900,595.0,693.0,713.0,1274.0,1160.0,620.0,531.0
901,144.0,134.0,160.0,120.0,110.0,126.0,132.0
902,81.0,70.0,41.0,24.0,37.0,67.0,83.0
903,62.0,79.0,26.0,27.0,24.0,76.0,69.0
904,66.0,73.0,151.0,200.0,150.0,50.0,45.0
905,79.0,67.0,133.0,86.0,96.0,90.0,63.0
906,63.0,59.0,83.0,52.0,88.0,80.0,67.0
907,70.0,63.0,84.0,108.0,105.0,57.0,64.0
908,124.0,104.0,70.0,78.0,95.0,98.0,77.0
909,120.0,127.0,75.0,134.0,138.0,95.0,90.0
910,272.0,189.0,138.0,231.0,265.0,235.0,224.0
911,66.0,61.0,57.0,63.0,73.0,56.0,56.0
912,108.0,104.0,58.0,94.0,111.0,92.0,111.0
913,52.0,98.0,146.0,164.0,138.0,82.0,58.0
914,58.0,74.0,47.0,84.0,58.0,59.0,69.0
915,100.0,126.0,142.0,151.0,143.0,115.0,81.0
916,319.0,350.0,293.0,333.0,355.0,310.0,256.0
917,69.0,62.0,49.0,42.0,42.0,74.0,71.0
918,42.0,66.0,68.0,95.0,80.0,65.0,45.0
919,43.0,42.0,29.0,55.0,63.0,43.0,41.0
920,89.0,57.0,20.0,45.0,49.0,99.0,85.0
921,123.0,108.0,68.0,79.0,84.0,96.0,99.0
922,87.0,87.0,137.0,96.0,92.0,96.0,75.0
923,83.0,118.0,56.0,111.0,117.0,74.0,62.0
924,123.0,107.0,118.0,102.0,114.0,125.0,133.0
925,90.0,101.0,23.0,29.0,38.0,86.0,128.0
926,86.0,135.0,110.0,99.0,104.0,83.0,81.0
927,73.0,98.0,145.0,77.0,101.0,62.0,51.0
928,117.0,124.0,131.0,128.0,147.0,118.0,144.0
929,45.0,68.0,58.0,64.0,72.0,40.0,53.0
930,66.0,59.0,48.0,48.0,56.0,60.0,60.0
931,131.0,121.0,103.0,111.0,107.0,133.0,184.0
932,57.0,47.0,31.0,54.0,41.0,60.0,58.0
933,56.0,45.0,43.0,66.0,71.0,65.0,78.0
934,688.0,773.0,825.0,900.0,902.0,747.0,606.0
935,126.0,152.0,49.0,86.0,22.0,121.0,157.0
936,49.0,46.0,77.0,73.0,82.0,27.0,41.0
937,63.0,99.0,153.0,153.0,121.0,66.0,73.0
938,67.0,38.0,49.0,42.0,75.0,79.0,56.0
939,121.0,102.0,116.0,75.0,93.0,114.0,122.0
940,92.0,85.0,96.0,93.0,103.0,80.0,93.0
941,55.0,85.0,112.0,72.0,39.0,45.0,41.0
942,52.0,47.0,49.0,48.0,48.0,46.0,34.0
943,59.0,56.0,117.0,127.0,113.0,60.0,72.0
944,46.0,68.0,25.0,18.0,46.0,33.0,40.0
945,47.0,72.0,58.0,77.0,83.0,51.0,49.0
946,152.0,158.0,130.0,123.0,135.0,116.0,124.0
947,85.0,67.0,71.0,58.0,69.0,72.0,93.0
948,77.0,73.0,52.0,75.0,76.0,63.0,85.0
949,74.0,65.0,45.0,61.0,81.0,72.0,67.0
950,131.0,137.0,120.0,150.0,147.0,175.0,148.0
951,133.0,146.0,151.0,192.0,199.0,152.0,133.0
952,85.0,112.0,104.0,63.0,50.0,94.0,97.0
953,158.0,114.0,77.0,139.0,157.0,136.0,132.0
954,107.0,112.0,70.0,88.0,98.0,132.0,135.0
955,110.0,119.0,177.0,114.0,98.0,107.0,93.0
956,50.0,52.0,102.0,85.0,89.0,68.0,65.0
957,217.0,238.0,463.0,296.0,302.0,224.0,163.0
958,150.0,144.0,39.0,59.0,72.0,166.0,150.0
959,176.0,200.0,199.0,232.0,246.0,219.0,217.0
960,99.0,102.0,35.0,39.0,56.0,83.0,104.0
961,310.0,330.0,292.0,285.0,255.0,254.0,258.0
962,63.0,53.0,65.0,84.0,84.0,111.0,81.0
963,111.0,86.0,29.0,29.0,45.0,101.0,82.0
964,140.0,335.0,89.0,123.0,231.0,138.0,131.0
965,53.0,60.0,80.0,60.0,82.0,75.0,111.0
966,124.0,78.0,77.0,88.0,87.0,115.0,120.0
967,78.0,92.0,55.0,73.0,77.0,97.0,84.0
968,105.0,99.0,82.0,94.0,112.0,103.0,123.0
969,113.0,106.0,135.0,141.0,136.0,112.0,102.0
970,130.0,136.0,47.0,49.0,51.0,103.0,131.0
971,135.0,133.0,163.0,129.0,143.0,118.0,102.0
972,170.0,179.0,144.0,178.0,174.0,148.0,167.0
973,180.0,206.0,215.0,159.0,197.0,161.0,192.0
974,100.0,77.0,29.0,57.0,59.0,67.0,103.0
975,123.0,116.0,62.0,78.0,112.0,101.0,119.0
976,97.0,123.0,67.0,86.0,79.0,78.0,97.0
977,86.0,101.0,77.0,74.0,98.0,92.0,85.0
978,131.0,138.0,93.0,125.0,131.0,135.0,174.0
979,118.0,129.0,131.0,134.0,160.0,132.0,118.0
980,87.0,112.0,109.0,121.0,106.0,78.0,74.0
981,62.0,234.0,179.0,121.0,208.0,86.0,49.0
982,98.0,96.0,61.0,90.0,78.0,74.0,86.0
983,76.0,40.0,86.0,69.0,65.0,82.0,73.0
984,68.0,95.0,130.0,122.0,130.0,83.0,75.0
985,268.0,281.0,158.0,167.0,153.0,255.0,299.0
986,75.0,95.0,60.0,60.0,59.0,60.0,77.0
987,86.0,56.0,18.0,29.0,39.0,65.0,93.0
988,291.0,360.0,414.0,440.0,457.0,343.0,292.0
989,154.0,143.0,67.0,85.0,117.0,164.0,163.0
990,97.0,143.0,178.0,216.0,226.0,118.0,89.0
991,88.0,130.0,162.0,136.0,132.0,100.0,94.0
992,116.0,90.0,31.0,26.0,61.0,112.0,114.0
993,66.0,50.0,33.0,46.0,40.0,70.0,61.0
994,71.0,99.0,134.0,151.0,127.0,87.0,74.0
995,98.0,121.0,202.0,116.0,109.0,135.0,137.0
996,74.0,59.0,70.0,44.0,38.0,61.0,75.0
997,129.0,107.0,97.0,96.0,123.0,107.0,115.0
998,142.0,163.0,267.0,205.0,238.0,179.0,130.0
999,269.0,289.0,71.0,89.0,75.0,237.0,257.0
1000,81.0,81.0,125.0,129.0,127.0,92.0,75.0
1001,33.0,27.0,65.0,57.0,55.0,26.0,22.0
1002,55.0,68.0,103.0,103.0,67.0,39.0,40.0
1003,57.0,74.0,76.0,83.0,77.0,51.0,58.0
1004,136.0,120.0,94.0,60.0,86.0,127.0,158.0
1005,73.0,65.0,49.0,64.0,78.0,98.0,134.0
1006,68.0,90.0,114.0,80.0,74.0,64.0,46.0
1007,98.0,88.0,101.0,100.0,131.0,103.0,129.0
1008,59.0,55.0,72.0,71.0,94.0,44.0,58.0
1009,36.0,60.0,60.0,97.0,87.0,77.0,52.0
1010,38.0,50.0,32.0,58.0,62.0,62.0,46.0
1011,109.0,129.0,89.0,102.0,101.0,91.0,105.0
1012,170.0,140.0,128.0,135.0,155.0,149.0,166.0
1013,121.0,180.0,65.0,63.0,51.0,145.0,139.0
1014,69.0,66.0,29.0,56.0,59.0,71.0,65.0
1015,61.0,63.0,93.0,72.0,76.0,81.0,92.0
1016,42.0,77.0,67.0,46.0,71.0,52.0,51.0
1017,140.0,168.0,203.0,147.0,207.0,133.0,140.0
1018,368.0,409.0,732.0,527.0,572.0,338.0,299.0
1019,126.0,118.0,128.0,114.0,133.0,100.0,117.0
1020,69.0,74.0,52.0,51.0,40.0,63.0,81.0
1021,116.0,87.0,117.0,122.0,132.0,104.0,100.0
1022,93.0,79.0,67.0,101.0,115.0,107.0,80.0
1023,37.0,45.0,64.0,68.0,62.0,40.0,30.0
1024,92.0,91.0,71.0,90.0,72.0,74.0,70.0
1025,162.0,177.0,166.0,179.0,164.0,129.0,115.0
1026,95.0,119.0,160.0,109.0,137.0,114.0,108.0
1027,96.0,112.0,143.0,148.0,143.0,131.0,124.0
1028,97.0,100.0,20.0,25.0,41.0,83.0,85.0
1029,76.0,77.0,18.0,33.0,35.0,83.0,70.0
1030,132.0,116.0,26.0,34.0,43.0,91.0,131.0
1031,38.0,50.0,78.0,69.0,61.0,44.0,39.0
1032,39.0,55.0,41.0,79.0,53.0,66.0,45.0
1033,59.0,67.0,97.0,58.0,62.0,55.0,48.0
1034,83.0,107.0,62.0,105.0,66.0,70.0,86.0
1035,160.0,171.0,184.0,274.0,229.0,143.0,128.0
1036,100.0,91.0,123.0,116.0,117.0,91.0,88.0
1037,62.0,88.0,148.0,99.0,92.0,75.0,53.0
1038,139.0,153.0,150.0,195.0,215.0,199.0,157.0
1039,322.0,441.0,341.0,311.0,298.0,327.0,302.0
1040,47.0,62.0,73.0,83.0,85.0,42.0,39.0
1041,146.0,210.0,208.0,232.0,230.0,176.0,157.0
1042,111.0,129.0,164.0,139.0,139.0,89.0,115.0
1043,159.0,220.0,208.0,181.0,201.0,163.0,147.0
1044,55.0,94.0,162.0,138.0,126.0,70.0,49.0
1045,107.0,124.0,210.0,162.0,141.0,111.0,120.0
1046,77.0,79.0,66.0,57.0,56.0,49.0,54.0
1047,86.0,80.0,30.0,72.0,52.0,52.0,102.0
1048,48.0,50.0,41.0,44.0,36.0,53.0,59.0
1049,106.0,122.0,83.0,84.0,60.0,88.0,111.0
1050,63.0,39.0,18.0,33.0,63.0,67.0,75.0
1051,29.0,32.0,55.0,47.0,83.0,57.0,89.0
1052,266.0,290.0,341.0,402.0,454.0,313.0,257.0
1053,65.0,80.0,104.0,74.0,76.0,88.0,92.0
1054,74.0,67.0,25.0,48.0,78.0,68.0,71.0
1055,78.0,108.0,118.0,95.0,103.0,70.0,64.0
1056,54.0,77.0,58.0,86.0,97.0,71.0,76.0
1057,91.0,73.0,58.0,86.0,104.0,98.0,103.0
1058,92.0,93.0,32.0,54.0,69.0,73.0,72.0
1059,82.0,103.0,147.0,95.0,111.0,112.0,87.0
1060,166.0,158.0,106.0,71.0,111.0,152.0,153.0
1061,144.0,179.0,147.0,136.0,163.0,143.0,129.0
1062,71.0,100.0,70.0,91.0,68.0,75.0,68.0
1063,60.0,82.0,132.0,68.0,51.0,58.0,29.0
1064,44.0,64.0,29.0,59.0,60.0,63.0,58.0
1065,82.0,94.0,57.0,75.0,73.0,94.0,102.0
1066,180.0,212.0,143.0,157.0,140.0,136.0,164.0
1067,96.0,166.0,91.0,53.0,93.0,146.0,126.0
1068,62.0,76.0,33.0,29.0,36.0,36.0,46.0
1069,155.0,222.0,338.0,198.0,158.0,127.0,110.0
1070,43.0,59.0,59.0,52.0,39.0,54.0,41.0
1071,341.0,356.0,238.0,439.0,428.0,464.0,463.0
1072,699.0,385.0,213.0,195.0,306.0,474.0,522.0
1073,52.0,50.0,55.0,56.0,54.0,52.0,57.0
1074,76.0,155.0,172.0,217.0,183.0,88.0,73.0
1075,58.0,63.0,82.0,64.0,69.0,44.0,49.0
1076,102.0,61.0,69.0,98.0,126.0,102.0,79.0
1077,39.0,66.0,45.0,39.0,38.0,44.0,42.0
1078,50.0,37.0,23.0,38.0,53.0,51.0,45.0
1079,69.0,87.0,41.0,64.0,57.0,65.0,79.0
1080,55.0,75.0,67.0,67.0,69.0,60.0,40.0
1081,86.0,76.0,97.0,67.0,50.0,80.0,55.0
1082,50.0,46.0,38.0,45.0,50.0,62.0,53.0
1083,102.0,74.0,85.0,59.0,90.0,50.0,91.0
1084,115.0,100.0,121.0,160.0,174.0,94.0,88.0
1085,103.0,138.0,323.0,221.0,194.0,110.0,92.0
1086,73.0,50.0,74.0,65.0,60.0,69.0,66.0
1087,41.0,72.0,151.0,134.0,120.0,80.0,46.0
1088,63.0,84.0,78.0,73.0,78.0,77.0,70.0
1089,39.0,36.0,53.0,68.0,62.0,45.0,32.0
1090,400.0,352.0,120.0,170.0,182.0,465.0,405.0
1091,63.0,72.0,34.0,49.0,75.0,77.0,60.0
1092,146.0,141.0,116.0,172.0,159.0,107.0,128.0
1093,188.0,167.0,6.0,8.0,15.0,151.0,157.0
1094,143.0,141.0,135.0,202.0,169.0,112.0,110.0
1095,102.0,137.0,175.0,171.0,139.0,92.0,108.0
1096,88.0,88.0,35.0,71.0,68.0,92.0,117.0
1097,0.0,0.0,0.0,0.0,0.0,0.0,0.0
1098,226.0,178.0,255.0,0.0,207.0,191.0,198.0
1099,106.0,133.0,74.0,88.0,106.0,108.0,75.0
1100,33.0,38.0,66.0,110.0,135.0,46.0,32.0
1101,117.0,102.0,143.0,138.0,148.0,78.0,91.0
1102,131.0,157.0,198.0,191.0,144.0,117.0,113.0
1103,49.0,71.0,65.0,32.0,32.0,35.0,37.0
1104,242.0,285.0,403.0,351.0,460.0,257.0,221.0
1105,110.0,102.0,79.0,103.0,104.0,88.0,84.0
1106,117.0,95.0,47.0,39.0,37.0,63.0,79.0
1107,45.0,37.0,31.0,59.0,76.0,55.0,33.0
1108,73.0,77.0,140.0,139.0,165.0,79.0,80.0
1109,151.0,173.0,161.0,143.0,143.0,133.0,142.0
1110,215.0,177.0,52.0,112.0,134.0,189.0,169.0
1111,57.0,72.0,61.0,40.0,63.0,57.0,75.0
1112,89.0,76.0,0.0,53.0,55.0,65.0,68.0
1113,144.0,145.0,183.0,204.0,185.0,173.0,155.0
1114,188.0,183.0,63.0,68.0,98.0,183.0,189.0
1115,57.0,50.0,12.0,33.0,49.0,38.0,56.0
1116,153.0,139.0,99.0,120.0,115.0,200.0,303.0
1117,221.0,185.0,185.0,205.0,175.0,210.0,207.0
1118,69.0,103.0,147.0,197.0,149.0,72.0,77.0
1119,55.0,72.0,44.0,53.0,79.0,53.0,66.0
1120,0.0,0.0,0.0,0.0,0.0,0.0,26.0
1121,124.0,104.0,106.0,244.0,210.0,176.0,156.0
1122,80.0,88.0,104.0,95.0,93.0,111.0,95.0
1123,502.0,657.0,838.0,684.0,708.0,481.0,458.0
1124,32.0,40.0,81.0,90.0,61.0,24.0,13.0
1125,264.0,506.0,415.0,244.0,320.0,206.0,192.0
1126,101.0,114.0,105.0,98.0,108.0,81.0,78.0
1127,67.0,86.0,118.0,146.0,103.0,80.0,84.0
1128,60.0,128.0,128.0,73.0,78.0,44.0,57.0
1129,77.0,122.0,120.0,130.0,115.0,101.0,84.0
1130,99.0,96.0,61.0,73.0,96.0,109.0,111.0
1131,218.0,198.0,42.0,62.0,125.0,235.0,231.0
1132,69.0,60.0,60.0,61.0,63.0,61.0,70.0
1133,50.0,60.0,56.0,43.0,44.0,55.0,60.0
1134,68.0,68.0,87.0,78.0,81.0,43.0,56.0
1135,136.0,165.0,165.0,144.0,202.0,121.0,138.0
1136,136.0,148.0,162.0,159.0,194.0,176.0,174.0
1137,64.0,77.0,89.0,63.0,74.0,52.0,71.0
1138,80.0,77.0,33.0,38.0,47.0,59.0,52.0
1139,0.0,0.0,0.0,0.0,0.0,0.0,0.0
1140,160.0,188.0,34.0,55.0,47.0,148.0,170.0
1141,80.0,84.0,61.0,82.0,88.0,82.0,82.0
1142,50.0,75.0,173.0,165.0,140.0,64.0,65.0
1143,56.0,84.0,132.0,129.0,104.0,90.0,61.0
1144,78.0,97.0,94.0,92.0,110.0,78.0,69.0
1145,62.0,46.0,35.0,48.0,56.0,45.0,54.0
1146,214.0,198.0,279.0,203.0,202.0,208.0,187.0
1147,411.0,425.0,176.0,235.0,351.0,407.0,441.0
1148,91.0,131.0,0.0,0.0,0.0,11.0,33.0
1149,56.0,52.0,60.0,47.0,48.0,62.0,46.0
1150,307.0,318.0,381.0,336.0,423.0,340.0,321.0
1151,135.0,147.0,75.0,91.0,91.0,105.0,122.0
1152,124.0,126.0,141.0,170.0,206.0,160.0,141.0
1153,227.0,231.0,88.0,147.0,176.0,164.0,188.0
1154,44.0,38.0,30.0,38.0,43.0,53.0,40.0
1155,34.0,34.0,27.0,47.0,39.0,47.0,55.0
1156,69.0,108.0,111.0,79.0,77.0,75.0,75.0
1157,83.0,70.0,25.0,55.0,46.0,49.0,75.0
1158,56.0,69.0,66.0,54.0,52.0,64.0,54.0
1159,59.0,66.0,99.0,100.0,105.0,84.0,73.0
1160,71.0,48.0,37.0,40.0,55.0,59.0,52.0
1161,77.0,168.0,0.0,0.0,0.0,0.0,0.0
1162,53.0,54.0,64.0,78.0,95.0,67.0,64.0
1163,86.0,72.0,9.0,0.0,41.0,90.0,112.0
1164,67.0,94.0,23.0,29.0,35.0,77.0,82.0
1165,62.0,84.0,45.0,51.0,88.0,70.0,64.0
1166,75.0,86.0,80.0,105.0,120.0,86.0,91.0
1167,90.0,110.0,115.0,119.0,118.0,90.0,94.0
1168,173.0,205.0,381.0,261.0,268.0,149.0,147.0
1169,90.0,128.0,161.0,159.0,125.0,193.0,134.0
1170,36.0,46.0,59.0,64.0,59.0,61.0,44.0
1171,58.0,75.0,150.0,112.0,112.0,34.0,62.0
1172,41.0,55.0,0.0,0.0,66.0,91.0,57.0
1173,88.0,97.0,61.0,102.0,126.0,84.0,85.0
1174,174.0,172.0,53.0,61.0,81.0,152.0,147.0
1175,170.0,186.0,183.0,218.0,186.0,146.0,153.0
1176,99.0,127.0,112.0,172.0,137.0,115.0,87.0
1177,78.0,90.0,83.0,95.0,112.0,101.0,90.0
1178,265.0,181.0,10.0,61.0,37.0,217.0,249.0
1179,46.0,105.0,45.0,65.0,59.0,84.0,62.0
1180,110.0,113.0,173.0,205.0,170.0,123.0,93.0
1181,138.0,134.0,176.0,183.0,179.0,145.0,123.0
1182,43.0,60.0,73.0,88.0,78.0,46.0,48.0
1183,55.0,51.0,62.0,68.0,69.0,66.0,65.0
1184,95.0,113.0,150.0,139.0,171.0,97.0,104.0
1185,139.0,127.0,81.0,94.0,102.0,164.0,172.0
1186,79.0,69.0,73.0,75.0,77.0,75.0,102.0
1187,76.0,107.0,134.0,110.0,109.0,64.0,52.0
1188,111.0,137.0,108.0,108.0,144.0,128.0,141.0
1189,66.0,57.0,23.0,60.0,58.0,64.0,86.0
1190,393.0,392.0,391.0,371.0,439.0,352.0,318.0
1191,63.0,51.0,40.0,41.0,38.0,39.0,57.0
1192,61.0,69.0,102.0,64.0,72.0,67.0,77.0
1193,102.0,134.0,64.0,66.0,86.0,102.0,85.0
1194,108.0,146.0,158.0,154.0,160.0,132.0,112.0
1195,53.0,59.0,151.0,132.0,124.0,96.0,49.0
1196,99.0,137.0,155.0,132.0,136.0,115.0,82.0
1197,154.0,168.0,138.0,165.0,136.0,108.0,119.0
1198,67.0,81.0,49.0,69.0,70.0,77.0,83.0
1199,153.0,156.0,39.0,43.0,46.0,125.0,148.0
1200,56.0,72.0,53.0,63.0,47.0,70.0,65.0
1201,155.0,171.0,190.0,179.0,222.0,131.0,139.0
1202,40.0,64.0,77.0,95.0,63.0,39.0,35.0
1203,133.0,175.0,289.0,280.0,308.0,163.0,123.0
1204,96.0,98.0,202.0,201.0,175.0,117.0,73.0
1205,50.0,57.0,21.0,94.0,86.0,130.0,97.0
1206,45.0,58.0,84.0,57.0,68.0,47.0,47.0
1207,69.0,83.0,101.0,93.0,94.0,76.0,55.0
1208,93.0,95.0,127.0,181.0,129.0,95.0,81.0
1209,47.0,49.0,77.0,77.0,60.0,55.0,51.0
1210,52.0,76.0,98.0,87.0,76.0,56.0,68.0
1211,188.0,234.0,321.0,336.0,402.0,194.0,184.0
1212,74.0,50.0,94.0,62.0,89.0,34.0,60.0
1213,261.0,237.0,67.0,58.0,64.0,180.0,187.0
1214,79.0,68.0,6.0,7.0,7.0,78.0,86.0
1215,56.0,53.0,96.0,77.0,69.0,59.0,42.0
1216,83.0,68.0,35.0,47.0,52.0,81.0,72.0
1217,160.0,333.0,210.0,113.0,230.0,188.0,145.0
1218,206.0,169.0,61.0,56.0,53.0,157.0,149.0
1219,60.0,80.0,88.0,103.0,74.0,47.0,36.0
1220,256.0,271.0,80.0,72.0,60.0,168.0,239.0
1221,151.0,157.0,106.0,136.0,139.0,121.0,127.0
1222,57.0,59.0,70.0,82.0,77.0,70.0,66.0
1223,154.0,137.0,66.0,95.0,79.0,118.0,147.0
1224,97.0,222.0,108.0,96.0,186.0,110.0,98.0
1225,77.0,56.0,15.0,31.0,39.0,60.0,60.0
1226,451.0,550.0,581.0,614.0,601.0,483.0,429.0
1227,107.0,78.0,104.0,84.0,121.0,132.0,120.0
1228,121.0,152.0,124.0,123.0,143.0,117.0,119.0
1229,533.0,428.0,300.0,459.0,633.0,531.0,572.0
1230,49.0,52.0,49.0,49.0,53.0,54.0,51.0
1231,135.0,193.0,257.0,206.0,150.0,109.0,136.0
1232,54.0,59.0,38.0,43.0,38.0,44.0,51.0
1233,49.0,65.0,111.0,73.0,66.0,53.0,50.0
1234,29.0,28.0,87.0,68.0,67.0,24.0,31.0
1235,69.0,69.0,54.0,74.0,92.0,69.0,84.0
1236,95.0,94.0,137.0,110.0,134.0,133.0,149.0
1237,64.0,81.0,58.0,74.0,63.0,57.0,69.0
1238,108.0,114.0,67.0,78.0,100.0,45.0,100.0
1239,85.0,70.0,46.0,70.0,70.0,58.0,65.0
1240,209.0,146.0,208.0,0.0,157.0,188.0,160.0
1241,56.0,65.0,45.0,92.0,125.0,56.0,38.0
1242,78.0,71.0,72.0,79.0,84.0,72.0,57.0
1243,69.0,20.0,0.0,0.0,0.0,0.0,0.0
1244,196.0,202.0,180.0,157.0,151.0,131.0,148.0
1245,89.0,70.0,53.0,77.0,88.0,70.0,78.0
1246,51.0,81.0,171.0,178.0,132.0,93.0,54.0
1247,105.0,102.0,37.0,78.0,89.0,78.0,90.0
1248,90.0,95.0,91.0,87.0,115.0,114.0,94.0
1249,224.0,208.0,99.0,30.0,157.0,213.0,231.0
1250,215.0,225.0,62.0,83.0,98.0,149.0,113.0
1251,45.0,64.0,61.0,72.0,79.0,77.0,70.0
1252,145.0,272.0,164.0,204.0,191.0,142.0,126.0
1253,68.0,74.0,111.0,66.0,89.0,56.0,70.0
1254,60.0,79.0,111.0,76.0,64.0,53.0,54.0
1255,36.0,65.0,78.0,54.0,99.0,50.0,46.0
1256,254.0,200.0,256.0,250.0,194.0,219.0,222.0
1257,0.0,0.0,0.0,0.0,0.0,0.0,0.0
1258,233.0,257.0,154.0,239.0,269.0,319.0,343.0
1259,64.0,62.0,59.0,58.0,68.0,67.0,72.0
1260,81.0,79.0,67.0,76.0,84.0,88.0,80.0
1261,107.0,88.0,32.0,44.0,45.0,106.0,102.0
1262,82.0,78.0,48.0,58.0,73.0,72.0,79.0
1263,294.0,427.0,480.0,329.0,387.0,369.0,326.0
1264,137.0,145.0,219.0,151.0,144.0,102.0,108.0
1265,84.0,80.0,55.0,69.0,69.0,72.0,66.0
1266,71.0,79.0,142.0,105.0,88.0,81.0,92.0
1267,132.0,145.0,229.0,141.0,194.0,108.0,124.0
1268,403.0,373.0,212.0,256.0,310.0,357.0,362.0
1269,0.0,0.0,0.0,0.0,0.0,0.0,0.0
1270,52.0,107.0,216.0,163.0,110.0,62.0,100.0
1271,187.0,179.0,174.0,199.0,213.0,211.0,171.0
1272,80.0,60.0,35.0,44.0,59.0,66.0,71.0
1273,169.0,147.0,89.0,111.0,128.0,143.0,128.0
1274,87.0,68.0,48.0,42.0,74.0,83.0,80.0
1275,156.0,297.0,281.0,135.0,211.0,140.0,111.0
1276,128.0,115.0,31.0,66.0,62.0,113.0,129.0
1277,49.0,79.0,63.0,275.0,97.0,57.0,58.0
1278,44.0,50.0,100.0,128.0,118.0,50.0,42.0
1279,119.0,115.0,114.0,98.0,104.0,99.0,84.0
1280,47.0,82.0,78.0,80.0,77.0,96.0,54.0
1281,91.0,60.0,61.0,94.0,93.0,82.0,69.0
1282,86.0,98.0,32.0,58.0,61.0,91.0,88.0
1283,231.0,283.0,309.0,249.0,290.0,217.0,214.0
1284,82.0,98.0,106.0,62.0,98.0,82.0,72.0
1285,131.0,122.0,68.0,133.0,151.0,131.0,111.0
1286,211.0,323.0,215.0,76.0,86.0,54.0,82.0
1287,151.0,140.0,111.0,111.0,134.0,147.0,119.0
1288,56.0,82.0,42.0,105.0,116.0,91.0,71.0
1289,56.0,71.0,71.0,77.0,61.0,52.0,45.0
1290,79.0,82.0,101.0,111.0,86.0,77.0,58.0
1291,53.0,82.0,122.0,124.0,84.0,37.0,51.0
1292,183.0,270.0,211.0,223.0,279.0,199.0,152.0
1293,161.0,212.0,133.0,129.0,132.0,140.0,147.0
1294,55.0,47.0,88.0,87.0,71.0,63.0,65.0
1295,56.0,59.0,52.0,45.0,65.0,49.0,43.0
1296,0.0,0.0,0.0,0.0,0.0,0.0,0.0
1297,214.0,226.0,219.0,272.0,223.0,173.0,194.0
1298,152.0,127.0,105.0,144.0,189.0,130.0,132.0
1299,182.0,197.0,91.0,102.0,90.0,144.0,144.0
1300,73.0,65.0,84.0,84.0,103.0,76.0,56.0
1301,90.0,103.0,103.0,114.0,123.0,98.0,75.0
1302,506.0,809.0,1354.0,887.0,962.0,518.0,489.0
1303,170.0,125.0,74.0,111.0,137.0,176.0,153.0
1304,136.0,137.0,274.0,144.0,110.0,105.0,76.0
1305,15.0,33.0,16.0,26.0,39.0,45.0,51.0
1306,474.0,491.0,777.0,379.0,565.0,415.0,388.0
1307,44.0,53.0,69.0,47.0,45.0,66.0,56.0
1308,134.0,244.0,181.0,207.0,277.0,308.0,295.0
1309,341.0,359.0,238.0,235.0,240.0,243.0,302.0
1310,257.0,315.0,343.0,326.0,358.0,266.0,248.0
1311,61.0,110.0,0.0,0.0,123.0,89.0,76.0
1312,111.0,98.0,87.0,93.0,77.0,85.0,107.0
1313,42.0,43.0,78.0,91.0,69.0,39.0,62.0
1314,144.0,177.0,146.0,168.0,164.0,125.0,155.0
1315,201.0,196.0,266.0,230.0,243.0,183.0,201.0
1316,56.0,75.0,63.0,92.0,86.0,57.0,54.0
1317,101.0,85.0,60.0,75.0,91.0,98.0,82.0
1318,59.0,51.0,42.0,202.0,166.0,104.0,63.0
1319,57.0,60.0,25.0,49.0,64.0,57.0,48.0
1320,91.0,97.0,27.0,31.0,22.0,78.0,90.0
1321,61.0,60.0,50.0,58.0,83.0,78.0,62.0
1322,127.0,140.0,267.0,279.0,237.0,146.0,138.0
1323,36.0,33.0,19.0,37.0,34.0,21.0,50.0
1324,223.0,210.0,55.0,66.0,130.0,175.0,160.0
1325,141.0,204.0,231.0,140.0,121.0,115.0,115.0
1326,425.0,577.0,575.0,504.0,522.0,454.0,423.0
1327,101.0,94.0,121.0,112.0,143.0,150.0,129.0
1328,50.0,61.0,78.0,64.0,64.0,47.0,46.0
1329,108.0,114.0,47.0,51.0,81.0,99.0,103.0
1330,69.0,53.0,43.0,46.0,47.0,61.0,42.0
1331,30.0,51.0,64.0,83.0,76.0,37.0,27.0
1332,130.0,107.0,184.0,341.0,269.0,158.0,129.0
1333,73.0,52.0,44.0,36.0,61.0,86.0,65.0
1334,48.0,80.0,78.0,99.0,81.0,60.0,78.0
1335,100.0,59.0,210.0,234.0,213.0,106.0,72.0
1336,60.0,59.0,47.0,41.0,63.0,66.0,60.0
1337,32.0,59.0,83.0,135.0,104.0,32.0,35.0
1338,115.0,122.0,102.0,146.0,113.0,119.0,131.0
1339,129.0,141.0,205.0,199.0,223.0,181.0,136.0
1340,131.0,112.0,72.0,70.0,83.0,139.0,124.0
1341,119.0,105.0,119.0,140.0,156.0,119.0,100.0
1342,85.0,121.0,155.0,176.0,149.0,97.0,107.0
1343,0.0,85.0,73.0,86.0,96.0,95.0,116.0
1344,166.0,165.0,333.0,212.0,246.0,164.0,150.0
1345,45.0,72.0,116.0,117.0,116.0,77.0,90.0
1346,945.0,1194.0,1619.0,1274.0,1252.0,1042.0,930.0
1347,85.0,105.0,90.0,113.0,116.0,75.0,67.0
1348,102.0,116.0,98.0,120.0,129.0,96.0,110.0
1349,112.0,127.0,92.0,84.0,112.0,105.0,106.0
1350,448.0,462.0,291.0,572.0,474.0,314.0,434.0
1351,62.0,82.0,118.0,130.0,119.0,64.0,75.0
1352,58.0,49.0,73.0,62.0,53.0,48.0,49.0
1353,382.0,349.0,81.0,99.0,96.0,363.0,410.0
1354,218.0,160.0,124.0,212.0,209.0,216.0,224.0
1355,355.0,411.0,227.0,268.0,317.0,329.0,348.0
1356,127.0,158.0,167.0,212.0,173.0,147.0,123.0
1357,139.0,212.0,207.0,215.0,183.0,160.0,144.0
1358,192.0,279.0,336.0,280.0,306.0,238.0,187.0
1359,58.0,57.0,75.0,97.0,68.0,41.0,26.0
1360,60.0,46.0,47.0,51.0,90.0,74.0,51.0
1361,178.0,145.0,49.0,71.0,72.0,146.0,161.0
1362,60.0,68.0,57.0,78.0,99.0,47.0,36.0
1363,97.0,129.0,75.0,73.0,58.0,88.0,81.0
1364,50.0,74.0,147.0,127.0,111.0,53.0,55.0
1365,362.0,354.0,180.0,228.0,280.0,289.0,322.0
1366,151.0,182.0,0.0,25.0,21.0,143.0,159.0
1367,73.0,172.0,106.0,99.0,133.0,72.0,56.0
1368,108.0,122.0,98.0,96.0,87.0,99.0,126.0
1369,35.0,49.0,49.0,57.0,63.0,57.0,48.0
1370,164.0,185.0,150.0,198.0,153.0,143.0,160.0
1371,128.0,119.0,11.0,32.0,33.0,124.0,109.0
1372,1257.0,1016.0,72.0,128.0,193.0,1155.0,1209.0
1373,411.0,536.0,739.0,576.0,615.0,441.0,316.0
1374,26.0,62.0,46.0,45.0,41.0,42.0,57.0
1375,88.0,65.0,35.0,38.0,54.0,62.0,64.0
1376,86.0,129.0,162.0,107.0,135.0,92.0,52.0
1377,184.0,219.0,206.0,213.0,265.0,153.0,129.0
1378,78.0,99.0,48.0,58.0,66.0,67.0,76.0
1379,273.0,281.0,140.0,148.0,172.0,254.0,249.0
1380,77.0,92.0,74.0,76.0,85.0,69.0,63.0
1381,180.0,170.0,217.0,185.0,168.0,132.0,151.0
1382,80.0,75.0,58.0,57.0,65.0,92.0,51.0
1383,136.0,141.0,82.0,93.0,102.0,99.0,169.0
1384,5.0,18.0,178.0,163.0,47.0,32.0,19.0
1385,56.0,79.0,55.0,64.0,55.0,73.0,78.0
1386,60.0,66.0,36.0,65.0,88.0,62.0,81.0
1387,80.0,103.0,225.0,228.0,277.0,92.0,84.0
1388,51.0,79.0,97.0,105.0,99.0,72.0,75.0
1389,104.0,114.0,117.0,122.0,106.0,82.0,86.0
1390,34.0,55.0,116.0,124.0,98.0,59.0,50.0
1391,112.0,102.0,0.0,0.0,0.0,155.0,160.0
1392,251.0,260.0,154.0,177.0,192.0,232.0,269.0
1393,54.0,77.0,50.0,101.0,80.0,57.0,51.0
1394,472.0,391.0,227.0,268.0,289.0,438.0,401.0
1395,106.0,104.0,123.0,100.0,100.0,100.0,104.0
1396,372.0,338.0,338.0,310.0,324.0,335.0,294.0
1397,185.0,263.0,355.0,290.0,279.0,214.0,156.0
1398,29.0,55.0,91.0,117.0,86.0,53.0,48.0
1399,110.0,263.0,119.0,104.0,182.0,123.0,94.0
1400,104.0,106.0,56.0,89.0,99.0,131.0,149.0
1401,69.0,110.0,66.0,86.0,62.0,77.0,91.0
1402,104.0,79.0,31.0,50.0,62.0,89.0,72.0
1403,117.0,144.0,233.0,195.0,188.0,131.0,109.0
1404,130.0,162.0,85.0,111.0,131.0,171.0,105.0
1405,81.0,72.0,48.0,47.0,84.0,74.0,78.0
1406,65.0,76.0,43.0,51.0,77.0,71.0,50.0
1407,97.0,85.0,27.0,52.0,64.0,87.0,107.0
1408,56.0,57.0,34.0,47.0,45.0,46.0,58.0
1409,267.0,215.0,182.0,150.0,210.0,195.0,216.0
1410,97.0,163.0,89.0,128.0,140.0,116.0,114.0
1411,143.0,172.0,126.0,120.0,162.0,150.0,159.0
1412,119.0,125.0,248.0,259.0,220.0,129.0,95.0
1413,82.0,93.0,35.0,61.0,70.0,71.0,100.0
1414,57.0,56.0,79.0,58.0,63.0,48.0,62.0
1415,75.0,65.0,75.0,70.0,81.0,77.0,87.0
1416,36.0,63.0,83.0,121.0,93.0,51.0,45.0
1417,166.0,227.0,195.0,145.0,160.0,186.0,171.0
1418,97.0,82.0,52.0,86.0,106.0,102.0,103.0
1419,126.0,104.0,79.0,91.0,96.0,123.0,150.0
1420,235.0,195.0,43.0,77.0,99.0,272.0,218.0
1421,140.0,154.0,145.0,114.0,128.0,151.0,128.0
1422,98.0,106.0,102.0,120.0,122.0,124.0,129.0
1423,98.0,149.0,195.0,131.0,106.0,93.0,91.0
1424,107.0,170.0,138.0,183.0,242.0,134.0,127.0
1425,64.0,64.0,37.0,63.0,64.0,72.0,83.0
1426,676.0,593.0,76.0,125.0,123.0,527.0,557.0
1427,170.0,195.0,196.0,204.0,204.0,194.0,193.0
1428,67.0,97.0,122.0,128.0,84.0,48.0,44.0
1429,142.0,152.0,51.0,118.0,115.0,101.0,141.0
1430,73.0,72.0,36.0,32.0,37.0,65.0,91.0
1431,125.0,104.0,107.0,129.0,124.0,122.0,97.0
1432,298.0,436.0,415.0,340.0,420.0,298.0,264.0
1433,49.0,69.0,51.0,59.0,41.0,46.0,52.0
1434,443.0,439.0,244.0,356.0,425.0,388.0,146.0
1435,72.0,82.0,72.0,87.0,76.0,70.0,52.0
1436,302.0,378.0,380.0,312.0,376.0,218.0,275.0
1437,83.0,92.0,82.0,113.0,102.0,103.0,84.0
1438,167.0,180.0,185.0,205.0,182.0,141.0,145.0
1439,119.0,115.0,76.0,78.0,115.0,109.0,113.0
1440,170.0,201.0,216.0,158.0,174.0,139.0,129.0
1441,123.0,112.0,95.0,83.0,102.0,118.0,148.0
1442,34.0,26.0,33.0,38.0,39.0,42.0,35.0
1443,92.0,131.0,118.0,72.0,92.0,81.0,66.0
1444,37.0,86.0,161.0,155.0,124.0,56.0,56.0
1445,204.0,214.0,191.0,238.0,230.0,205.0,206.0
1446,247.0,249.0,101.0,165.0,137.0,156.0,57.0
1447,111.0,83.0,0.0,0.0,0.0,104.0,88.0
1448,40.0,51.0,48.0,63.0,58.0,53.0,34.0
1449,97.0,216.0,156.0,119.0,161.0,134.0,69.0
1450,62.0,63.0,92.0,90.0,98.0,46.0,54.0
1451,122.0,96.0,56.0,93.0,111.0,128.0,131.0
1452,49.0,55.0,75.0,68.0,83.0,51.0,48.0
1453,112.0,152.0,231.0,224.0,203.0,120.0,111.0
1454,116.0,113.0,128.0,114.0,124.0,136.0,129.0
1455,120.0,130.0,131.0,140.0,116.0,89.0,89.0
1456,102.0,101.0,89.0,87.0,115.0,84.0,89.0
1457,105.0,67.0,51.0,83.0,95.0,115.0,122.0
1458,60.0,85.0,78.0,85.0,96.0,66.0,78.0
1459,57.0,64.0,133.0,139.0,95.0,58.0,47.0
1460,41.0,72.0,117.0,112.0,104.0,56.0,46.0
1461,341.0,405.0,377.0,576.0,600.0,435.0,360.0
1462,159.0,148.0,57.0,81.0,118.0,153.0,169.0
1463,84.0,79.0,130.0,125.0,137.0,113.0,117.0
1464,0.0,0.0,0.0,0.0,0.0,0.0,0.0
1465,233.0,292.0,538.0,409.0,394.0,222.0,160.0
1466,117.0,198.0,173.0,116.0,126.0,118.0,121.0
1467,134.0,139.0,100.0,103.0,97.0,104.0,91.0
1468,85.0,77.0,173.0,201.0,222.0,159.0,127.0
1469,386.0,401.0,396.0,436.0,494.0,476.0,408.0
1470,64.0,106.0,177.0,131.0,120.0,74.0,75.0
1471,58.0,94.0,125.0,121.0,0.0,0.0,0.0
1472,253.0,282.0,179.0,357.0,379.0,333.0,284.0
1473,77.0,64.0,0.0,0.0,49.0,100.0,82.0
1474,140.0,143.0,97.0,162.0,242.0,185.0,133.0
1475,51.0,59.0,67.0,90.0,54.0,47.0,33.0
1476,74.0,78.0,125.0,84.0,70.0,48.0,64.0
1477,194.0,244.0,50.0,67.0,85.0,188.0,244.0
1478,151.0,128.0,55.0,120.0,139.0,211.0,225.0
1479,51.0,61.0,169.0,191.0,187.0,81.0,44.0
1480,93.0,114.0,48.0,63.0,55.0,79.0,62.0
1481,78.0,72.0,16.0,72.0,95.0,98.0,76.0
1482,93.0,147.0,153.0,111.0,132.0,157.0,90.0
1483,302.0,192.0,0.0,238.0,289.0,270.0,329.0
1484,182.0,244.0,254.0,211.0,201.0,181.0,178.0
1485,107.0,112.0,97.0,145.0,167.0,100.0,65.0
1486,70.0,54.0,60.0,48.0,38.0,52.0,46.0
1487,49.0,41.0,48.0,37.0,51.0,41.0,40.0
1488,127.0,128.0,113.0,104.0,129.0,145.0,156.0
1489,174.0,236.0,153.0,206.0,212.0,162.0,196.0
1490,124.0,185.0,196.0,136.0,110.0,92.0,98.0
1491,60.0,77.0,98.0,91.0,94.0,68.0,88.0
1492,75.0,52.0,46.0,41.0,67.0,108.0,52.0
1493,82.0,69.0,18.0,20.0,17.0,89.0,95.0
1494,125.0,213.0,14.0,9.0,46.0,120.0,150.0
1495,101.0,116.0,28.0,62.0,74.0,85.0,93.0
1496,143.0,160.0,146.0,140.0,178.0,144.0,105.0
1497,63.0,80.0,77.0,79.0,98.0,84.0,91.0
1498,64.0,71.0,109.0,87.0,88.0,52.0,57.0
1499,110.0,90.0,95.0,107.0,136.0,112.0,108.0
1500,185.0,248.0,272.0,189.0,196.0,157.0,155.0
1501,254.0,160.0,97.0,141.0,132.0,197.0,176.0
1502,155.0,136.0,98.0,110.0,110.0,155.0,170.0
1503,219.0,154.0,82.0,112.0,106.0,210.0,201.0
1504,109.0,99.0,46.0,56.0,69.0,97.0,97.0
1505,111.0,107.0,46.0,50.0,69.0,86.0,64.0
1506,68.0,126.0,130.0,100.0,75.0,73.0,67.0
1507,63.0,57.0,59.0,69.0,72.0,105.0,92.0
1508,43.0,59.0,95.0,91.0,97.0,45.0,29.0
1509,80.0,74.0,43.0,64.0,67.0,57.0,57.0
1510,38.0,44.0,48.0,45.0,45.0,48.0,78.0
1511,81.0,145.0,268.0,212.0,162.0,87.0,76.0
1512,126.0,297.0,111.0,137.0,142.0,88.0,52.0
1513,75.0,112.0,99.0,92.0,94.0,12.0,57.0
1514,141.0,115.0,46.0,47.0,73.0,94.0,139.0
1515,260.0,334.0,389.0,271.0,280.0,212.0,230.0
1516,71.0,79.0,48.0,82.0,63.0,59.0,82.0
1517,63.0,80.0,105.0,145.0,118.0,54.0,49.0
1518,89.0,113.0,153.0,109.0,110.0,81.0,71.0
1519,67.0,87.0,84.0,113.0,103.0,95.0,78.0
1520,71.0,76.0,78.0,85.0,72.0,77.0,97.0
1521,78.0,73.0,44.0,74.0,67.0,86.0,75.0
1522,135.0,169.0,92.0,97.0,110.0,119.0,156.0
1523,111.0,104.0,40.0,29.0,33.0,66.0,87.0
1524,184.0,181.0,149.0,155.0,149.0,139.0,159.0
1525,129.0,107.0,92.0,91.0,101.0,99.0,124.0
1526,0.0,0.0,0.0,0.0,0.0,0.0,0.0
1527,63.0,77.0,87.0,70.0,78.0,53.0,53.0
1528,290.0,247.0,176.0,222.0,278.0,592.0,434.0
1529,47.0,34.0,0.0,12.0,41.0,41.0,39.0
1530,73.0,55.0,51.0,61.0,70.0,53.0,70.0
1531,75.0,85.0,46.0,59.0,82.0,79.0,89.0
1532,84.0,109.0,22.0,28.0,49.0,64.0,88.0
1533,70.0,118.0,187.0,209.0,173.0,135.0,96.0
1534,87.0,92.0,77.0,117.0,81.0,92.0,90.0
1535,591.0,602.0,777.0,906.0,750.0,862.0,687.0
1536,104.0,136.0,98.0,124.0,167.0,115.0,94.0
1537,87.0,99.0,108.0,119.0,116.0,65.0,67.0
1538,132.0,164.0,202.0,133.0,168.0,114.0,84.0
1539,113.0,126.0,210.0,181.0,151.0,127.0,105.0
1540,116.0,590.0,285.0,204.0,391.0,169.0,100.0
1541,60.0,103.0,77.0,73.0,53.0,54.0,53.0
1542,57.0,49.0,102.0,94.0,65.0,70.0,73.0
1543,57.0,61.0,57.0,57.0,57.0,51.0,78.0
1544,204.0,180.0,402.0,221.0,258.0,192.0,178.0
1545,106.0,84.0,109.0,80.0,92.0,97.0,103.0
1546,234.0,304.0,274.0,94.0,61.0,74.0,48.0
1547,46.0,68.0,140.0,139.0,101.0,47.0,43.0
1548,108.0,88.0,82.0,88.0,87.0,115.0,141.0
1549,64.0,69.0,102.0,121.0,125.0,112.0,96.0
1550,95.0,73.0,55.0,84.0,125.0,120.0,121.0
1551,96.0,95.0,36.0,70.0,58.0,84.0,92.0
1552,45.0,55.0,80.0,82.0,71.0,70.0,54.0
1553,86.0,93.0,91.0,94.0,100.0,96.0,90.0
1554,97.0,88.0,47.0,62.0,52.0,85.0,103.0
1555,108.0,143.0,83.0,171.0,176.0,120.0,105.0
1556,149.0,126.0,91.0,113.0,103.0,140.0,163.0
1557,310.0,371.0,359.0,382.0,439.0,343.0,343.0
1558,58.0,70.0,147.0,204.0,192.0,114.0,81.0
1559,68.0,158.0,145.0,73.0,70.0,3.0,34.0
1560,179.0,233.0,244.0,240.0,247.0,172.0,214.0
1561,285.0,220.0,8.0,13.0,18.0,240.0,287.0
1562,63.0,33.0,54.0,59.0,63.0,60.0,52.0
1563,70.0,51.0,90.0,70.0,77.0,69.0,53.0
1564,141.0,167.0,152.0,143.0,183.0,142.0,146.0
1565,69.0,64.0,20.0,44.0,44.0,82.0,89.0
1566,83.0,64.0,89.0,47.0,74.0,66.0,82.0
1567,87.0,58.0,34.0,40.0,67.0,96.0,70.0
1568,144.0,143.0,202.0,156.0,127.0,107.0,113.0
1569,72.0,46.0,19.0,25.0,27.0,83.0,93.0
1570,119.0,100.0,106.0,167.0,167.0,116.0,128.0
1571,229.0,270.0,57.0,112.0,128.0,328.0,445.0
1572,185.0,241.0,158.0,74.0,92.0,86.0,123.0
1573,212.0,166.0,72.0,119.0,135.0,205.0,259.0
1574,72.0,83.0,73.0,92.0,86.0,68.0,80.0
1575,53.0,81.0,98.0,77.0,91.0,65.0,55.0
1576,101.0,122.0,144.0,159.0,134.0,69.0,79.0
1577,25.0,30.0,58.0,61.0,64.0,24.0,34.0
1578,72.0,83.0,51.0,55.0,76.0,70.0,118.0
1579,45.0,39.0,53.0,43.0,70.0,33.0,27.0
1580,0.0,67.0,196.0,225.0,210.0,143.0,90.0
1581,30.0,62.0,74.0,37.0,59.0,55.0,44.0
1582,105.0,101.0,66.0,84.0,106.0,90.0,95.0
1583,232.0,280.0,140.0,159.0,170.0,225.0,240.0
1584,224.0,219.0,198.0,224.0,221.0,209.0,220.0
1585,91.0,91.0,30.0,48.0,40.0,33.0,40.0
1586,83.0,73.0,83.0,86.0,67.0,56.0,35.0
1587,43.0,91.0,78.0,86.0,66.0,52.0,36.0
1588,106.0,126.0,119.0,107.0,107.0,86.0,95.0
1589,108.0,73.0,41.0,57.0,79.0,122.0,121.0
1590,163.0,141.0,99.0,181.0,174.0,189.0,157.0
1591,151.0,86.0,76.0,79.0,99.0,95.0,139.0
1592,69.0,67.0,60.0,52.0,59.0,59.0,58.0
1593,92.0,170.0,125.0,115.0,144.0,81.0,84.0
1594,118.0,150.0,141.0,146.0,111.0,96.0,89.0
1595,61.0,74.0,95.0,123.0,98.0,86.0,71.0
1596,161.0,144.0,55.0,47.0,75.0,160.0,171.0
1597,244.0,191.0,11.0,32.0,68.0,217.0,266.0
1598,69.0,79.0,49.0,30.0,38.0,50.0,71.0
1599,86.0,89.0,59.0,75.0,86.0,78.0,91.0
1600,56.0,63.0,28.0,54.0,63.0,61.0,40.0
1601,73.0,44.0,38.0,60.0,61.0,50.0,49.0
1602,70.0,57.0,57.0,66.0,79.0,77.0,60.0
1603,233.0,301.0,145.0,152.0,99.0,122.0,153.0
1604,58.0,100.0,107.0,79.0,64.0,47.0,38.0
1605,173.0,212.0,289.0,302.0,281.0,218.0,198.0
1606,91.0,76.0,58.0,77.0,74.0,85.0,73.0
1607,53.0,42.0,32.0,61.0,52.0,43.0,43.0
1608,82.0,85.0,74.0,49.0,73.0,72.0,81.0
1609,32.0,57.0,46.0,61.0,71.0,78.0,92.0
1610,146.0,140.0,123.0,146.0,152.0,199.0,177.0
1611,113.0,112.0,166.0,115.0,144.0,118.0,115.0
1612,216.0,199.0,111.0,121.0,125.0,173.0,194.0
1613,380.0,336.0,0.0,0.0,0.0,357.0,343.0
1614,85.0,121.0,129.0,110.0,96.0,97.0,76.0
1615,293.0,326.0,74.0,53.0,82.0,292.0,318.0
1616,436.0,517.0,601.0,535.0,599.0,462.0,424.0
1617,77.0,96.0,65.0,37.0,50.0,56.0,82.0
1618,76.0,94.0,118.0,84.0,85.0,79.0,55.0
1619,141.0,157.0,143.0,205.0,232.0,163.0,119.0
1620,196.0,208.0,0.0,41.0,58.0,77.0,129.0
1621,116.0,72.0,41.0,59.0,91.0,100.0,143.0
1622,106.0,112.0,72.0,103.0,108.0,112.0,131.0
1623,254.0,245.0,293.0,297.0,348.0,225.0,230.0
1624,287.0,355.0,338.0,370.0,423.0,317.0,337.0
1625,194.0,116.0,183.0,164.0,208.0,153.0,169.0
1626,257.0,204.0,34.0,94.0,113.0,284.0,272.0
1627,205.0,189.0,144.0,140.0,193.0,159.0,154.0
1628,115.0,102.0,127.0,155.0,102.0,116.0,97.0
1629,2191.0,2267.0,3225.0,2676.0,2762.0,1998.0,1660.0
1630,76.0,100.0,65.0,75.0,78.0,100.0,91.0
1631,159.0,181.0,219.0,172.0,229.0,193.0,192.0
1632,64.0,73.0,89.0,74.0,88.0,55.0,49.0
1633,57.0,51.0,80.0,67.0,58.0,60.0,68.0
1634,103.0,118.0,126.0,84.0,104.0,97.0,110.0
1635,45.0,70.0,66.0,73.0,83.0,77.0,52.0
1636,69.0,60.0,51.0,84.0,77.0,78.0,70.0
1637,115.0,114.0,60.0,72.0,70.0,137.0,131.0
1638,73.0,72.0,106.0,121.0,156.0,125.0,85.0
1639,38.0,53.0,94.0,98.0,133.0,51.0,41.0
1640,26.0,35.0,87.0,113.0,108.0,36.0,29.0
1641,51.0,69.0,36.0,65.0,49.0,67.0,58.0
1642,215.0,218.0,137.0,147.0,132.0,153.0,183.0
1643,49.0,78.0,78.0,57.0,71.0,48.0,41.0
1644,101.0,112.0,137.0,152.0,130.0,140.0,118.0
1645,320.0,272.0,271.0,212.0,240.0,286.0,307.0
1646,51.0,76.0,61.0,84.0,106.0,62.0,59.0
1647,222.0,221.0,207.0,278.0,313.0,246.0,201.0
1648,132.0,154.0,223.0,220.0,213.0,201.0,169.0
1649,37.0,46.0,96.0,81.0,105.0,34.0,45.0
1650,188.0,200.0,60.0,67.0,74.0,188.0,238.0
1651,0.0,0.0,0.0,0.0,0.0,0.0,0.0
1652,51.0,59.0,49.0,37.0,33.0,46.0,48.0
1653,82.0,101.0,275.0,122.0,111.0,61.0,92.0
1654,83.0,101.0,77.0,113.0,83.0,67.0,94.0
1655,103.0,104.0,33.0,32.0,38.0,111.0,120.0
1656,54.0,62.0,42.0,63.0,92.0,54.0,73.0
1657,86.0,97.0,74.0,77.0,114.0,90.0,98.0
1658,281.0,246.0,178.0,165.0,172.0,233.0,267.0
1659,76.0,82.0,82.0,62.0,79.0,79.0,53.0
1660,54.0,76.0,66.0,68.0,79.0,53.0,73.0
1661,308.0,292.0,494.0,394.0,387.0,283.0,337.0
1662,83.0,104.0,92.0,95.0,132.0,73.0,72.0
1663,340.0,329.0,276.0,251.0,281.0,286.0,277.0
1664,72.0,135.0,73.0,98.0,125.0,70.0,54.0
1665,111.0,75.0,115.0,124.0,97.0,67.0,136.0
1666,156.0,227.0,321.0,223.0,220.0,150.0,127.0
1667,366.0,356.0,206.0,252.0,208.0,298.0,319.0
1668,95.0,127.0,122.0,174.0,152.0,109.0,93.0
1669,91.0,84.0,119.0,103.0,98.0,107.0,65.0
1670,150.0,139.0,261.0,256.0,240.0,142.0,129.0
1671,65.0,73.0,68.0,85.0,93.0,90.0,99.0
1672,82.0,145.0,196.0,150.0,154.0,89.0,77.0
1673,232.0,340.0,358.0,308.0,278.0,233.0,238.0
1674,49.0,53.0,42.0,69.0,52.0,91.0,83.0
1675,69.0,82.0,95.0,104.0,97.0,88.0,51.0
1676,109.0,102.0,71.0,111.0,112.0,127.0,118.0
1677,97.0,142.0,171.0,165.0,150.0,108.0,102.0
1678,107.0,104.0,56.0,69.0,99.0,85.0,75.0
1679,92.0,98.0,17.0,24.0,30.0,98.0,126.0
1680,160.0,194.0,83.0,89.0,82.0,120.0,175.0
1681,72.0,43.0,27.0,69.0,74.0,55.0,49.0
1682,80.0,129.0,73.0,108.0,94.0,84.0,95.0
1683,25.0,39.0,74.0,132.0,103.0,20.0,38.0
1684,75.0,95.0,68.0,79.0,101.0,80.0,63.0
1685,86.0,73.0,26.0,39.0,50.0,69.0,82.0
1686,64.0,80.0,11.0,13.0,23.0,76.0,73.0
1687,533.0,723.0,916.0,811.0,818.0,539.0,461.0
1688,49.0,26.0,50.0,11.0,71.0,60.0,29.0
1689,72.0,80.0,94.0,90.0,96.0,65.0,76.0
1690,212.0,189.0,122.0,189.0,190.0,201.0,182.0
1691,0.0,0.0,0.0,0.0,0.0,0.0,0.0
1692,187.0,280.0,382.0,275.0,319.0,242.0,163.0
1693,55.0,33.0,73.0,54.0,125.0,125.0,90.0
1694,23.0,24.0,144.0,142.0,71.0,20.0,15.0
1695,106.0,65.0,77.0,83.0,103.0,99.0,92.0
1696,124.0,88.0,68.0,64.0,57.0,85.0,96.0
1697,83.0,119.0,153.0,185.0,177.0,130.0,93.0
1698,156.0,221.0,107.0,128.0,118.0,226.0,275.0
1699,107.0,101.0,113.0,115.0,134.0,90.0,86.0
1700,56.0,68.0,56.0,65.0,52.0,56.0,50.0
1701,66.0,61.0,45.0,41.0,46.0,84.0,59.0
1702,60.0,63.0,27.0,32.0,54.0,73.0,78.0
1703,24.0,45.0,26.0,77.0,47.0,23.0,38.0
1704,364.0,350.0,149.0,193.0,251.0,365.0,447.0
1705,84.0,74.0,59.0,71.0,81.0,91.0,83.0
1706,257.0,281.0,77.0,54.0,47.0,243.0,288.0
1707,222.0,125.0,143.0,216.0,232.0,275.0,322.0
1708,115.0,226.0,164.0,146.0,184.0,126.0,114.0
1709,884.0,755.0,207.0,195.0,188.0,660.0,891.0
1710,208.0,259.0,242.0,190.0,228.0,237.0,205.0
1711,85.0,81.0,72.0,76.0,73.0,101.0,91.0
1712,67.0,59.0,75.0,83.0,75.0,51.0,39.0
1713,45.0,63.0,34.0,36.0,32.0,65.0,59.0
1714,161.0,154.0,51.0,61.0,69.0,145.0,152.0
1715,38.0,42.0,67.0,65.0,74.0,43.0,36.0
1716,144.0,149.0,0.0,0.0,24.0,196.0,189.0
1717,211.0,298.0,405.0,308.0,340.0,252.0,181.0
1718,72.0,74.0,63.0,42.0,50.0,51.0,59.0
1719,231.0,175.0,110.0,168.0,208.0,270.0,228.0
1720,282.0,243.0,126.0,154.0,160.0,212.0,160.0
1721,45.0,41.0,10.0,19.0,31.0,55.0,67.0
1722,220.0,253.0,315.0,212.0,249.0,156.0,158.0
1723,71.0,148.0,94.0,99.0,76.0,62.0,59.0
1724,107.0,103.0,30.0,68.0,93.0,57.0,88.0
1725,42.0,67.0,30.0,80.0,111.0,130.0,133.0
1726,277.0,353.0,495.0,372.0,416.0,317.0,304.0
1727,188.0,198.0,109.0,125.0,146.0,208.0,222.0
1728,115.0,123.0,27.0,15.0,26.0,76.0,59.0
1729,58.0,82.0,70.0,136.0,115.0,69.0,88.0
1730,39.0,63.0,0.0,0.0,83.0,35.0,34.0
1731,60.0,101.0,57.0,59.0,45.0,50.0,61.0
1732,91.0,139.0,141.0,93.0,120.0,137.0,98.0
1733,93.0,85.0,10.0,7.0,5.0,68.0,78.0
1734,106.0,88.0,60.0,71.0,100.0,106.0,93.0
1735,68.0,99.0,92.0,102.0,128.0,66.0,47.0
1736,41.0,52.0,75.0,105.0,67.0,39.0,34.0
1737,91.0,54.0,1.0,12.0,7.0,78.0,90.0
1738,96.0,137.0,112.0,123.0,122.0,128.0,104.0
1739,76.0,89.0,30.0,40.0,63.0,67.0,63.0
1740,98.0,114.0,16.0,16.0,30.0,101.0,99.0
1741,83.0,94.0,106.0,87.0,103.0,45.0,60.0
1742,48.0,61.0,14.0,18.0,32.0,39.0,84.0
1743,291.0,314.0,312.0,294.0,282.0,310.0,314.0
1744,123.0,172.0,137.0,127.0,165.0,85.0,86.0
1745,312.0,414.0,425.0,440.0,508.0,448.0,413.0
1746,79.0,64.0,40.0,50.0,103.0,109.0,83.0
1747,12.0,11.0,0.0,57.0,48.0,72.0,121.0
1748,74.0,79.0,86.0,87.0,117.0,60.0,91.0
1749,50.0,33.0,22.0,22.0,52.0,40.0,43.0
1750,0.0,0.0,0.0,0.0,0.0,0.0,0.0
1751,275.0,301.0,404.0,260.0,297.0,250.0,236.0
1752,210.0,264.0,354.0,453.0,301.0,274.0,199.0
1753,272.0,284.0,124.0,118.0,178.0,289.0,241.0
1754,51.0,77.0,41.0,44.0,61.0,66.0,60.0
1755,92.0,51.0,45.0,52.0,164.0,76.0,60.0
1756,156.0,152.0,184.0,190.0,192.0,167.0,150.0
1757,149.0,150.0,315.0,200.0,240.0,104.0,122.0
1758,47.0,50.0,80.0,68.0,85.0,37.0,38.0
1759,391.0,342.0,169.0,188.0,315.0,373.0,441.0
1760,127.0,100.0,18.0,108.0,93.0,143.0,102.0
1761,42.0,51.0,0.0,0.0,106.0,47.0,41.0
1762,158.0,155.0,89.0,119.0,87.0,147.0,127.0
1763,138.0,156.0,158.0,171.0,113.0,197.0,151.0
1764,90.0,74.0,38.0,39.0,33.0,94.0,98.0
1765,36.0,70.0,44.0,49.0,69.0,61.0,51.0
1766,126.0,110.0,66.0,66.0,105.0,114.0,115.0
1767,150.0,174.0,203.0,147.0,178.0,142.0,133.0
1768,312.0,309.0,114.0,100.0,99.0,267.0,276.0
1769,40.0,46.0,26.0,85.0,60.0,89.0,90.0
1770,214.0,262.0,306.0,230.0,233.0,181.0,178.0
1771,165.0,107.0,50.0,63.0,99.0,156.0,168.0
1772,28.0,43.0,119.0,23.0,0.0,0.0,0.0
1773,44.0,52.0,66.0,85.0,75.0,61.0,43.0
1774,126.0,125.0,0.0,0.0,0.0,90.0,87.0
1775,221.0,259.0,216.0,272.0,244.0,217.0,241.0
1776,110.0,121.0,99.0,131.0,169.0,101.0,127.0
1777,69.0,60.0,38.0,44.0,57.0,66.0,81.0
1778,144.0,158.0,190.0,169.0,143.0,187.0,169.0
1779,249.0,274.0,104.0,117.0,119.0,234.0,213.0
1780,89.0,111.0,127.0,140.0,104.0,99.0,79.0
1781,85.0,83.0,0.0,30.0,31.0,34.0,87.0
1782,131.0,113.0,70.0,96.0,110.0,91.0,82.0
1783,364.0,652.0,520.0,520.0,427.0,515.0,376.0
1784,169.0,215.0,224.0,255.0,185.0,178.0,194.0
1785,83.0,67.0,84.0,80.0,87.0,74.0,75.0
1786,127.0,102.0,47.0,109.0,143.0,195.0,194.0
1787,51.0,32.0,34.0,77.0,77.0,72.0,93.0
1788,44.0,31.0,28.0,45.0,60.0,41.0,45.0
1789,98.0,96.0,87.0,75.0,81.0,90.0,118.0
1790,284.0,307.0,217.0,272.0,265.0,207.0,265.0
1791,108.0,135.0,103.0,107.0,107.0,110.0,114.0
1792,58.0,96.0,109.0,118.0,129.0,104.0,81.0
1793,82.0,77.0,70.0,90.0,109.0,80.0,98.0
1794,147.0,164.0,155.0,113.0,131.0,87.0,86.0
1795,84.0,86.0,91.0,91.0,106.0,91.0,94.0
1796,78.0,204.0,221.0,191.0,200.0,193.0,171.0
1797,176.0,123.0,28.0,28.0,42.0,78.0,103.0
1798,52.0,43.0,20.0,24.0,32.0,53.0,58.0
1799,13.0,15.0,19.0,15.0,9.0,13.0,8.0
1800,98.0,159.0,126.0,93.0,117.0,76.0,75.0
1801,64.0,94.0,163.0,150.0,173.0,77.0,70.0
1802,57.0,73.0,68.0,35.0,49.0,46.0,56.0
1803,97.0,49.0,17.0,39.0,119.0,142.0,119.0
1804,106.0,66.0,311.0,321.0,381.0,139.0,105.0
1805,4.0,59.0,47.0,6.0,0.0,0.0,48.0
1806,115.0,90.0,34.0,41.0,40.0,111.0,90.0
1807,129.0,115.0,118.0,151.0,155.0,93.0,102.0
1808,37.0,28.0,36.0,29.0,49.0,51.0,38.0
1809,136.0,208.0,164.0,146.0,129.0,137.0,144.0
1810,120.0,238.0,80.0,65.0,87.0,109.0,114.0
1811,103.0,126.0,74.0,71.0,83.0,110.0,114.0
1812,71.0,85.0,105.0,124.0,95.0,59.0,55.0
1813,183.0,146.0,43.0,28.0,110.0,119.0,146.0
1814,132.0,117.0,36.0,39.0,69.0,104.0,109.0
1815,89.0,83.0,55.0,61.0,83.0,86.0,71.0
1816,78.0,113.0,141.0,70.0,62.0,55.0,49.0
1817,195.0,230.0,127.0,106.0,133.0,172.0,163.0
1818,117.0,134.0,75.0,77.0,103.0,157.0,194.0
1819,44.0,75.0,66.0,82.0,54.0,60.0,35.0
1820,81.0,87.0,133.0,139.0,140.0,88.0,104.0
1821,904.0,962.0,1435.0,1280.0,1224.0,858.0,768.0
1822,71.0,81.0,51.0,59.0,57.0,57.0,72.0
1823,54.0,87.0,146.0,122.0,114.0,87.0,70.0
1824,50.0,85.0,71.0,46.0,49.0,47.0,39.0
1825,137.0,153.0,95.0,122.0,136.0,144.0,177.0
1826,205.0,237.0,284.0,245.0,246.0,185.0,141.0
1827,49.0,61.0,78.0,115.0,99.0,81.0,62.0
1828,140.0,197.0,153.0,119.0,164.0,140.0,153.0
1829,149.0,171.0,182.0,152.0,206.0,129.0,131.0
1830,46.0,49.0,65.0,71.0,52.0,25.0,22.0
1831,673.0,543.0,53.0,59.0,123.0,709.0,729.0
1832,58.0,75.0,87.0,119.0,80.0,71.0,99.0
1833,49.0,59.0,116.0,46.0,51.0,52.0,32.0
1834,67.0,63.0,69.0,57.0,63.0,55.0,59.0
1835,62.0,53.0,43.0,57.0,70.0,56.0,48.0
1836,138.0,150.0,151.0,119.0,133.0,120.0,107.0
1837,81.0,106.0,108.0,97.0,110.0,75.0,80.0
1838,93.0,142.0,163.0,142.0,151.0,111.0,130.0
1839,231.0,294.0,474.0,275.0,230.0,130.0,122.0
1840,92.0,200.0,61.0,22.0,51.0,30.0,38.0
1841,52.0,32.0,32.0,44.0,79.0,28.0,22.0
1842,102.0,124.0,100.0,161.0,158.0,177.0,149.0
1843,751.0,552.0,48.0,68.0,90.0,595.0,664.0
1844,78.0,102.0,94.0,123.0,120.0,92.0,101.0
1845,64.0,59.0,51.0,67.0,65.0,49.0,59.0
1846,44.0,57.0,62.0,96.0,85.0,45.0,54.0
1847,81.0,67.0,76.0,75.0,60.0,60.0,66.0
1848,68.0,84.0,93.0,96.0,72.0,71.0,63.0
1849,72.0,64.0,53.0,68.0,46.0,72.0,78.0
1850,341.0,430.0,490.0,339.0,289.0,255.0,269.0
1851,98.0,100.0,40.0,65.0,58.0,112.0,115.0
1852,88.0,88.0,95.0,80.0,86.0,81.0,76.0
1853,177.0,213.0,145.0,159.0,165.0,156.0,173.0
1854,142.0,116.0,117.0,143.0,154.0,123.0,110.0
1855,258.0,233.0,84.0,140.0,108.0,185.0,152.0
1856,89.0,81.0,0.0,6.0,1.0,69.0,98.0
1857,93.0,92.0,50.0,70.0,83.0,109.0,107.0
1858,87.0,88.0,25.0,22.0,44.0,120.0,93.0
1859,343.0,340.0,275.0,218.0,351.0,350.0,390.0
1860,80.0,107.0,127.0,149.0,165.0,82.0,92.0
1861,115.0,142.0,157.0,353.0,377.0,217.0,166.0
1862,35.0,47.0,85.0,90.0,86.0,41.0,31.0
1863,78.0,57.0,82.0,90.0,98.0,137.0,120.0
1864,123.0,118.0,61.0,68.0,103.0,134.0,148.0
1865,34.0,64.0,113.0,109.0,115.0,46.0,47.0
1866,0.0,0.0,0.0,0.0,0.0,0.0,0.0
1867,198.0,212.0,41.0,0.0,0.0,204.0,228.0
1868,63.0,63.0,73.0,93.0,76.0,69.0,57.0
1869,70.0,101.0,129.0,105.0,99.0,72.0,47.0
1870,97.0,93.0,28.0,33.0,53.0,84.0,82.0
1871,46.0,57.0,85.0,75.0,58.0,47.0,33.0
1872,209.0,298.0,346.0,381.0,350.0,293.0,258.0
1873,0.0,0.0,0.0,0.0,0.0,0.0,20.0
1874,206.0,227.0,191.0,205.0,172.0,180.0,175.0
1875,869.0,750.0,37.0,50.0,21.0,626.0,796.0
1876,233.0,261.0,173.0,197.0,212.0,168.0,156.0
1877,135.0,95.0,152.0,213.0,189.0,130.0,132.0
1878,121.0,146.0,71.0,68.0,63.0,134.0,133.0
1879,68.0,67.0,78.0,97.0,75.0,98.0,71.0
1880,93.0,146.0,134.0,187.0,241.0,127.0,129.0
1881,380.0,295.0,65.0,132.0,162.0,387.0,429.0
1882,165.0,189.0,200.0,237.0,198.0,141.0,138.0
1883,50.0,50.0,102.0,73.0,86.0,56.0,42.0
1884,109.0,88.0,150.0,126.0,149.0,80.0,100.0
1885,81.0,97.0,57.0,68.0,63.0,77.0,66.0
1886,38.0,46.0,42.0,76.0,153.0,179.0,115.0
1887,116.0,124.0,152.0,202.0,195.0,136.0,92.0
1888,65.0,70.0,93.0,89.0,94.0,91.0,84.0
1889,0.0,0.0,0.0,0.0,0.0,0.0,0.0
1890,463.0,362.0,124.0,144.0,195.0,414.0,434.0
1891,43.0,50.0,31.0,67.0,47.0,57.0,44.0
1892,75.0,81.0,59.0,128.0,138.0,116.0,81.0
1893,33.0,40.0,40.0,35.0,51.0,32.0,29.0
1894,169.0,204.0,5.0,20.0,38.0,202.0,216.0
1895,142.0,160.0,135.0,111.0,148.0,154.0,153.0
1896,49.0,47.0,48.0,65.0,58.0,68.0,65.0
1897,44.0,49.0,39.0,54.0,51.0,71.0,75.0
1898,267.0,291.0,425.0,499.0,478.0,222.0,214.0
1899,21.0,15.0,27.0,20.0,19.0,22.0,17.0
1900,88.0,85.0,97.0,58.0,71.0,62.0,56.0
1901,427.0,517.0,623.0,432.0,503.0,369.0,344.0
1902,87.0,76.0,47.0,81.0,118.0,125.0,95.0
1903,208.0,219.0,209.0,276.0,268.0,184.0,209.0
1904,67.0,76.0,52.0,55.0,92.0,99.0,110.0
1905,200.0,165.0,151.0,206.0,221.0,195.0,221.0
1906,366.0,447.0,646.0,466.0,450.0,392.0,326.0
1907,128.0,129.0,27.0,32.0,24.0,115.0,114.0
1908,59.0,55.0,77.0,88.0,75.0,41.0,36.0
1909,88.0,85.0,72.0,56.0,41.0,84.0,67.0
1910,58.0,67.0,71.0,50.0,47.0,57.0,69.0
1911,55.0,107.0,220.0,206.0,140.0,97.0,79.0
1912,145.0,176.0,140.0,154.0,193.0,142.0,141.0
1913,40.0,48.0,25.0,38.0,34.0,32.0,49.0
1914,408.0,390.0,235.0,254.0,331.0,304.0,173.0
1915,83.0,77.0,47.0,56.0,62.0,105.0,83.0
1916,97.0,102.0,93.0,111.0,129.0,122.0,125.0
1917,100.0,83.0,80.0,149.0,150.0,120.0,94.0
1918,13.0,9.0,4.0,5.0,4.0,8.0,9.0
1919,108.0,114.0,145.0,84.0,98.0,103.0,109.0
1920,85.0,46.0,0.0,38.0,30.0,66.0,71.0
1921,158.0,181.0,184.0,182.0,123.0,162.0,176.0
1922,259.0,290.0,436.0,368.0,430.0,238.0,233.0
1923,99.0,110.0,149.0,215.0,189.0,118.0,92.0
1924,126.0,180.0,138.0,144.0,182.0,149.0,100.0
1925,0.0,0.0,0.0,0.0,0.0,0.0,0.0
1926,78.0,77.0,11.0,27.0,22.0,84.0,88.0
1927,384.0,325.0,176.0,215.0,249.0,392.0,459.0
1928,875.0,964.0,1133.0,813.0,977.0,737.0,810.0
1929,81.0,80.0,50.0,11.0,31.0,84.0,79.0
1930,111.0,105.0,89.0,108.0,150.0,109.0,107.0
1931,306.0,305.0,251.0,281.0,304.0,379.0,312.0
1932,237.0,198.0,299.0,245.0,262.0,216.0,210.0
1933,55.0,67.0,86.0,76.0,85.0,62.0,50.0
1934,99.0,130.0,76.0,133.0,142.0,73.0,81.0
1935,243.0,169.0,100.0,182.0,240.0,264.0,218.0
1936,142.0,137.0,140.0,128.0,152.0,136.0,129.0
1937,182.0,180.0,240.0,148.0,137.0,157.0,173.0
1938,61.0,89.0,203.0,149.0,162.0,87.0,66.0
1939,221.0,250.0,366.0,191.0,270.0,200.0,157.0
1940,113.0,133.0,112.0,111.0,133.0,113.0,108.0
1941,156.0,179.0,62.0,91.0,141.0,163.0,157.0
1942,75.0,109.0,171.0,132.0,132.0,46.0,84.0
1943,78.0,90.0,95.0,40.0,34.0,36.0,46.0
1944,484.0,482.0,503.0,444.0,646.0,546.0,481.0
1945,378.0,385.0,319.0,227.0,314.0,392.0,368.0
1946,106.0,117.0,107.0,110.0,109.0,113.0,78.0
1947,56.0,63.0,34.0,28.0,35.0,47.0,73.0
1948,227.0,188.0,210.0,200.0,258.0,245.0,225.0
1949,57.0,58.0,69.0,57.0,73.0,60.0,63.0
1950,275.0,280.0,426.0,342.0,397.0,329.0,228.0
1951,92.0,113.0,118.0,145.0,112.0,86.0,86.0
1952,56.0,65.0,62.0,96.0,63.0,71.0,46.0
1953,54.0,66.0,70.0,61.0,64.0,57.0,49.0
1954,417.0,512.0,576.0,488.0,481.0,406.0,364.0
1955,121.0,168.0,264.0,234.0,236.0,135.0,110.0
1956,107.0,99.0,122.0,109.0,136.0,113.0,123.0
1957,87.0,66.0,49.0,74.0,65.0,74.0,74.0
1958,187.0,154.0,105.0,76.0,101.0,213.0,194.0
1959,219.0,166.0,79.0,117.0,231.0,343.0,288.0
1960,193.0,256.0,304.0,210.0,238.0,188.0,220.0
1961,102.0,101.0,55.0,55.0,51.0,74.0,90.0
1962,140.0,143.0,130.0,147.0,178.0,137.0,155.0
1963,109.0,122.0,50.0,73.0,85.0,122.0,116.0
1964,66.0,54.0,18.0,50.0,49.0,69.0,78.0
1965,126.0,95.0,120.0,91.0,142.0,129.0,111.0
1966,240.0,195.0,80.0,64.0,66.0,220.0,249.0
1967,158.0,151.0,245.0,268.0,215.0,179.0,166.0
1968,4.0,10.0,32.0,39.0,31.0,20.0,5.0
1969,89.0,74.0,59.0,81.0,67.0,86.0,113.0
1970,247.0,327.0,352.0,275.0,280.0,215.0,210.0
1971,245.0,184.0,89.0,146.0,180.0,216.0,227.0
1972,61.0,67.0,129.0,118.0,111.0,69.0,69.0
1973,68.0,71.0,55.0,25.0,41.0,64.0,59.0
1974,172.0,87.0,46.0,88.0,100.0,150.0,153.0
1975,138.0,178.0,236.0,237.0,238.0,139.0,130.0
1976,98.0,110.0,48.0,96.0,102.0,92.0,80.0
1977,151.0,137.0,63.0,94.0,122.0,171.0,140.0
1978,146.0,281.0,146.0,114.0,121.0,100.0,106.0
1979,55.0,68.0,51.0,91.0,67.0,59.0,58.0
1980,56.0,49.0,87.0,88.0,51.0,50.0,34.0
1981,118.0,79.0,24.0,30.0,56.0,69.0,71.0
1982,57.0,46.0,12.0,24.0,33.0,53.0,62.0
1983,57.0,63.0,51.0,49.0,35.0,52.0,50.0
1984,54.0,38.0,47.0,39.0,54.0,35.0,49.0
1985,466.0,979.0,706.0,311.0,460.0,353.0,390.0
1986,94.0,91.0,80.0,91.0,104.0,81.0,97.0
1987,48.0,69.0,92.0,73.0,99.0,69.0,38.0
1988,180.0,220.0,258.0,212.0,273.0,198.0,187.0
1989,65.0,96.0,90.0,111.0,160.0,55.0,61.0
1990,91.0,108.0,104.0,94.0,104.0,79.0,63.0
1991,139.0,108.0,98.0,80.0,110.0,138.0,136.0
1992,78.0,92.0,148.0,76.0,79.0,79.0,46.0
1993,43.0,67.0,41.0,80.0,67.0,60.0,46.0
1994,141.0,133.0,130.0,114.0,126.0,130.0,131.0
1995,55.0,59.0,88.0,67.0,46.0,53.0,63.0
1996,73.0,71.0,50.0,50.0,59.0,72.0,64.0
1997,247.0,178.0,44.0,75.0,73.0,267.0,217.0
1998,344.0,321.0,175.0,127.0,202.0,332.0,377.0
1999,299.0,384.0,491.0,388.0,344.0,223.0,269.0
2000,118.0,128.0,18.0,47.0,45.0,142.0,151.0
