shop_id,2016-11-08,2016-11-09,2016-11-10,2016-11-11,2016-11-12,2016-11-13,2016-11-14
1,227.0,215.0,232.0,254.0,265.0,267.0,212.0
2,69.0,68.0,71.0,83.0,110.0,110.0,70.0
3,73.0,72.0,75.0,89.0,117.0,116.0,74.0
4,94.0,89.0,93.0,122.0,192.0,190.0,99.0
5,216.0,202.0,208.0,214.0,205.0,197.0,202.0
6,103.0,100.0,103.0,108.0,111.0,111.0,102.0
7,121.0,113.0,124.0,144.0,186.0,185.0,120.0
8,62.0,63.0,65.0,71.0,82.0,80.0,61.0
9,215.0,208.0,225.0,239.0,259.0,262.0,203.0
10,98.0,94.0,97.0,100.0,100.0,101.0,97.0
11,95.0,93.0,94.0,95.0,75.0,74.0,92.0
12,57.0,59.0,61.0,70.0,88.0,86.0,58.0
13,248.0,240.0,247.0,258.0,246.0,235.0,229.0
14,60.0,59.0,62.0,62.0,63.0,61.0,57.0
15,131.0,120.0,131.0,150.0,189.0,189.0,127.0
16,42.0,42.0,43.0,49.0,56.0,54.0,43.0
17,84.0,81.0,85.0,94.0,118.0,115.0,81.0
18,78.0,76.0,80.0,90.0,111.0,111.0,78.0
19,143.0,131.0,149.0,160.0,198.0,199.0,139.0
20,160.0,152.0,153.0,157.0,138.0,137.0,155.0
21,77.0,76.0,80.0,93.0,126.0,122.0,78.0
22,113.0,110.0,114.0,122.0,125.0,124.0,112.0
23,65.0,64.0,65.0,67.0,54.0,50.0,65.0
24,68.0,67.0,69.0,86.0,134.0,131.0,69.0
25,117.0,116.0,118.0,134.0,147.0,143.0,115.0
26,67.0,66.0,69.0,85.0,141.0,139.0,68.0
27,88.0,84.0,86.0,90.0,89.0,88.0,86.0
28,65.0,65.0,68.0,79.0,94.0,98.0,64.0
29,96.0,91.0,96.0,125.0,193.0,189.0,101.0
30,47.0,46.0,50.0,55.0,59.0,57.0,46.0
31,336.0,327.0,297.0,388.0,534.0,545.0,339.0
32,428.0,451.0,453.0,428.0,183.0,144.0,424.0
33,62.0,63.0,64.0,75.0,99.0,98.0,61.0
34,364.0,351.0,349.0,422.0,511.0,527.0,365.0
35,155.0,147.0,168.0,177.0,212.0,209.0,150.0
36,65.0,64.0,67.0,71.0,80.0,79.0,64.0
37,199.0,192.0,211.0,226.0,265.0,273.0,191.0
38,107.0,104.0,107.0,105.0,76.0,72.0,103.0
39,228.0,211.0,229.0,260.0,313.0,314.0,217.0
40,84.0,76.0,83.0,89.0,106.0,108.0,81.0
41,176.0,167.0,179.0,217.0,312.0,322.0,172.0
42,80.0,77.0,81.0,90.0,102.0,103.0,79.0
43,76.0,72.0,77.0,90.0,109.0,111.0,76.0
44,61.0,61.0,64.0,68.0,77.0,76.0,60.0
45,34.0,35.0,35.0,43.0,57.0,53.0,37.0
46,178.0,170.0,177.0,186.0,179.0,172.0,175.0
47,164.0,160.0,157.0,156.0,101.0,94.0,150.0
48,378.0,365.0,372.0,431.0,520.0,571.0,389.0
49,394.0,386.0,394.0,446.0,528.0,583.0,406.0
50,68.0,64.0,69.0,71.0,75.0,74.0,66.0
51,74.0,72.0,73.0,76.0,54.0,47.0,74.0
52,58.0,57.0,57.0,75.0,125.0,120.0,60.0
53,128.0,125.0,127.0,136.0,133.0,129.0,123.0
54,317.0,324.0,321.0,345.0,322.0,319.0,310.0
55,339.0,343.0,342.0,370.0,364.0,357.0,328.0
56,64.0,65.0,66.0,73.0,83.0,81.0,63.0
57,294.0,307.0,306.0,333.0,286.0,288.0,283.0
58,1551.0,1436.0,1564.0,1565.0,1751.0,1751.0,1487.0
59,183.0,178.0,186.0,217.0,190.0,182.0,178.0
60,162.0,157.0,161.0,170.0,170.0,162.0,159.0
61,84.0,80.0,84.0,91.0,104.0,105.0,82.0
62,85.0,81.0,86.0,98.0,120.0,120.0,83.0
63,209.0,200.0,214.0,227.0,244.0,248.0,200.0
64,157.0,152.0,149.0,150.0,122.0,121.0,152.0
65,318.0,309.0,310.0,353.0,428.0,444.0,315.0
66,68.0,67.0,71.0,82.0,93.0,96.0,69.0
67,56.0,58.0,59.0,68.0,89.0,86.0,56.0
68,58.0,58.0,61.0,61.0,64.0,63.0,56.0
69,108.0,106.0,110.0,127.0,144.0,142.0,107.0
70,51.0,53.0,55.0,62.0,82.0,80.0,50.0
71,154.0,147.0,151.0,158.0,155.0,153.0,149.0
72,488.0,466.0,490.0,532.0,557.0,541.0,506.0
73,101.0,98.0,102.0,109.0,116.0,117.0,100.0
74,115.0,110.0,114.0,125.0,135.0,136.0,111.0
75,83.0,77.0,81.0,85.0,88.0,90.0,82.0
76,47.0,45.0,50.0,57.0,88.0,80.0,47.0
77,126.0,123.0,125.0,134.0,132.0,131.0,122.0
78,57.0,57.0,59.0,61.0,60.0,58.0,55.0
79,162.0,161.0,155.0,158.0,71.0,60.0,154.0
80,69.0,66.0,71.0,73.0,78.0,78.0,68.0
81,101.0,95.0,100.0,103.0,111.0,115.0,98.0
82,116.0,115.0,116.0,115.0,102.0,97.0,115.0
83,118.0,109.0,120.0,140.0,186.0,183.0,117.0
84,177.0,170.0,184.0,215.0,287.0,287.0,177.0
85,65.0,65.0,66.0,80.0,107.0,108.0,66.0
86,117.0,114.0,120.0,135.0,165.0,164.0,118.0
87,126.0,122.0,129.0,122.0,53.0,41.0,123.0
88,439.0,435.0,447.0,494.0,559.0,570.0,454.0
89,48.0,47.0,50.0,59.0,94.0,87.0,47.0
90,216.0,197.0,215.0,255.0,349.0,345.0,206.0
91,92.0,90.0,93.0,103.0,123.0,122.0,90.0
92,125.0,117.0,127.0,147.0,188.0,185.0,123.0
93,177.0,168.0,168.0,167.0,128.0,119.0,166.0
94,106.0,105.0,106.0,108.0,95.0,91.0,104.0
95,107.0,106.0,107.0,108.0,93.0,91.0,105.0
96,127.0,123.0,128.0,137.0,142.0,142.0,124.0
97,195.0,180.0,188.0,192.0,190.0,190.0,188.0
98,80.0,77.0,81.0,90.0,102.0,102.0,79.0
99,71.0,68.0,71.0,71.0,64.0,61.0,69.0
100,392.0,385.0,395.0,395.0,369.0,368.0,377.0
101,121.0,117.0,124.0,138.0,164.0,163.0,121.0
102,129.0,124.0,128.0,134.0,129.0,129.0,123.0
103,66.0,65.0,67.0,71.0,74.0,71.0,64.0
104,112.0,111.0,112.0,113.0,101.0,96.0,110.0
105,85.0,83.0,85.0,109.0,163.0,158.0,85.0
106,66.0,65.0,67.0,68.0,66.0,64.0,64.0
107,79.0,76.0,79.0,111.0,191.0,184.0,82.0
108,88.0,87.0,90.0,103.0,132.0,129.0,86.0
109,113.0,111.0,113.0,115.0,112.0,110.0,112.0
110,147.0,139.0,143.0,152.0,141.0,141.0,141.0
111,66.0,65.0,68.0,72.0,80.0,76.0,64.0
112,119.0,116.0,121.0,137.0,164.0,162.0,119.0
113,159.0,153.0,151.0,153.0,124.0,124.0,154.0
114,610.0,573.0,612.0,653.0,590.0,587.0,612.0
115,417.0,404.0,410.0,404.0,365.0,372.0,397.0
116,496.0,469.0,476.0,457.0,379.0,382.0,459.0
117,125.0,121.0,132.0,160.0,245.0,243.0,126.0
118,86.0,86.0,88.0,88.0,43.0,36.0,88.0
119,43.0,41.0,45.0,56.0,93.0,85.0,44.0
120,258.0,246.0,266.0,286.0,297.0,307.0,248.0
121,49.0,48.0,52.0,56.0,65.0,61.0,47.0
122,56.0,56.0,61.0,63.0,73.0,71.0,53.0
123,94.0,91.0,94.0,103.0,119.0,119.0,92.0
124,376.0,361.0,369.0,399.0,444.0,465.0,365.0
125,38.0,38.0,39.0,47.0,62.0,58.0,40.0
126,117.0,115.0,116.0,115.0,106.0,101.0,116.0
127,56.0,57.0,58.0,71.0,103.0,100.0,57.0
128,48.0,49.0,52.0,59.0,83.0,79.0,48.0
129,189.0,182.0,196.0,227.0,300.0,303.0,184.0
130,290.0,291.0,302.0,324.0,329.0,334.0,284.0
131,59.0,59.0,61.0,62.0,63.0,61.0,57.0
132,56.0,58.0,59.0,71.0,100.0,97.0,56.0
133,110.0,108.0,110.0,110.0,84.0,78.0,108.0
134,414.0,406.0,411.0,389.0,341.0,353.0,394.0
135,158.0,151.0,158.0,169.0,176.0,169.0,154.0
136,110.0,109.0,110.0,110.0,92.0,88.0,108.0
137,92.0,89.0,90.0,93.0,84.0,83.0,90.0
138,270.0,269.0,271.0,289.0,250.0,229.0,255.0
139,64.0,62.0,64.0,82.0,131.0,127.0,65.0
140,352.0,358.0,363.0,365.0,189.0,168.0,335.0
141,41.0,39.0,43.0,49.0,77.0,71.0,42.0
142,434.0,455.0,457.0,433.0,198.0,162.0,430.0
143,138.0,134.0,135.0,137.0,116.0,111.0,132.0
144,95.0,90.0,95.0,122.0,183.0,181.0,99.0
145,66.0,65.0,67.0,72.0,80.0,78.0,65.0
146,466.0,442.0,473.0,525.0,677.0,656.0,497.0
147,142.0,138.0,138.0,141.0,116.0,112.0,135.0
148,68.0,65.0,68.0,72.0,74.0,71.0,66.0
149,166.0,161.0,171.0,204.0,276.0,270.0,166.0
150,56.0,58.0,59.0,71.0,106.0,103.0,57.0
151,105.0,102.0,106.0,104.0,75.0,71.0,102.0
152,53.0,53.0,57.0,59.0,66.0,62.0,51.0
153,62.0,63.0,64.0,73.0,88.0,86.0,61.0
154,110.0,109.0,111.0,110.0,85.0,81.0,109.0
155,120.0,118.0,122.0,137.0,160.0,159.0,120.0
156,133.0,126.0,135.0,147.0,164.0,165.0,130.0
157,84.0,82.0,85.0,97.0,125.0,122.0,82.0
158,68.0,66.0,68.0,70.0,69.0,66.0,66.0
159,57.0,59.0,61.0,69.0,86.0,85.0,58.0
160,294.0,281.0,283.0,271.0,142.0,111.0,273.0
161,119.0,116.0,119.0,123.0,120.0,119.0,116.0
162,91.0,88.0,90.0,92.0,83.0,80.0,88.0
163,82.0,78.0,84.0,93.0,117.0,117.0,79.0
164,213.0,205.0,213.0,214.0,157.0,137.0,206.0
165,99.0,95.0,99.0,120.0,155.0,152.0,97.0
166,55.0,53.0,53.0,72.0,136.0,126.0,56.0
167,159.0,154.0,154.0,156.0,141.0,142.0,156.0
168,110.0,108.0,110.0,111.0,109.0,109.0,109.0
169,91.0,86.0,91.0,122.0,195.0,190.0,95.0
170,56.0,57.0,59.0,71.0,107.0,105.0,56.0
171,264.0,261.0,264.0,281.0,252.0,230.0,249.0
172,164.0,160.0,166.0,205.0,294.0,295.0,165.0
173,172.0,161.0,174.0,187.0,200.0,195.0,168.0
174,211.0,199.0,201.0,199.0,193.0,193.0,196.0
175,88.0,84.0,88.0,118.0,192.0,187.0,91.0
176,69.0,68.0,70.0,86.0,120.0,117.0,70.0
177,110.0,106.0,111.0,130.0,164.0,163.0,111.0
178,80.0,75.0,80.0,87.0,100.0,103.0,79.0
179,63.0,63.0,64.0,72.0,83.0,80.0,62.0
180,252.0,237.0,258.0,280.0,296.0,301.0,240.0
181,70.0,69.0,72.0,84.0,99.0,101.0,70.0
182,40.0,40.0,41.0,48.0,60.0,58.0,41.0
183,201.0,193.0,200.0,204.0,149.0,128.0,193.0
184,74.0,72.0,75.0,81.0,89.0,89.0,73.0
185,113.0,111.0,113.0,115.0,116.0,115.0,112.0
186,132.0,123.0,135.0,155.0,210.0,211.0,130.0
187,89.0,87.0,88.0,91.0,82.0,80.0,86.0
188,89.0,83.0,89.0,94.0,108.0,111.0,86.0
189,436.0,425.0,441.0,489.0,563.0,571.0,453.0
190,56.0,57.0,60.0,64.0,72.0,69.0,55.0
191,70.0,68.0,70.0,71.0,61.0,56.0,69.0
192,43.0,42.0,46.0,53.0,87.0,80.0,44.0
193,131.0,121.0,131.0,151.0,196.0,195.0,127.0
194,39.0,42.0,41.0,46.0,47.0,46.0,43.0
195,56.0,56.0,58.0,70.0,109.0,107.0,55.0
196,73.0,71.0,72.0,101.0,177.0,172.0,76.0
197,48.0,47.0,50.0,59.0,91.0,85.0,48.0
198,126.0,123.0,125.0,122.0,90.0,76.0,123.0
199,166.0,152.0,169.0,180.0,196.0,194.0,164.0
200,198.0,182.0,198.0,241.0,341.0,350.0,190.0
201,40.0,38.0,42.0,49.0,86.0,78.0,42.0
202,181.0,173.0,173.0,171.0,132.0,124.0,172.0
203,391.0,371.0,398.0,469.0,633.0,671.0,413.0
204,93.0,89.0,91.0,93.0,83.0,82.0,89.0
205,109.0,108.0,110.0,115.0,116.0,115.0,108.0
206,52.0,53.0,55.0,63.0,84.0,81.0,51.0
207,68.0,66.0,66.0,93.0,169.0,167.0,69.0
208,96.0,93.0,97.0,115.0,148.0,146.0,95.0
209,69.0,68.0,71.0,85.0,124.0,122.0,70.0
210,99.0,95.0,99.0,123.0,166.0,162.0,99.0
211,90.0,88.0,91.0,103.0,128.0,125.0,87.0
212,49.0,48.0,51.0,63.0,105.0,99.0,49.0
213,79.0,75.0,78.0,78.0,70.0,68.0,77.0
214,42.0,40.0,44.0,50.0,85.0,78.0,43.0
215,141.0,144.0,146.0,185.0,295.0,287.0,141.0
216,43.0,44.0,43.0,49.0,52.0,53.0,44.0
217,366.0,352.0,353.0,423.0,508.0,532.0,368.0
218,66.0,64.0,65.0,66.0,38.0,35.0,69.0
219,57.0,56.0,59.0,61.0,63.0,61.0,54.0
220,99.0,95.0,97.0,97.0,72.0,71.0,94.0
221,113.0,111.0,114.0,130.0,148.0,147.0,112.0
222,28.0,31.0,31.0,37.0,42.0,41.0,34.0
223,72.0,71.0,74.0,86.0,102.0,103.0,72.0
224,85.0,84.0,86.0,86.0,34.0,27.0,87.0
225,94.0,91.0,93.0,94.0,80.0,78.0,91.0
226,193.0,182.0,189.0,197.0,193.0,188.0,186.0
227,59.0,59.0,60.0,75.0,116.0,114.0,61.0
228,55.0,55.0,60.0,62.0,71.0,70.0,52.0
229,81.0,78.0,82.0,90.0,101.0,101.0,80.0
230,67.0,64.0,68.0,71.0,75.0,73.0,66.0
231,72.0,70.0,74.0,80.0,86.0,87.0,71.0
232,69.0,67.0,69.0,71.0,71.0,67.0,67.0
233,275.0,266.0,277.0,316.0,400.0,411.0,279.0
234,151.0,143.0,150.0,164.0,181.0,175.0,145.0
235,123.0,115.0,126.0,146.0,185.0,183.0,122.0
236,48.0,46.0,50.0,55.0,65.0,62.0,46.0
237,65.0,64.0,67.0,69.0,72.0,69.0,64.0
238,67.0,65.0,67.0,69.0,67.0,63.0,65.0
239,80.0,78.0,82.0,95.0,122.0,120.0,78.0
240,299.0,315.0,315.0,340.0,269.0,266.0,289.0
241,89.0,82.0,87.0,91.0,100.0,103.0,87.0
242,77.0,74.0,77.0,78.0,72.0,71.0,75.0
243,241.0,227.0,255.0,277.0,344.0,343.0,235.0
244,208.0,199.0,203.0,204.0,189.0,181.0,196.0
245,158.0,153.0,156.0,162.0,157.0,155.0,156.0
246,40.0,37.0,40.0,53.0,117.0,102.0,40.0
247,173.0,168.0,171.0,177.0,166.0,158.0,170.0
248,66.0,64.0,67.0,69.0,70.0,69.0,65.0
249,173.0,174.0,166.0,170.0,76.0,63.0,157.0
250,58.0,60.0,62.0,69.0,87.0,87.0,58.0
251,112.0,111.0,116.0,111.0,64.0,56.0,111.0
252,155.0,149.0,157.0,173.0,194.0,186.0,151.0
253,80.0,77.0,80.0,98.0,148.0,144.0,79.0
254,146.0,142.0,143.0,145.0,128.0,126.0,142.0
255,89.0,88.0,88.0,91.0,80.0,78.0,87.0
256,196.0,195.0,209.0,232.0,278.0,276.0,191.0
257,89.0,86.0,87.0,91.0,87.0,85.0,87.0
258,71.0,70.0,73.0,89.0,107.0,108.0,73.0
259,71.0,68.0,73.0,74.0,76.0,75.0,69.0
260,64.0,63.0,66.0,71.0,78.0,75.0,63.0
261,100.0,94.0,99.0,123.0,170.0,165.0,100.0
262,126.0,124.0,127.0,135.0,131.0,129.0,123.0
263,114.0,110.0,113.0,121.0,125.0,126.0,111.0
264,107.0,103.0,108.0,118.0,128.0,131.0,105.0
265,116.0,113.0,117.0,133.0,152.0,151.0,115.0
266,41.0,41.0,41.0,47.0,57.0,55.0,42.0
267,105.0,104.0,106.0,108.0,103.0,102.0,104.0
268,105.0,102.0,105.0,106.0,88.0,85.0,102.0
269,108.0,106.0,108.0,107.0,86.0,83.0,105.0
270,100.0,98.0,101.0,109.0,118.0,118.0,99.0
271,62.0,61.0,63.0,63.0,61.0,59.0,59.0
272,578.0,549.0,577.0,612.0,557.0,547.0,583.0
273,119.0,115.0,121.0,135.0,155.0,155.0,118.0
274,63.0,62.0,63.0,64.0,57.0,54.0,61.0
275,618.0,586.0,627.0,653.0,631.0,645.0,626.0
276,132.0,122.0,134.0,151.0,188.0,189.0,129.0
277,38.0,35.0,39.0,51.0,106.0,95.0,38.0
278,282.0,276.0,286.0,321.0,385.0,397.0,283.0
279,439.0,428.0,447.0,498.0,586.0,586.0,461.0
280,60.0,62.0,64.0,73.0,92.0,93.0,60.0
281,150.0,145.0,159.0,176.0,208.0,203.0,145.0
282,261.0,247.0,255.0,250.0,170.0,131.0,246.0
283,60.0,61.0,62.0,76.0,104.0,101.0,62.0
284,36.0,34.0,37.0,46.0,79.0,71.0,39.0
285,278.0,283.0,283.0,318.0,259.0,262.0,264.0
286,506.0,495.0,504.0,486.0,334.0,310.0,482.0
287,205.0,204.0,216.0,237.0,267.0,264.0,198.0
288,73.0,72.0,76.0,89.0,123.0,121.0,73.0
289,53.0,54.0,57.0,62.0,79.0,76.0,51.0
290,66.0,65.0,67.0,68.0,66.0,64.0,64.0
291,140.0,136.0,136.0,133.0,77.0,64.0,134.0
292,162.0,158.0,157.0,154.0,104.0,96.0,150.0
293,200.0,191.0,196.0,200.0,199.0,198.0,190.0
294,148.0,144.0,143.0,147.0,120.0,117.0,142.0
295,59.0,59.0,63.0,69.0,86.0,85.0,58.0
296,371.0,354.0,361.0,424.0,522.0,572.0,381.0
297,281.0,288.0,292.0,313.0,269.0,272.0,269.0
298,396.0,376.0,403.0,473.0,642.0,673.0,418.0
299,183.0,177.0,193.0,220.0,276.0,273.0,186.0
300,55.0,55.0,60.0,62.0,70.0,69.0,53.0
301,72.0,71.0,74.0,82.0,91.0,92.0,72.0
302,156.0,152.0,149.0,150.0,111.0,109.0,149.0
303,49.0,49.0,51.0,64.0,108.0,102.0,49.0
304,215.0,213.0,222.0,238.0,243.0,239.0,205.0
305,110.0,109.0,112.0,133.0,166.0,161.0,112.0
306,509.0,517.0,523.0,501.0,249.0,188.0,488.0
307,69.0,68.0,70.0,84.0,114.0,114.0,69.0
308,100.0,97.0,100.0,99.0,64.0,59.0,98.0
309,168.0,161.0,160.0,159.0,115.0,108.0,156.0
310,148.0,140.0,157.0,175.0,220.0,218.0,143.0
311,119.0,115.0,123.0,117.0,48.0,35.0,116.0
312,111.0,107.0,110.0,112.0,115.0,116.0,109.0
313,553.0,552.0,561.0,544.0,296.0,227.0,526.0
314,128.0,123.0,128.0,141.0,153.0,151.0,125.0
315,170.0,162.0,170.0,183.0,184.0,177.0,167.0
316,194.0,186.0,189.0,188.0,167.0,161.0,188.0
317,52.0,51.0,53.0,67.0,116.0,111.0,52.0
318,139.0,130.0,136.0,155.0,184.0,183.0,134.0
319,211.0,199.0,205.0,209.0,210.0,207.0,198.0
320,227.0,206.0,227.0,262.0,358.0,349.0,220.0
321,128.0,124.0,127.0,134.0,131.0,128.0,123.0
322,73.0,71.0,73.0,75.0,71.0,66.0,71.0
323,191.0,181.0,189.0,199.0,199.0,193.0,182.0
324,116.0,115.0,116.0,113.0,94.0,89.0,113.0
325,64.0,65.0,67.0,78.0,94.0,95.0,64.0
326,73.0,72.0,75.0,87.0,108.0,108.0,74.0
327,65.0,64.0,66.0,69.0,71.0,68.0,64.0
328,146.0,137.0,148.0,157.0,171.0,171.0,143.0
329,80.0,77.0,80.0,87.0,92.0,93.0,80.0
330,47.0,44.0,45.0,62.0,136.0,117.0,44.0
331,346.0,321.0,342.0,333.0,120.0,102.0,322.0
332,108.0,106.0,109.0,129.0,161.0,158.0,109.0
333,87.0,78.0,86.0,89.0,105.0,110.0,85.0
334,150.0,143.0,150.0,157.0,163.0,163.0,147.0
335,174.0,169.0,165.0,165.0,94.0,82.0,154.0
336,234.0,216.0,237.0,269.0,356.0,350.0,229.0
337,84.0,80.0,85.0,93.0,110.0,110.0,81.0
338,426.0,391.0,442.0,517.0,807.0,802.0,454.0
339,97.0,95.0,99.0,114.0,138.0,134.0,95.0
340,66.0,64.0,67.0,70.0,74.0,71.0,64.0
341,154.0,154.0,155.0,198.0,297.0,294.0,154.0
342,122.0,119.0,119.0,118.0,110.0,102.0,120.0
343,111.0,110.0,111.0,114.0,108.0,104.0,110.0
344,139.0,131.0,139.0,153.0,169.0,169.0,134.0
345,108.0,106.0,109.0,116.0,119.0,118.0,107.0
346,227.0,224.0,228.0,229.0,211.0,196.0,213.0
347,52.0,52.0,55.0,59.0,67.0,64.0,49.0
348,282.0,274.0,283.0,320.0,384.0,394.0,282.0
349,111.0,110.0,112.0,112.0,104.0,100.0,111.0
350,260.0,250.0,258.0,246.0,132.0,98.0,251.0
351,113.0,111.0,112.0,112.0,91.0,86.0,110.0
352,269.0,256.0,270.0,255.0,82.0,54.0,272.0
353,58.0,58.0,61.0,60.0,63.0,62.0,56.0
354,68.0,66.0,70.0,74.0,82.0,82.0,67.0
355,72.0,69.0,71.0,73.0,50.0,44.0,71.0
356,135.0,130.0,134.0,142.0,137.0,135.0,131.0
357,51.0,50.0,53.0,56.0,62.0,59.0,49.0
358,161.0,154.0,153.0,155.0,122.0,120.0,154.0
359,151.0,142.0,150.0,164.0,182.0,175.0,144.0
360,128.0,120.0,133.0,154.0,220.0,221.0,127.0
361,230.0,224.0,230.0,230.0,142.0,113.0,222.0
362,144.0,138.0,141.0,148.0,133.0,133.0,139.0
363,66.0,65.0,67.0,69.0,66.0,62.0,64.0
364,99.0,94.0,99.0,122.0,173.0,172.0,101.0
365,61.0,62.0,64.0,70.0,82.0,80.0,60.0
366,87.0,87.0,89.0,88.0,48.0,41.0,88.0
367,87.0,78.0,83.0,86.0,88.0,92.0,87.0
368,308.0,291.0,294.0,290.0,163.0,136.0,279.0
369,117.0,116.0,120.0,135.0,163.0,161.0,118.0
370,201.0,184.0,203.0,245.0,349.0,356.0,193.0
371,222.0,203.0,219.0,254.0,326.0,326.0,207.0
372,53.0,53.0,57.0,60.0,69.0,67.0,50.0
373,51.0,51.0,55.0,59.0,69.0,66.0,49.0
374,60.0,60.0,63.0,65.0,70.0,68.0,58.0
375,48.0,48.0,51.0,57.0,71.0,68.0,47.0
376,39.0,40.0,40.0,46.0,56.0,53.0,41.0
377,120.0,119.0,120.0,117.0,98.0,91.0,118.0
378,164.0,159.0,163.0,172.0,165.0,157.0,161.0
379,41.0,38.0,41.0,55.0,111.0,100.0,40.0
380,203.0,197.0,212.0,239.0,288.0,291.0,193.0
381,37.0,39.0,38.0,44.0,52.0,50.0,40.0
382,59.0,58.0,64.0,64.0,71.0,71.0,57.0
383,93.0,90.0,92.0,93.0,86.0,85.0,93.0
384,87.0,87.0,89.0,88.0,46.0,39.0,88.0
385,43.0,42.0,44.0,50.0,63.0,60.0,43.0
386,175.0,167.0,178.0,195.0,211.0,205.0,169.0
387,68.0,67.0,71.0,81.0,94.0,99.0,69.0
388,89.0,86.0,89.0,111.0,158.0,154.0,88.0
389,111.0,110.0,111.0,115.0,114.0,112.0,111.0
390,57.0,55.0,56.0,74.0,133.0,126.0,58.0
391,243.0,236.0,246.0,296.0,280.0,279.0,228.0
392,313.0,296.0,298.0,294.0,149.0,123.0,283.0
393,440.0,440.0,448.0,485.0,522.0,544.0,448.0
394,164.0,159.0,164.0,175.0,176.0,167.0,160.0
395,226.0,223.0,227.0,230.0,214.0,201.0,212.0
396,107.0,105.0,107.0,107.0,89.0,87.0,104.0
397,124.0,115.0,127.0,146.0,191.0,193.0,123.0
398,135.0,132.0,132.0,135.0,116.0,113.0,129.0
399,120.0,114.0,125.0,156.0,242.0,245.0,126.0
400,73.0,69.0,73.0,75.0,77.0,77.0,71.0
401,101.0,99.0,102.0,103.0,90.0,88.0,100.0
402,217.0,206.0,211.0,216.0,207.0,202.0,203.0
403,96.0,94.0,98.0,109.0,125.0,124.0,95.0
404,171.0,164.0,174.0,210.0,296.0,301.0,171.0
405,151.0,146.0,144.0,143.0,91.0,81.0,141.0
406,195.0,184.0,189.0,191.0,187.0,186.0,188.0
407,196.0,185.0,192.0,198.0,195.0,190.0,188.0
408,291.0,283.0,291.0,329.0,391.0,406.0,290.0
409,93.0,89.0,92.0,97.0,103.0,105.0,91.0
410,88.0,85.0,90.0,99.0,117.0,117.0,87.0
411,27.0,27.0,29.0,38.0,54.0,48.0,31.0
412,87.0,86.0,87.0,88.0,54.0,47.0,87.0
413,210.0,203.0,208.0,211.0,191.0,176.0,199.0
414,417.0,412.0,419.0,458.0,502.0,538.0,421.0
415,77.0,74.0,75.0,78.0,57.0,50.0,76.0
416,59.0,61.0,62.0,73.0,101.0,101.0,59.0
417,30.0,31.0,31.0,40.0,55.0,50.0,34.0
418,134.0,124.0,133.0,151.0,182.0,182.0,129.0
419,54.0,53.0,56.0,60.0,65.0,62.0,52.0
420,94.0,91.0,92.0,96.0,92.0,91.0,91.0
421,44.0,42.0,46.0,56.0,94.0,85.0,44.0
422,81.0,77.0,81.0,90.0,102.0,103.0,80.0
423,76.0,74.0,77.0,107.0,183.0,177.0,79.0
424,69.0,68.0,71.0,85.0,115.0,114.0,70.0
425,101.0,97.0,101.0,123.0,160.0,157.0,100.0
426,187.0,182.0,189.0,213.0,192.0,181.0,181.0
427,131.0,128.0,130.0,126.0,89.0,78.0,127.0
428,189.0,179.0,185.0,189.0,186.0,182.0,183.0
429,38.0,39.0,39.0,45.0,57.0,53.0,40.0
430,110.0,109.0,111.0,111.0,97.0,92.0,108.0
431,63.0,64.0,67.0,73.0,86.0,87.0,63.0
432,47.0,47.0,50.0,56.0,79.0,74.0,47.0
433,92.0,89.0,91.0,93.0,87.0,86.0,91.0
434,48.0,47.0,51.0,59.0,94.0,88.0,48.0
435,404.0,373.0,418.0,498.0,754.0,765.0,433.0
436,437.0,442.0,448.0,483.0,518.0,543.0,444.0
437,61.0,60.0,62.0,64.0,59.0,56.0,60.0
438,69.0,67.0,71.0,81.0,96.0,100.0,68.0
439,135.0,129.0,134.0,141.0,137.0,136.0,130.0
440,74.0,71.0,75.0,77.0,78.0,78.0,73.0
441,193.0,185.0,199.0,230.0,302.0,310.0,186.0
442,87.0,86.0,89.0,101.0,128.0,124.0,85.0
443,59.0,61.0,62.0,71.0,88.0,87.0,58.0
444,81.0,77.0,80.0,84.0,85.0,86.0,81.0
445,195.0,189.0,201.0,221.0,248.0,236.0,188.0
446,38.0,39.0,39.0,45.0,56.0,53.0,40.0
447,230.0,226.0,228.0,228.0,114.0,91.0,222.0
448,176.0,176.0,169.0,172.0,76.0,61.0,155.0
449,35.0,32.0,36.0,46.0,89.0,82.0,38.0
450,66.0,63.0,67.0,69.0,73.0,73.0,65.0
451,127.0,117.0,128.0,148.0,189.0,186.0,124.0
452,219.0,209.0,228.0,243.0,267.0,273.0,206.0
453,65.0,63.0,66.0,66.0,65.0,63.0,63.0
454,66.0,64.0,67.0,68.0,68.0,66.0,64.0
455,127.0,122.0,130.0,141.0,156.0,157.0,126.0
456,60.0,62.0,64.0,73.0,89.0,88.0,60.0
457,52.0,52.0,55.0,68.0,109.0,105.0,52.0
458,123.0,116.0,126.0,149.0,187.0,186.0,122.0
459,36.0,34.0,37.0,53.0,110.0,89.0,39.0
460,272.0,260.0,272.0,257.0,99.0,68.0,270.0
461,54.0,53.0,56.0,59.0,63.0,60.0,51.0
462,74.0,71.0,74.0,95.0,154.0,150.0,74.0
463,149.0,141.0,150.0,157.0,169.0,169.0,146.0
464,81.0,79.0,82.0,105.0,164.0,159.0,81.0
465,386.0,372.0,384.0,441.0,545.0,589.0,396.0
466,69.0,67.0,70.0,87.0,129.0,125.0,70.0
467,97.0,93.0,97.0,104.0,115.0,118.0,95.0
468,48.0,49.0,52.0,58.0,80.0,76.0,47.0
469,67.0,65.0,67.0,68.0,67.0,66.0,65.0
470,54.0,52.0,53.0,70.0,125.0,117.0,54.0
471,88.0,81.0,85.0,88.0,94.0,97.0,86.0
472,453.0,433.0,460.0,515.0,639.0,618.0,480.0
473,94.0,92.0,94.0,90.0,53.0,46.0,93.0
474,34.0,36.0,35.0,42.0,51.0,48.0,37.0
475,132.0,128.0,131.0,139.0,134.0,130.0,127.0
476,87.0,87.0,89.0,88.0,42.0,35.0,89.0
477,92.0,87.0,91.0,96.0,105.0,107.0,90.0
478,43.0,43.0,43.0,49.0,55.0,54.0,43.0
479,66.0,66.0,68.0,79.0,105.0,108.0,67.0
480,67.0,67.0,70.0,79.0,89.0,89.0,68.0
481,53.0,53.0,56.0,61.0,73.0,70.0,51.0
482,86.0,83.0,87.0,105.0,144.0,140.0,84.0
483,75.0,72.0,73.0,76.0,63.0,56.0,74.0
484,79.0,76.0,79.0,107.0,177.0,172.0,81.0
485,114.0,109.0,114.0,125.0,133.0,135.0,111.0
486,80.0,79.0,83.0,93.0,113.0,111.0,81.0
487,50.0,49.0,52.0,56.0,61.0,59.0,48.0
488,68.0,65.0,69.0,73.0,78.0,76.0,66.0
489,101.0,99.0,102.0,104.0,98.0,97.0,101.0
490,44.0,42.0,46.0,53.0,87.0,79.0,44.0
491,244.0,232.0,247.0,274.0,282.0,280.0,230.0
492,69.0,68.0,71.0,79.0,88.0,87.0,68.0
493,115.0,111.0,114.0,120.0,122.0,121.0,113.0
494,68.0,67.0,70.0,80.0,103.0,106.0,68.0
495,61.0,60.0,61.0,78.0,130.0,126.0,62.0
496,128.0,125.0,128.0,137.0,136.0,133.0,125.0
497,71.0,69.0,72.0,85.0,105.0,108.0,71.0
498,76.0,72.0,77.0,80.0,83.0,85.0,76.0
499,54.0,54.0,58.0,61.0,72.0,70.0,52.0
500,132.0,126.0,138.0,163.0,235.0,231.0,130.0
501,188.0,181.0,183.0,180.0,145.0,138.0,182.0
502,129.0,121.0,129.0,148.0,181.0,177.0,126.0
503,112.0,110.0,112.0,112.0,88.0,82.0,110.0
504,73.0,72.0,75.0,86.0,97.0,98.0,73.0
505,115.0,112.0,118.0,113.0,53.0,41.0,112.0
506,71.0,69.0,72.0,89.0,142.0,139.0,71.0
507,272.0,269.0,274.0,285.0,246.0,225.0,256.0
508,164.0,160.0,158.0,156.0,104.0,98.0,151.0
509,52.0,52.0,56.0,65.0,74.0,72.0,51.0
510,67.0,65.0,67.0,69.0,68.0,65.0,65.0
511,134.0,124.0,132.0,151.0,190.0,190.0,129.0
512,58.0,60.0,61.0,71.0,91.0,88.0,58.0
513,146.0,140.0,142.0,147.0,128.0,127.0,140.0
514,82.0,78.0,82.0,88.0,93.0,94.0,82.0
515,137.0,130.0,138.0,147.0,153.0,155.0,134.0
516,89.0,86.0,87.0,90.0,87.0,84.0,86.0
517,2155.0,1460.0,1847.0,2023.0,3353.0,3432.0,1795.0
518,60.0,62.0,63.0,74.0,100.0,101.0,60.0
519,198.0,191.0,203.0,219.0,236.0,232.0,190.0
520,75.0,73.0,76.0,77.0,76.0,75.0,74.0
521,69.0,68.0,71.0,86.0,120.0,120.0,71.0
522,133.0,123.0,131.0,150.0,183.0,182.0,128.0
523,48.0,47.0,51.0,55.0,64.0,61.0,46.0
524,78.0,71.0,76.0,76.0,19.0,16.0,79.0
525,57.0,57.0,62.0,63.0,71.0,69.0,55.0
526,96.0,94.0,97.0,110.0,130.0,129.0,94.0
527,80.0,77.0,78.0,81.0,50.0,43.0,80.0
528,391.0,375.0,395.0,461.0,597.0,640.0,410.0
529,125.0,123.0,124.0,121.0,95.0,84.0,122.0
530,830.0,799.0,841.0,792.0,274.0,226.0,831.0
531,129.0,119.0,130.0,150.0,191.0,190.0,126.0
532,114.0,108.0,113.0,121.0,131.0,134.0,110.0
533,128.0,125.0,125.0,123.0,98.0,89.0,124.0
534,38.0,35.0,38.0,50.0,102.0,92.0,38.0
535,179.0,170.0,180.0,193.0,191.0,185.0,174.0
536,74.0,71.0,75.0,82.0,91.0,93.0,73.0
537,110.0,105.0,111.0,132.0,176.0,174.0,112.0
538,47.0,43.0,44.0,61.0,132.0,116.0,44.0
539,104.0,102.0,105.0,116.0,125.0,124.0,103.0
540,83.0,79.0,82.0,88.0,95.0,96.0,82.0
541,187.0,175.0,184.0,194.0,190.0,186.0,182.0
542,89.0,85.0,87.0,91.0,88.0,86.0,87.0
543,69.0,68.0,72.0,81.0,93.0,97.0,69.0
544,105.0,99.0,105.0,129.0,174.0,171.0,106.0
545,141.0,135.0,146.0,168.0,220.0,215.0,138.0
546,62.0,63.0,65.0,76.0,101.0,103.0,62.0
547,69.0,67.0,71.0,77.0,85.0,85.0,68.0
548,118.0,114.0,118.0,132.0,151.0,151.0,116.0
549,65.0,65.0,67.0,78.0,100.0,104.0,65.0
550,98.0,94.0,98.0,101.0,103.0,104.0,96.0
551,103.0,100.0,104.0,114.0,123.0,124.0,102.0
552,109.0,104.0,109.0,129.0,167.0,166.0,110.0
553,263.0,257.0,269.0,300.0,306.0,310.0,253.0
554,88.0,85.0,88.0,111.0,165.0,160.0,88.0
555,108.0,103.0,108.0,118.0,130.0,132.0,106.0
556,44.0,44.0,45.0,51.0,57.0,56.0,45.0
557,301.0,315.0,315.0,337.0,261.0,258.0,289.0
558,103.0,101.0,104.0,111.0,116.0,117.0,101.0
559,228.0,222.0,222.0,219.0,77.0,63.0,220.0
560,152.0,144.0,154.0,165.0,177.0,175.0,148.0
561,76.0,69.0,73.0,72.0,19.0,17.0,77.0
562,78.0,72.0,76.0,76.0,22.0,18.0,79.0
563,48.0,48.0,51.0,55.0,59.0,57.0,47.0
564,209.0,192.0,206.0,250.0,343.0,344.0,198.0
565,282.0,287.0,292.0,320.0,302.0,305.0,272.0
566,70.0,68.0,72.0,81.0,96.0,99.0,70.0
567,65.0,63.0,65.0,66.0,59.0,55.0,63.0
568,125.0,118.0,128.0,152.0,209.0,209.0,125.0
569,213.0,202.0,205.0,203.0,198.0,195.0,197.0
570,156.0,149.0,163.0,178.0,200.0,194.0,151.0
571,180.0,168.0,169.0,168.0,120.0,109.0,166.0
572,372.0,357.0,363.0,407.0,468.0,488.0,364.0
573,46.0,45.0,47.0,52.0,61.0,59.0,45.0
574,54.0,54.0,56.0,60.0,64.0,60.0,51.0
575,170.0,162.0,162.0,161.0,138.0,135.0,164.0
576,65.0,65.0,68.0,78.0,93.0,95.0,65.0
577,540.0,513.0,552.0,589.0,744.0,751.0,562.0
578,144.0,140.0,141.0,141.0,107.0,100.0,137.0
579,116.0,113.0,119.0,134.0,164.0,163.0,117.0
580,539.0,512.0,552.0,596.0,800.0,811.0,562.0
581,80.0,75.0,79.0,84.0,88.0,90.0,79.0
582,44.0,42.0,47.0,54.0,85.0,78.0,45.0
583,41.0,38.0,42.0,55.0,102.0,93.0,41.0
584,109.0,107.0,111.0,127.0,143.0,142.0,108.0
585,91.0,87.0,89.0,92.0,88.0,88.0,90.0
586,87.0,81.0,84.0,89.0,90.0,91.0,86.0
587,115.0,111.0,116.0,133.0,163.0,162.0,115.0
588,51.0,51.0,55.0,61.0,70.0,67.0,49.0
589,50.0,49.0,52.0,56.0,62.0,59.0,47.0
590,128.0,125.0,128.0,136.0,132.0,129.0,124.0
591,51.0,51.0,54.0,60.0,80.0,76.0,49.0
592,326.0,314.0,298.0,367.0,493.0,508.0,325.0
593,199.0,189.0,202.0,242.0,324.0,322.0,190.0
594,49.0,45.0,46.0,64.0,137.0,119.0,46.0
595,373.0,381.0,389.0,377.0,182.0,156.0,359.0
596,42.0,42.0,42.0,48.0,55.0,55.0,42.0
597,68.0,65.0,69.0,71.0,75.0,74.0,66.0
598,83.0,80.0,83.0,89.0,93.0,93.0,83.0
599,48.0,46.0,49.0,54.0,61.0,59.0,46.0
600,232.0,223.0,236.0,257.0,262.0,259.0,217.0
601,117.0,114.0,117.0,123.0,121.0,119.0,114.0
602,68.0,68.0,71.0,79.0,89.0,89.0,68.0
603,87.0,82.0,85.0,89.0,89.0,88.0,85.0
604,166.0,161.0,159.0,158.0,104.0,96.0,153.0
605,61.0,62.0,63.0,70.0,80.0,77.0,60.0
606,127.0,123.0,127.0,135.0,135.0,135.0,123.0
607,87.0,80.0,86.0,91.0,105.0,107.0,84.0
608,273.0,275.0,283.0,310.0,292.0,302.0,262.0
609,83.0,77.0,83.0,90.0,106.0,108.0,81.0
610,83.0,81.0,86.0,95.0,119.0,115.0,81.0
611,134.0,123.0,133.0,150.0,185.0,184.0,129.0
612,92.0,88.0,93.0,101.0,115.0,115.0,90.0
613,191.0,183.0,203.0,223.0,275.0,280.0,185.0
614,181.0,170.0,180.0,197.0,188.0,182.0,177.0
615,123.0,114.0,125.0,146.0,193.0,191.0,121.0
616,80.0,79.0,83.0,94.0,121.0,118.0,80.0
617,108.0,108.0,109.0,109.0,100.0,98.0,107.0
618,175.0,168.0,166.0,166.0,107.0,96.0,158.0
619,47.0,46.0,50.0,56.0,77.0,72.0,47.0
620,172.0,164.0,165.0,163.0,144.0,141.0,167.0
621,154.0,150.0,149.0,151.0,118.0,114.0,147.0
622,44.0,43.0,47.0,53.0,77.0,72.0,44.0
623,108.0,105.0,110.0,121.0,130.0,128.0,107.0
624,142.0,132.0,143.0,153.0,165.0,167.0,138.0
625,95.0,91.0,95.0,101.0,114.0,115.0,93.0
626,136.0,132.0,134.0,139.0,129.0,129.0,132.0
627,184.0,179.0,184.0,193.0,167.0,153.0,179.0
628,152.0,152.0,153.0,196.0,296.0,292.0,152.0
629,130.0,119.0,132.0,150.0,197.0,199.0,127.0
630,104.0,98.0,104.0,129.0,180.0,178.0,106.0
631,182.0,170.0,180.0,192.0,187.0,183.0,178.0
632,41.0,42.0,43.0,48.0,50.0,48.0,44.0
633,62.0,63.0,66.0,73.0,91.0,91.0,62.0
634,74.0,71.0,75.0,82.0,91.0,94.0,73.0
635,48.0,47.0,50.0,55.0,64.0,62.0,46.0
636,96.0,92.0,95.0,98.0,100.0,101.0,95.0
637,225.0,217.0,224.0,226.0,190.0,163.0,212.0
638,301.0,314.0,318.0,335.0,285.0,286.0,296.0
639,87.0,82.0,87.0,94.0,109.0,110.0,84.0
640,141.0,133.0,141.0,156.0,177.0,176.0,136.0
641,61.0,61.0,63.0,65.0,66.0,64.0,59.0
642,143.0,135.0,141.0,149.0,143.0,145.0,138.0
643,98.0,95.0,98.0,103.0,108.0,109.0,96.0
644,42.0,39.0,44.0,50.0,86.0,79.0,42.0
645,122.0,120.0,120.0,120.0,110.0,103.0,119.0
646,92.0,89.0,91.0,93.0,85.0,84.0,91.0
647,133.0,124.0,132.0,151.0,184.0,182.0,129.0
648,98.0,95.0,99.0,103.0,107.0,107.0,96.0
649,171.0,167.0,162.0,163.0,93.0,83.0,153.0
650,556.0,530.0,569.0,606.0,758.0,769.0,573.0
651,312.0,304.0,306.0,310.0,189.0,166.0,287.0
652,148.0,143.0,157.0,183.0,256.0,252.0,144.0
653,117.0,114.0,117.0,126.0,129.0,127.0,114.0
654,102.0,101.0,104.0,114.0,121.0,119.0,102.0
655,64.0,63.0,66.0,70.0,74.0,71.0,63.0
656,207.0,197.0,200.0,198.0,188.0,183.0,195.0
657,65.0,65.0,67.0,74.0,85.0,83.0,64.0
658,167.0,161.0,174.0,194.0,210.0,204.0,162.0
659,28.0,31.0,31.0,37.0,40.0,39.0,36.0
660,58.0,58.0,62.0,64.0,74.0,72.0,57.0
661,106.0,103.0,108.0,123.0,142.0,140.0,105.0
662,95.0,92.0,94.0,93.0,67.0,64.0,92.0
663,83.0,78.0,83.0,92.0,109.0,109.0,79.0
664,62.0,63.0,65.0,75.0,98.0,99.0,62.0
665,85.0,83.0,87.0,100.0,128.0,126.0,83.0
666,79.0,76.0,78.0,80.0,63.0,56.0,79.0
667,274.0,277.0,280.0,307.0,262.0,262.0,260.0
668,178.0,170.0,182.0,221.0,311.0,315.0,174.0
669,88.0,85.0,90.0,98.0,117.0,116.0,85.0
670,136.0,127.0,137.0,155.0,200.0,197.0,132.0
671,194.0,187.0,205.0,226.0,274.0,279.0,189.0
672,99.0,94.0,99.0,123.0,175.0,174.0,101.0
673,84.0,79.0,84.0,90.0,103.0,105.0,82.0
674,186.0,181.0,178.0,180.0,92.0,75.0,163.0
675,62.0,63.0,64.0,72.0,85.0,82.0,61.0
676,126.0,117.0,128.0,148.0,189.0,185.0,124.0
677,105.0,102.0,106.0,116.0,126.0,125.0,103.0
678,106.0,105.0,107.0,108.0,87.0,84.0,104.0
679,504.0,479.0,513.0,558.0,720.0,713.0,532.0
680,83.0,80.0,82.0,83.0,71.0,69.0,82.0
681,83.0,79.0,85.0,94.0,113.0,112.0,81.0
682,57.0,60.0,61.0,71.0,92.0,90.0,58.0
683,42.0,39.0,43.0,55.0,110.0,99.0,41.0
684,66.0,65.0,67.0,70.0,72.0,67.0,64.0
685,241.0,223.0,243.0,274.0,356.0,351.0,236.0
686,130.0,122.0,132.0,144.0,166.0,168.0,127.0
687,62.0,63.0,65.0,76.0,96.0,98.0,62.0
688,100.0,98.0,101.0,106.0,111.0,110.0,99.0
689,70.0,67.0,72.0,74.0,79.0,78.0,69.0
690,109.0,105.0,109.0,124.0,142.0,142.0,107.0
691,163.0,157.0,169.0,198.0,264.0,261.0,162.0
692,100.0,98.0,103.0,120.0,137.0,137.0,99.0
693,67.0,65.0,67.0,69.0,68.0,65.0,65.0
694,156.0,152.0,152.0,150.0,105.0,99.0,147.0
695,140.0,142.0,147.0,184.0,287.0,279.0,139.0
696,86.0,81.0,85.0,89.0,94.0,95.0,86.0
697,116.0,115.0,116.0,114.0,91.0,85.0,113.0
698,57.0,57.0,61.0,61.0,66.0,65.0,54.0
699,73.0,70.0,73.0,74.0,74.0,71.0,71.0
700,67.0,66.0,70.0,74.0,84.0,81.0,67.0
701,90.0,87.0,92.0,100.0,116.0,116.0,88.0
702,100.0,97.0,102.0,123.0,155.0,151.0,99.0
703,79.0,76.0,78.0,80.0,58.0,51.0,78.0
704,82.0,79.0,81.0,84.0,67.0,63.0,81.0
705,48.0,44.0,45.0,63.0,138.0,119.0,44.0
706,87.0,83.0,85.0,87.0,69.0,67.0,85.0
707,68.0,66.0,70.0,73.0,77.0,75.0,67.0
708,82.0,77.0,82.0,91.0,107.0,107.0,80.0
709,54.0,55.0,58.0,63.0,75.0,73.0,53.0
710,65.0,65.0,67.0,74.0,84.0,81.0,63.0
711,126.0,123.0,126.0,122.0,87.0,74.0,124.0
712,85.0,82.0,85.0,102.0,146.0,142.0,83.0
713,205.0,197.0,203.0,210.0,209.0,208.0,195.0
714,133.0,126.0,139.0,161.0,231.0,229.0,131.0
715,225.0,203.0,221.0,257.0,342.0,338.0,213.0
716,151.0,148.0,147.0,147.0,108.0,102.0,143.0
717,103.0,97.0,102.0,124.0,166.0,164.0,103.0
718,76.0,73.0,77.0,85.0,94.0,95.0,76.0
719,110.0,104.0,112.0,132.0,178.0,179.0,112.0
720,170.0,164.0,165.0,169.0,152.0,143.0,165.0
721,186.0,175.0,183.0,188.0,188.0,185.0,179.0
722,116.0,113.0,118.0,113.0,57.0,47.0,114.0
723,186.0,182.0,197.0,227.0,286.0,278.0,187.0
724,40.0,41.0,41.0,47.0,56.0,54.0,41.0
725,131.0,127.0,130.0,136.0,126.0,124.0,126.0
726,61.0,60.0,63.0,63.0,63.0,62.0,58.0
727,46.0,46.0,49.0,55.0,71.0,68.0,46.0
728,439.0,420.0,426.0,431.0,410.0,427.0,417.0
729,236.0,215.0,234.0,267.0,322.0,322.0,224.0
730,269.0,267.0,305.0,303.0,339.0,346.0,263.0
731,1554.0,1428.0,1561.0,1569.0,1776.0,1778.0,1485.0
732,103.0,98.0,105.0,139.0,213.0,214.0,108.0
733,151.0,145.0,149.0,155.0,151.0,150.0,149.0
734,117.0,111.0,120.0,152.0,219.0,220.0,121.0
735,70.0,68.0,71.0,74.0,74.0,72.0,69.0
736,112.0,109.0,113.0,130.0,150.0,149.0,111.0
737,376.0,365.0,371.0,403.0,447.0,464.0,365.0
738,141.0,131.0,149.0,165.0,216.0,216.0,138.0
739,80.0,75.0,81.0,91.0,110.0,111.0,79.0
740,96.0,94.0,98.0,118.0,146.0,141.0,95.0
741,74.0,72.0,76.0,87.0,108.0,109.0,74.0
742,554.0,525.0,556.0,591.0,588.0,585.0,563.0
743,113.0,113.0,118.0,113.0,58.0,49.0,112.0
744,80.0,78.0,81.0,112.0,187.0,179.0,83.0
745,83.0,82.0,83.0,85.0,50.0,42.0,84.0
746,69.0,69.0,72.0,79.0,89.0,88.0,68.0
747,375.0,358.0,367.0,425.0,515.0,569.0,385.0
748,127.0,122.0,130.0,146.0,171.0,170.0,126.0
749,30.0,33.0,33.0,39.0,46.0,45.0,35.0
750,144.0,136.0,141.0,150.0,142.0,142.0,138.0
751,88.0,81.0,85.0,89.0,95.0,97.0,87.0
752,106.0,104.0,107.0,119.0,135.0,131.0,104.0
753,64.0,63.0,65.0,70.0,75.0,72.0,62.0
754,144.0,138.0,142.0,147.0,139.0,142.0,140.0
755,107.0,106.0,109.0,128.0,153.0,151.0,107.0
756,173.0,165.0,166.0,166.0,144.0,136.0,167.0
757,142.0,135.0,149.0,162.0,200.0,197.0,138.0
758,65.0,64.0,66.0,65.0,63.0,61.0,63.0
759,128.0,124.0,125.0,127.0,117.0,113.0,123.0
760,105.0,100.0,105.0,128.0,174.0,170.0,107.0
761,92.0,88.0,93.0,98.0,107.0,108.0,91.0
762,122.0,118.0,126.0,143.0,168.0,167.0,122.0
763,106.0,103.0,107.0,121.0,133.0,133.0,104.0
764,65.0,65.0,67.0,79.0,101.0,104.0,65.0
765,112.0,111.0,112.0,111.0,89.0,84.0,109.0
766,47.0,48.0,51.0,57.0,79.0,75.0,47.0
767,61.0,61.0,63.0,68.0,77.0,75.0,59.0
768,118.0,116.0,118.0,117.0,107.0,104.0,117.0
769,151.0,147.0,162.0,187.0,219.0,216.0,148.0
770,49.0,49.0,52.0,57.0,69.0,66.0,48.0
771,93.0,91.0,94.0,107.0,130.0,127.0,91.0
772,138.0,127.0,137.0,154.0,189.0,188.0,133.0
773,137.0,130.0,143.0,163.0,219.0,215.0,133.0
774,170.0,164.0,173.0,189.0,195.0,188.0,166.0
775,339.0,344.0,341.0,370.0,355.0,346.0,329.0
776,203.0,187.0,201.0,242.0,336.0,344.0,194.0
777,202.0,198.0,202.0,205.0,159.0,141.0,195.0
778,130.0,127.0,128.0,125.0,94.0,84.0,125.0
779,234.0,231.0,235.0,240.0,229.0,219.0,216.0
780,122.0,118.0,120.0,121.0,116.0,110.0,118.0
781,159.0,154.0,161.0,199.0,275.0,270.0,158.0
782,33.0,35.0,34.0,42.0,51.0,49.0,36.0
783,112.0,111.0,112.0,112.0,94.0,89.0,110.0
784,60.0,60.0,62.0,65.0,67.0,65.0,58.0
785,70.0,69.0,71.0,76.0,81.0,79.0,68.0
786,48.0,49.0,52.0,58.0,78.0,75.0,48.0
787,90.0,89.0,92.0,103.0,128.0,125.0,88.0
788,330.0,356.0,358.0,364.0,251.0,243.0,336.0
789,214.0,208.0,210.0,210.0,112.0,91.0,200.0
790,49.0,47.0,51.0,55.0,62.0,59.0,46.0
791,80.0,77.0,82.0,91.0,104.0,104.0,79.0
792,203.0,199.0,203.0,207.0,161.0,142.0,196.0
793,49.0,49.0,52.0,64.0,104.0,99.0,49.0
794,214.0,205.0,210.0,211.0,176.0,160.0,203.0
795,118.0,116.0,118.0,116.0,90.0,82.0,116.0
796,56.0,55.0,56.0,72.0,121.0,118.0,58.0
797,84.0,82.0,86.0,97.0,124.0,121.0,82.0
798,92.0,90.0,92.0,88.0,48.0,41.0,93.0
799,101.0,97.0,101.0,123.0,158.0,154.0,100.0
800,174.0,166.0,180.0,209.0,269.0,268.0,174.0
801,86.0,85.0,89.0,98.0,122.0,120.0,85.0
802,64.0,63.0,65.0,79.0,115.0,115.0,65.0
803,257.0,239.0,249.0,243.0,169.0,133.0,241.0
804,106.0,103.0,106.0,111.0,112.0,112.0,104.0
805,203.0,199.0,203.0,208.0,155.0,133.0,196.0
806,450.0,421.0,462.0,521.0,743.0,729.0,478.0
807,59.0,60.0,62.0,73.0,105.0,105.0,59.0
808,279.0,279.0,296.0,325.0,350.0,354.0,274.0
809,53.0,55.0,58.0,63.0,77.0,75.0,51.0
810,23.0,25.0,27.0,33.0,36.0,34.0,32.0
811,45.0,44.0,47.0,52.0,60.0,58.0,45.0
812,184.0,184.0,179.0,184.0,79.0,64.0,166.0
813,66.0,65.0,67.0,71.0,76.0,73.0,65.0
814,214.0,208.0,213.0,219.0,201.0,189.0,202.0
815,50.0,50.0,53.0,61.0,85.0,82.0,49.0
816,286.0,279.0,292.0,322.0,368.0,377.0,283.0
817,120.0,115.0,119.0,126.0,129.0,130.0,116.0
818,57.0,59.0,60.0,72.0,98.0,96.0,57.0
819,87.0,87.0,88.0,88.0,48.0,41.0,88.0
820,220.0,218.0,226.0,237.0,237.0,235.0,208.0
821,156.0,150.0,164.0,188.0,247.0,243.0,153.0
822,69.0,68.0,71.0,81.0,100.0,104.0,70.0
823,93.0,89.0,92.0,97.0,105.0,106.0,91.0
824,108.0,104.0,108.0,121.0,132.0,133.0,105.0
825,609.0,589.0,637.0,648.0,722.0,763.0,630.0
826,116.0,114.0,116.0,122.0,122.0,120.0,115.0
827,63.0,62.0,64.0,65.0,55.0,52.0,62.0
828,55.0,55.0,58.0,60.0,63.0,59.0,53.0
829,321.0,314.0,324.0,350.0,394.0,404.0,311.0
830,81.0,78.0,83.0,94.0,122.0,120.0,79.0
831,220.0,213.0,227.0,244.0,256.0,256.0,206.0
832,66.0,65.0,67.0,70.0,70.0,66.0,64.0
833,54.0,53.0,57.0,60.0,66.0,63.0,51.0
834,75.0,72.0,77.0,92.0,132.0,129.0,74.0
835,118.0,115.0,118.0,131.0,141.0,138.0,116.0
836,89.0,88.0,91.0,110.0,149.0,144.0,88.0
837,108.0,105.0,108.0,107.0,80.0,76.0,105.0
838,139.0,132.0,136.0,143.0,132.0,131.0,133.0
839,97.0,95.0,99.0,114.0,138.0,135.0,96.0
840,239.0,231.0,242.0,278.0,270.0,265.0,224.0
841,37.0,40.0,39.0,44.0,50.0,48.0,40.0
842,37.0,35.0,38.0,47.0,84.0,77.0,39.0
843,61.0,63.0,65.0,72.0,87.0,88.0,60.0
844,76.0,74.0,78.0,90.0,118.0,116.0,76.0
845,64.0,63.0,65.0,67.0,69.0,66.0,62.0
846,55.0,56.0,58.0,64.0,79.0,76.0,54.0
847,71.0,68.0,71.0,93.0,158.0,155.0,71.0
848,154.0,150.0,149.0,147.0,96.0,89.0,144.0
849,73.0,72.0,75.0,90.0,130.0,127.0,73.0
850,203.0,196.0,209.0,248.0,295.0,290.0,196.0
851,77.0,74.0,78.0,86.0,98.0,100.0,77.0
852,90.0,85.0,90.0,122.0,201.0,198.0,95.0
853,89.0,85.0,89.0,118.0,186.0,181.0,92.0
854,465.0,440.0,469.0,517.0,604.0,586.0,493.0
855,43.0,43.0,43.0,48.0,54.0,54.0,43.0
856,46.0,44.0,48.0,53.0,71.0,67.0,45.0
857,54.0,55.0,57.0,65.0,84.0,81.0,54.0
858,101.0,98.0,102.0,113.0,126.0,125.0,100.0
859,104.0,98.0,103.0,106.0,113.0,116.0,101.0
860,553.0,526.0,567.0,603.0,762.0,777.0,573.0
861,143.0,135.0,146.0,163.0,193.0,192.0,140.0
862,179.0,165.0,179.0,191.0,204.0,201.0,174.0
863,69.0,66.0,70.0,70.0,66.0,64.0,67.0
864,609.0,569.0,613.0,655.0,643.0,653.0,613.0
865,230.0,208.0,229.0,262.0,347.0,343.0,221.0
866,292.0,279.0,284.0,270.0,127.0,97.0,276.0
867,153.0,148.0,146.0,150.0,126.0,125.0,148.0
868,264.0,260.0,264.0,282.0,256.0,237.0,249.0
869,310.0,304.0,311.0,347.0,406.0,418.0,306.0
870,228.0,216.0,234.0,251.0,265.0,269.0,213.0
871,70.0,68.0,72.0,84.0,100.0,103.0,70.0
872,281.0,269.0,275.0,259.0,130.0,98.0,268.0
873,179.0,173.0,175.0,169.0,149.0,149.0,176.0
874,216.0,212.0,218.0,224.0,213.0,196.0,203.0
875,105.0,102.0,105.0,103.0,75.0,72.0,100.0
876,278.0,282.0,283.0,305.0,252.0,250.0,263.0
877,211.0,204.0,210.0,215.0,188.0,173.0,201.0
878,55.0,55.0,58.0,60.0,64.0,62.0,52.0
879,55.0,57.0,58.0,68.0,91.0,89.0,55.0
880,73.0,70.0,74.0,75.0,74.0,73.0,71.0
881,118.0,114.0,118.0,127.0,130.0,129.0,114.0
882,97.0,95.0,98.0,110.0,124.0,124.0,95.0
883,87.0,79.0,84.0,87.0,92.0,95.0,87.0
884,171.0,163.0,164.0,164.0,144.0,140.0,166.0
885,112.0,109.0,113.0,132.0,168.0,166.0,113.0
886,63.0,64.0,67.0,75.0,88.0,89.0,63.0
887,56.0,54.0,54.0,73.0,139.0,130.0,56.0
888,95.0,92.0,94.0,93.0,61.0,56.0,92.0
889,112.0,108.0,114.0,132.0,168.0,169.0,113.0
890,40.0,41.0,41.0,47.0,56.0,54.0,42.0
891,605.0,596.0,636.0,738.0,1045.0,1054.0,643.0
892,202.0,196.0,201.0,207.0,177.0,162.0,194.0
893,52.0,53.0,56.0,62.0,82.0,79.0,51.0
894,97.0,94.0,98.0,114.0,140.0,138.0,95.0
895,172.0,166.0,167.0,171.0,152.0,141.0,166.0
896,106.0,104.0,106.0,107.0,92.0,89.0,103.0
897,325.0,318.0,284.0,376.0,532.0,539.0,328.0
898,117.0,116.0,117.0,115.0,95.0,87.0,115.0
899,128.0,124.0,134.0,166.0,256.0,256.0,132.0
900,542.0,533.0,564.0,637.0,928.0,935.0,578.0
901,135.0,129.0,136.0,142.0,141.0,143.0,131.0
902,86.0,84.0,85.0,87.0,56.0,50.0,86.0
903,77.0,74.0,75.0,78.0,56.0,49.0,76.0
904,79.0,76.0,78.0,101.0,163.0,159.0,79.0
905,86.0,81.0,87.0,94.0,112.0,114.0,84.0
906,119.0,115.0,118.0,128.0,133.0,132.0,115.0
907,81.0,79.0,83.0,94.0,120.0,117.0,79.0
908,84.0,78.0,82.0,87.0,92.0,94.0,83.0
909,116.0,113.0,118.0,134.0,167.0,166.0,117.0
910,237.0,223.0,239.0,267.0,285.0,286.0,223.0
911,65.0,64.0,66.0,72.0,80.0,77.0,63.0
912,131.0,127.0,130.0,137.0,132.0,130.0,126.0
913,75.0,74.0,77.0,109.0,190.0,181.0,79.0
914,64.0,63.0,65.0,66.0,65.0,64.0,62.0
915,110.0,106.0,110.0,126.0,150.0,151.0,109.0
916,312.0,317.0,317.0,341.0,330.0,327.0,304.0
917,75.0,71.0,74.0,76.0,69.0,66.0,73.0
918,75.0,73.0,76.0,89.0,114.0,113.0,75.0
919,51.0,52.0,54.0,62.0,83.0,80.0,50.0
920,90.0,86.0,88.0,89.0,66.0,64.0,88.0
921,160.0,155.0,155.0,157.0,142.0,142.0,158.0
922,83.0,76.0,83.0,89.0,106.0,109.0,81.0
923,103.0,98.0,103.0,126.0,171.0,167.0,104.0
924,125.0,123.0,123.0,120.0,95.0,86.0,122.0
925,111.0,110.0,115.0,111.0,59.0,51.0,110.0
926,83.0,78.0,83.0,90.0,102.0,103.0,81.0
927,69.0,68.0,71.0,81.0,95.0,97.0,69.0
928,114.0,109.0,113.0,123.0,131.0,133.0,110.0
929,49.0,50.0,53.0,59.0,77.0,73.0,48.0
930,67.0,66.0,68.0,70.0,71.0,67.0,66.0
931,155.0,148.0,151.0,158.0,156.0,153.0,151.0
932,59.0,58.0,61.0,61.0,62.0,61.0,56.0
933,100.0,97.0,100.0,104.0,107.0,109.0,98.0
934,604.0,581.0,630.0,643.0,725.0,769.0,623.0
935,128.0,126.0,125.0,125.0,103.0,97.0,124.0
936,43.0,40.0,44.0,57.0,106.0,96.0,43.0
937,97.0,93.0,98.0,127.0,192.0,187.0,101.0
938,88.0,81.0,86.0,89.0,97.0,100.0,87.0
939,152.0,148.0,146.0,147.0,119.0,118.0,146.0
940,110.0,103.0,108.0,110.0,114.0,118.0,107.0
941,49.0,48.0,52.0,57.0,69.0,66.0,47.0
942,59.0,60.0,61.0,69.0,83.0,81.0,58.0
943,81.0,78.0,81.0,99.0,147.0,143.0,80.0
944,51.0,50.0,54.0,58.0,65.0,62.0,48.0
945,65.0,64.0,67.0,72.0,81.0,80.0,64.0
946,109.0,104.0,109.0,123.0,142.0,144.0,107.0
947,70.0,68.0,70.0,72.0,69.0,65.0,69.0
948,86.0,80.0,84.0,88.0,95.0,97.0,85.0
949,64.0,64.0,65.0,71.0,80.0,77.0,62.0
950,152.0,144.0,153.0,160.0,168.0,166.0,148.0
951,188.0,182.0,197.0,222.0,264.0,260.0,187.0
952,109.0,107.0,109.0,109.0,88.0,84.0,106.0
953,165.0,154.0,167.0,178.0,187.0,182.0,162.0
954,103.0,102.0,104.0,105.0,98.0,97.0,102.0
955,108.0,103.0,108.0,126.0,160.0,165.0,109.0
956,32.0,33.0,33.0,41.0,55.0,51.0,35.0
957,190.0,187.0,202.0,227.0,282.0,281.0,189.0
958,138.0,135.0,135.0,133.0,79.0,67.0,133.0
959,215.0,209.0,222.0,232.0,241.0,244.0,204.0
960,94.0,92.0,93.0,94.0,77.0,75.0,90.0
961,283.0,286.0,294.0,319.0,309.0,312.0,273.0
962,113.0,109.0,113.0,126.0,136.0,137.0,110.0
963,121.0,118.0,123.0,117.0,66.0,56.0,119.0
964,160.0,154.0,165.0,188.0,186.0,181.0,156.0
965,77.0,74.0,78.0,85.0,92.0,93.0,76.0
966,106.0,99.0,104.0,106.0,114.0,118.0,103.0
967,100.0,97.0,99.0,100.0,83.0,81.0,96.0
968,130.0,126.0,129.0,138.0,135.0,131.0,125.0
969,134.0,126.0,135.0,149.0,169.0,169.0,131.0
970,128.0,125.0,127.0,124.0,90.0,78.0,125.0
971,108.0,105.0,109.0,121.0,134.0,136.0,106.0
972,169.0,162.0,175.0,192.0,215.0,207.0,163.0
973,193.0,181.0,190.0,196.0,201.0,200.0,184.0
974,152.0,148.0,145.0,147.0,120.0,119.0,148.0
975,126.0,123.0,126.0,134.0,131.0,129.0,122.0
976,87.0,85.0,86.0,90.0,85.0,83.0,85.0
977,110.0,109.0,110.0,113.0,111.0,110.0,109.0
978,181.0,176.0,181.0,190.0,171.0,160.0,178.0
979,111.0,106.0,111.0,128.0,158.0,161.0,111.0
980,99.0,98.0,101.0,114.0,130.0,127.0,97.0
981,66.0,65.0,69.0,80.0,97.0,99.0,67.0
982,111.0,109.0,111.0,116.0,115.0,113.0,110.0
983,69.0,68.0,71.0,76.0,83.0,82.0,68.0
984,98.0,95.0,100.0,117.0,143.0,143.0,96.0
985,303.0,310.0,308.0,327.0,233.0,222.0,284.0
986,151.0,146.0,144.0,146.0,126.0,126.0,147.0
987,80.0,78.0,80.0,82.0,55.0,49.0,81.0
988,292.0,292.0,305.0,325.0,338.0,345.0,286.0
989,163.0,156.0,156.0,158.0,140.0,138.0,158.0
990,110.0,106.0,113.0,149.0,225.0,226.0,117.0
991,107.0,105.0,109.0,123.0,137.0,137.0,106.0
992,131.0,128.0,131.0,126.0,81.0,69.0,128.0
993,67.0,65.0,68.0,70.0,69.0,66.0,66.0
994,90.0,87.0,91.0,109.0,144.0,140.0,88.0
995,139.0,133.0,139.0,146.0,146.0,148.0,136.0
996,70.0,67.0,69.0,72.0,65.0,60.0,68.0
997,113.0,111.0,113.0,119.0,122.0,121.0,113.0
998,163.0,158.0,175.0,199.0,264.0,260.0,161.0
999,319.0,301.0,307.0,302.0,146.0,122.0,291.0
1000,65.0,64.0,66.0,83.0,124.0,122.0,67.0
1001,36.0,33.0,37.0,46.0,82.0,73.0,39.0
1002,51.0,50.0,51.0,67.0,118.0,110.0,50.0
1003,49.0,50.0,53.0,59.0,81.0,77.0,49.0
1004,146.0,140.0,143.0,149.0,135.0,136.0,142.0
1005,129.0,127.0,126.0,123.0,101.0,96.0,125.0
1006,65.0,64.0,67.0,69.0,72.0,68.0,64.0
1007,119.0,115.0,118.0,127.0,134.0,133.0,115.0
1008,65.0,66.0,68.0,78.0,93.0,92.0,66.0
1009,58.0,58.0,59.0,74.0,120.0,118.0,60.0
1010,50.0,51.0,55.0,59.0,78.0,75.0,49.0
1011,117.0,112.0,116.0,124.0,128.0,128.0,113.0
1012,193.0,182.0,188.0,194.0,187.0,184.0,186.0
1013,155.0,152.0,151.0,151.0,106.0,98.0,146.0
1014,64.0,62.0,65.0,68.0,73.0,72.0,62.0
1015,99.0,96.0,99.0,102.0,105.0,107.0,98.0
1016,62.0,61.0,64.0,66.0,70.0,70.0,59.0
1017,132.0,123.0,132.0,150.0,180.0,180.0,128.0
1018,385.0,371.0,386.0,452.0,579.0,628.0,402.0
1019,117.0,115.0,120.0,135.0,162.0,160.0,117.0
1020,56.0,56.0,57.0,60.0,58.0,55.0,55.0
1021,120.0,115.0,122.0,135.0,158.0,159.0,119.0
1022,111.0,108.0,112.0,128.0,143.0,142.0,109.0
1023,36.0,38.0,37.0,44.0,57.0,53.0,38.0
1024,65.0,64.0,66.0,69.0,72.0,68.0,63.0
1025,140.0,129.0,141.0,156.0,193.0,193.0,135.0
1026,103.0,100.0,104.0,119.0,133.0,134.0,101.0
1027,128.0,124.0,130.0,141.0,151.0,150.0,126.0
1028,72.0,70.0,71.0,74.0,50.0,44.0,72.0
1029,86.0,85.0,86.0,89.0,52.0,45.0,86.0
1030,156.0,152.0,146.0,150.0,67.0,52.0,147.0
1031,46.0,45.0,49.0,54.0,80.0,75.0,46.0
1032,52.0,53.0,57.0,60.0,71.0,69.0,50.0
1033,55.0,57.0,59.0,69.0,95.0,93.0,55.0
1034,98.0,97.0,100.0,113.0,128.0,125.0,97.0
1035,149.0,148.0,156.0,190.0,272.0,264.0,147.0
1036,88.0,82.0,87.0,93.0,107.0,110.0,85.0
1037,66.0,66.0,68.0,79.0,105.0,108.0,66.0
1038,152.0,143.0,152.0,164.0,180.0,175.0,146.0
1039,309.0,317.0,318.0,338.0,307.0,306.0,303.0
1040,52.0,53.0,55.0,68.0,108.0,104.0,52.0
1041,148.0,143.0,162.0,173.0,208.0,204.0,144.0
1042,109.0,105.0,110.0,131.0,174.0,171.0,111.0
1043,179.0,173.0,189.0,216.0,272.0,266.0,181.0
1044,69.0,68.0,71.0,84.0,113.0,113.0,70.0
1045,108.0,101.0,108.0,130.0,181.0,182.0,110.0
1046,54.0,54.0,57.0,60.0,65.0,61.0,51.0
1047,131.0,127.0,128.0,126.0,96.0,87.0,126.0
1048,65.0,64.0,66.0,66.0,64.0,63.0,63.0
1049,107.0,105.0,109.0,122.0,132.0,130.0,105.0
1050,44.0,44.0,45.0,49.0,53.0,52.0,45.0
1051,48.0,47.0,51.0,56.0,69.0,66.0,47.0
1052,255.0,245.0,273.0,290.0,346.0,348.0,251.0
1053,80.0,75.0,80.0,86.0,98.0,100.0,79.0
1054,100.0,98.0,101.0,103.0,101.0,101.0,100.0
1055,85.0,83.0,87.0,107.0,146.0,142.0,84.0
1056,77.0,74.0,79.0,89.0,112.0,112.0,77.0
1057,85.0,80.0,85.0,92.0,105.0,107.0,84.0
1058,60.0,60.0,63.0,67.0,75.0,72.0,59.0
1059,99.0,96.0,100.0,107.0,118.0,119.0,98.0
1060,213.0,204.0,210.0,211.0,181.0,167.0,202.0
1061,138.0,129.0,136.0,154.0,183.0,182.0,133.0
1062,84.0,79.0,83.0,89.0,95.0,96.0,82.0
1063,44.0,43.0,47.0,53.0,80.0,72.0,45.0
1064,58.0,58.0,61.0,63.0,66.0,64.0,55.0
1065,99.0,95.0,99.0,102.0,106.0,108.0,97.0
1066,173.0,164.0,176.0,191.0,205.0,199.0,167.0
1067,196.0,185.0,189.0,192.0,183.0,181.0,189.0
1068,58.0,58.0,60.0,62.0,60.0,57.0,56.0
1069,135.0,127.0,136.0,156.0,201.0,197.0,131.0
1070,78.0,73.0,78.0,82.0,85.0,88.0,78.0
1071,362.0,366.0,369.0,369.0,341.0,350.0,353.0
1072,498.0,475.0,483.0,463.0,364.0,358.0,465.0
1073,65.0,64.0,66.0,70.0,75.0,72.0,64.0
1074,99.0,93.0,99.0,127.0,187.0,184.0,103.0
1075,61.0,61.0,63.0,70.0,82.0,80.0,60.0
1076,93.0,88.0,93.0,99.0,113.0,115.0,90.0
1077,54.0,55.0,58.0,61.0,71.0,69.0,52.0
1078,108.0,107.0,108.0,108.0,100.0,99.0,108.0
1079,65.0,63.0,65.0,67.0,64.0,61.0,63.0
1080,44.0,43.0,44.0,50.0,56.0,56.0,44.0
1081,67.0,67.0,69.0,74.0,82.0,79.0,65.0
1082,64.0,65.0,66.0,74.0,85.0,82.0,63.0
1083,126.0,122.0,125.0,132.0,130.0,128.0,122.0
1084,97.0,93.0,97.0,120.0,163.0,160.0,97.0
1085,126.0,119.0,129.0,156.0,225.0,225.0,126.0
1086,75.0,73.0,77.0,90.0,121.0,119.0,75.0
1087,69.0,67.0,70.0,88.0,134.0,130.0,69.0
1088,102.0,99.0,103.0,116.0,131.0,130.0,100.0
1089,47.0,46.0,51.0,55.0,79.0,74.0,47.0
1090,389.0,398.0,407.0,393.0,173.0,142.0,375.0
1091,85.0,82.0,84.0,88.0,89.0,89.0,84.0
1092,134.0,124.0,133.0,151.0,193.0,193.0,129.0
1093,174.0,174.0,166.0,169.0,76.0,62.0,153.0
1094,131.0,122.0,132.0,153.0,206.0,205.0,128.0
1095,104.0,103.0,106.0,123.0,139.0,138.0,103.0
1096,117.0,113.0,116.0,120.0,118.0,116.0,115.0
1097,42.0,42.0,43.0,49.0,54.0,55.0,43.0
1098,212.0,200.0,204.0,202.0,193.0,185.0,199.0
1099,94.0,92.0,93.0,98.0,96.0,95.0,92.0
1100,37.0,34.0,38.0,48.0,92.0,82.0,39.0
1101,101.0,95.0,99.0,123.0,169.0,167.0,101.0
1102,148.0,145.0,157.0,184.0,247.0,238.0,144.0
1103,65.0,64.0,66.0,66.0,60.0,56.0,64.0
1104,254.0,242.0,268.0,292.0,378.0,382.0,255.0
1105,97.0,94.0,98.0,103.0,109.0,109.0,95.0
1106,87.0,85.0,87.0,88.0,58.0,52.0,86.0
1107,36.0,35.0,37.0,46.0,73.0,67.0,39.0
1108,105.0,101.0,105.0,130.0,176.0,170.0,108.0
1109,110.0,107.0,111.0,125.0,140.0,138.0,109.0
1110,206.0,202.0,207.0,210.0,158.0,138.0,200.0
1111,57.0,57.0,61.0,62.0,67.0,66.0,55.0
1112,80.0,79.0,80.0,83.0,80.0,78.0,79.0
1113,179.0,169.0,180.0,193.0,201.0,196.0,173.0
1114,214.0,204.0,213.0,214.0,154.0,134.0,206.0
1115,42.0,42.0,42.0,48.0,56.0,55.0,42.0
1116,310.0,313.0,316.0,321.0,222.0,208.0,293.0
1117,274.0,277.0,283.0,303.0,267.0,269.0,260.0
1118,101.0,96.0,103.0,132.0,202.0,201.0,106.0
1119,70.0,69.0,72.0,81.0,93.0,97.0,70.0
1120,43.0,42.0,44.0,49.0,60.0,59.0,43.0
1121,121.0,118.0,122.0,137.0,159.0,157.0,120.0
1122,119.0,116.0,120.0,132.0,142.0,140.0,117.0
1123,476.0,456.0,482.0,525.0,596.0,581.0,498.0
1124,34.0,31.0,34.0,45.0,85.0,77.0,38.0
1125,235.0,224.0,241.0,272.0,286.0,286.0,221.0
1126,91.0,89.0,92.0,104.0,126.0,124.0,89.0
1127,95.0,92.0,95.0,117.0,156.0,152.0,93.0
1128,69.0,67.0,70.0,83.0,103.0,106.0,69.0
1129,97.0,93.0,98.0,119.0,159.0,156.0,96.0
1130,110.0,109.0,110.0,110.0,99.0,96.0,108.0
1131,230.0,227.0,230.0,229.0,120.0,94.0,222.0
1132,70.0,67.0,72.0,74.0,77.0,75.0,69.0
1133,53.0,53.0,56.0,59.0,65.0,62.0,51.0
1134,67.0,67.0,69.0,80.0,96.0,99.0,67.0
1135,136.0,127.0,141.0,161.0,220.0,220.0,133.0
1136,222.0,219.0,227.0,237.0,237.0,236.0,208.0
1137,70.0,68.0,72.0,77.0,84.0,83.0,69.0
1138,60.0,60.0,62.0,63.0,62.0,60.0,58.0
1139,65.0,65.0,67.0,74.0,85.0,84.0,64.0
1140,178.0,180.0,174.0,178.0,71.0,57.0,161.0
1141,92.0,88.0,93.0,100.0,115.0,116.0,90.0
1142,69.0,68.0,70.0,84.0,112.0,111.0,70.0
1143,75.0,74.0,77.0,91.0,114.0,113.0,75.0
1144,71.0,70.0,73.0,88.0,129.0,126.0,72.0
1145,104.0,99.0,104.0,123.0,164.0,161.0,104.0
1146,193.0,180.0,189.0,196.0,199.0,196.0,184.0
1147,379.0,371.0,378.0,386.0,378.0,384.0,364.0
1148,68.0,65.0,69.0,71.0,75.0,74.0,66.0
1149,67.0,65.0,69.0,72.0,79.0,76.0,65.0
1150,322.0,309.0,308.0,356.0,451.0,467.0,317.0
1151,153.0,149.0,148.0,149.0,114.0,109.0,146.0
1152,183.0,176.0,193.0,218.0,276.0,277.0,185.0
1153,243.0,240.0,244.0,254.0,243.0,227.0,225.0
1154,88.0,84.0,89.0,94.0,103.0,104.0,88.0
1155,55.0,55.0,57.0,59.0,58.0,55.0,54.0
1156,62.0,63.0,65.0,74.0,88.0,87.0,62.0
1157,87.0,85.0,86.0,87.0,60.0,55.0,87.0
1158,66.0,64.0,68.0,69.0,75.0,74.0,65.0
1159,66.0,66.0,69.0,79.0,94.0,97.0,66.0
1160,61.0,60.0,62.0,62.0,59.0,57.0,59.0
1161,87.0,84.0,87.0,111.0,161.0,158.0,87.0
1162,74.0,71.0,77.0,89.0,118.0,117.0,74.0
1163,91.0,89.0,92.0,87.0,47.0,40.0,92.0
1164,78.0,76.0,78.0,80.0,45.0,38.0,79.0
1165,68.0,65.0,69.0,72.0,78.0,76.0,66.0
1166,81.0,77.0,82.0,92.0,108.0,108.0,79.0
1167,82.0,79.0,83.0,93.0,110.0,110.0,81.0
1168,207.0,191.0,205.0,248.0,340.0,341.0,196.0
1169,145.0,138.0,143.0,150.0,139.0,140.0,141.0
1170,57.0,56.0,62.0,61.0,68.0,67.0,54.0
1171,55.0,57.0,59.0,68.0,90.0,89.0,56.0
1172,56.0,58.0,59.0,70.0,97.0,95.0,56.0
1173,90.0,87.0,91.0,100.0,121.0,120.0,87.0
1174,141.0,137.0,136.0,134.0,86.0,74.0,134.0
1175,197.0,192.0,207.0,225.0,254.0,250.0,193.0
1176,109.0,105.0,109.0,129.0,160.0,159.0,109.0
1177,109.0,104.0,108.0,115.0,121.0,124.0,106.0
1178,232.0,227.0,227.0,223.0,81.0,66.0,227.0
1179,110.0,109.0,112.0,121.0,125.0,123.0,110.0
1180,124.0,115.0,127.0,147.0,190.0,187.0,122.0
1181,170.0,163.0,174.0,190.0,204.0,198.0,165.0
1182,56.0,57.0,59.0,67.0,85.0,83.0,56.0
1183,51.0,50.0,54.0,58.0,68.0,66.0,49.0
1184,118.0,116.0,120.0,136.0,165.0,164.0,118.0
1185,263.0,247.0,258.0,248.0,146.0,110.0,251.0
1186,68.0,66.0,69.0,71.0,71.0,67.0,66.0
1187,77.0,75.0,79.0,92.0,122.0,119.0,76.0
1188,130.0,126.0,129.0,136.0,129.0,129.0,126.0
1189,102.0,100.0,102.0,104.0,86.0,84.0,100.0
1190,361.0,343.0,346.0,403.0,479.0,493.0,352.0
1191,63.0,62.0,64.0,65.0,64.0,63.0,60.0
1192,77.0,74.0,78.0,87.0,101.0,103.0,77.0
1193,125.0,122.0,124.0,121.0,96.0,85.0,122.0
1194,188.0,174.0,186.0,194.0,206.0,205.0,182.0
1195,64.0,63.0,66.0,79.0,108.0,109.0,65.0
1196,93.0,90.0,94.0,103.0,118.0,118.0,91.0
1197,122.0,119.0,124.0,139.0,162.0,160.0,121.0
1198,66.0,64.0,67.0,70.0,75.0,73.0,64.0
1199,155.0,152.0,147.0,150.0,68.0,53.0,147.0
1200,67.0,65.0,68.0,70.0,72.0,70.0,66.0
1201,137.0,128.0,141.0,159.0,208.0,207.0,134.0
1202,38.0,40.0,39.0,45.0,56.0,53.0,40.0
1203,147.0,147.0,152.0,190.0,277.0,270.0,145.0
1204,104.0,99.0,104.0,127.0,174.0,171.0,106.0
1205,91.0,85.0,90.0,93.0,101.0,104.0,90.0
1206,54.0,54.0,57.0,59.0,65.0,63.0,51.0
1207,57.0,59.0,59.0,72.0,102.0,100.0,57.0
1208,104.0,99.0,105.0,130.0,184.0,182.0,107.0
1209,53.0,53.0,57.0,60.0,69.0,66.0,51.0
1210,70.0,69.0,71.0,85.0,110.0,110.0,71.0
1211,197.0,181.0,195.0,241.0,346.0,357.0,190.0
1212,75.0,72.0,76.0,85.0,97.0,100.0,75.0
1213,257.0,244.0,253.0,245.0,156.0,119.0,244.0
1214,98.0,94.0,99.0,92.0,41.0,33.0,98.0
1215,49.0,48.0,51.0,57.0,63.0,61.0,47.0
1216,98.0,95.0,97.0,97.0,78.0,77.0,93.0
1217,162.0,158.0,170.0,203.0,193.0,191.0,158.0
1218,122.0,119.0,120.0,119.0,89.0,80.0,119.0
1219,53.0,55.0,57.0,63.0,80.0,77.0,52.0
1220,225.0,220.0,220.0,220.0,92.0,74.0,214.0
1221,185.0,179.0,196.0,222.0,277.0,273.0,187.0
1222,71.0,70.0,74.0,83.0,93.0,95.0,71.0
1223,159.0,156.0,155.0,153.0,102.0,95.0,148.0
1224,118.0,116.0,119.0,130.0,129.0,129.0,115.0
1225,84.0,82.0,83.0,85.0,58.0,51.0,84.0
1226,460.0,437.0,464.0,513.0,605.0,590.0,487.0
1227,120.0,116.0,118.0,129.0,137.0,139.0,116.0
1228,112.0,107.0,111.0,122.0,133.0,137.0,109.0
1229,622.0,591.0,636.0,653.0,651.0,675.0,634.0
1230,64.0,63.0,65.0,69.0,74.0,71.0,62.0
1231,147.0,141.0,151.0,165.0,192.0,186.0,142.0
1232,70.0,68.0,70.0,71.0,67.0,64.0,69.0
1233,64.0,65.0,67.0,78.0,95.0,98.0,64.0
1234,37.0,34.0,37.0,47.0,83.0,75.0,40.0
1235,87.0,83.0,86.0,90.0,91.0,90.0,85.0
1236,119.0,115.0,117.0,127.0,136.0,138.0,115.0
1237,66.0,64.0,67.0,71.0,74.0,70.0,64.0
1238,107.0,106.0,107.0,108.0,92.0,88.0,105.0
1239,71.0,68.0,72.0,74.0,76.0,75.0,69.0
1240,169.0,164.0,165.0,160.0,145.0,151.0,169.0
1241,41.0,38.0,41.0,54.0,112.0,101.0,40.0
1242,67.0,66.0,69.0,79.0,92.0,94.0,66.0
1243,29.0,32.0,32.0,38.0,43.0,42.0,36.0
1244,164.0,161.0,165.0,176.0,175.0,163.0,161.0
1245,67.0,66.0,69.0,75.0,82.0,80.0,66.0
1246,68.0,67.0,70.0,87.0,141.0,138.0,69.0
1247,75.0,73.0,76.0,84.0,90.0,92.0,75.0
1248,117.0,115.0,119.0,134.0,149.0,146.0,116.0
1249,218.0,211.0,218.0,221.0,188.0,165.0,207.0
1250,199.0,193.0,198.0,200.0,150.0,131.0,191.0
1251,83.0,78.0,82.0,88.0,97.0,99.0,82.0
1252,182.0,175.0,187.0,225.0,308.0,308.0,179.0
1253,63.0,63.0,66.0,73.0,86.0,87.0,62.0
1254,63.0,63.0,65.0,70.0,80.0,78.0,62.0
1255,45.0,45.0,48.0,55.0,60.0,59.0,45.0
1256,256.0,247.0,259.0,289.0,287.0,293.0,246.0
1257,253.0,244.0,258.0,285.0,316.0,319.0,245.0
1258,243.0,239.0,244.0,252.0,240.0,224.0,226.0
1259,57.0,57.0,59.0,61.0,62.0,59.0,55.0
1260,89.0,82.0,87.0,91.0,100.0,102.0,87.0
1261,119.0,119.0,123.0,117.0,68.0,59.0,118.0
1262,107.0,103.0,107.0,115.0,124.0,125.0,105.0
1263,280.0,274.0,286.0,322.0,357.0,360.0,275.0
1264,99.0,93.0,99.0,129.0,200.0,199.0,103.0
1265,52.0,52.0,55.0,58.0,62.0,58.0,50.0
1266,71.0,70.0,73.0,82.0,92.0,93.0,71.0
1267,146.0,137.0,154.0,172.0,223.0,222.0,142.0
1268,319.0,325.0,322.0,345.0,318.0,314.0,314.0
1269,301.0,306.0,313.0,324.0,309.0,314.0,296.0
1270,67.0,66.0,68.0,85.0,128.0,124.0,68.0
1271,179.0,166.0,180.0,190.0,202.0,199.0,174.0
1272,117.0,116.0,117.0,115.0,97.0,91.0,116.0
1273,132.0,126.0,133.0,143.0,151.0,152.0,128.0
1274,75.0,71.0,76.0,78.0,80.0,80.0,74.0
1275,103.0,101.0,106.0,124.0,141.0,141.0,103.0
1276,131.0,128.0,128.0,126.0,97.0,89.0,126.0
1277,60.0,61.0,61.0,70.0,85.0,82.0,58.0
1278,47.0,43.0,45.0,61.0,125.0,112.0,44.0
1279,89.0,86.0,87.0,91.0,91.0,89.0,86.0
1280,66.0,66.0,68.0,76.0,87.0,87.0,65.0
1281,64.0,65.0,66.0,75.0,87.0,85.0,63.0
1282,63.0,61.0,64.0,63.0,60.0,58.0,60.0
1283,180.0,173.0,189.0,214.0,271.0,274.0,181.0
1284,83.0,78.0,83.0,90.0,98.0,100.0,82.0
1285,118.0,112.0,116.0,125.0,131.0,132.0,113.0
1286,102.0,101.0,104.0,120.0,132.0,133.0,101.0
1287,152.0,145.0,149.0,156.0,154.0,153.0,148.0
1288,83.0,78.0,85.0,93.0,114.0,115.0,81.0
1289,66.0,66.0,69.0,78.0,89.0,90.0,66.0
1290,92.0,88.0,91.0,115.0,166.0,162.0,91.0
1291,58.0,57.0,58.0,73.0,117.0,116.0,59.0
1292,195.0,194.0,208.0,232.0,271.0,266.0,192.0
1293,155.0,149.0,152.0,157.0,148.0,148.0,152.0
1294,61.0,63.0,65.0,73.0,92.0,93.0,61.0
1295,85.0,82.0,86.0,92.0,100.0,100.0,84.0
1296,637.0,628.0,675.0,796.0,1104.0,1115.0,677.0
1297,203.0,202.0,215.0,235.0,268.0,265.0,196.0
1298,146.0,138.0,147.0,159.0,178.0,176.0,142.0
1299,174.0,165.0,166.0,166.0,141.0,131.0,166.0
1300,58.0,61.0,63.0,72.0,92.0,92.0,58.0
1301,93.0,91.0,95.0,113.0,145.0,141.0,92.0
1302,541.0,539.0,564.0,664.0,1027.0,1031.0,588.0
1303,185.0,180.0,185.0,190.0,165.0,152.0,181.0
1304,88.0,86.0,90.0,104.0,130.0,129.0,86.0
1305,212.0,202.0,206.0,207.0,202.0,198.0,198.0
1306,343.0,332.0,308.0,396.0,535.0,552.0,347.0
1307,83.0,78.0,81.0,85.0,88.0,89.0,82.0
1308,373.0,371.0,378.0,382.0,373.0,379.0,358.0
1309,258.0,254.0,257.0,273.0,237.0,214.0,242.0
1310,281.0,276.0,292.0,315.0,354.0,362.0,277.0
1311,85.0,84.0,88.0,100.0,127.0,124.0,84.0
1312,119.0,116.0,119.0,128.0,132.0,129.0,116.0
1313,47.0,47.0,51.0,58.0,85.0,79.0,47.0
1314,186.0,181.0,198.0,220.0,264.0,257.0,184.0
1315,191.0,189.0,203.0,229.0,278.0,273.0,190.0
1316,55.0,56.0,57.0,70.0,107.0,104.0,54.0
1317,108.0,102.0,107.0,115.0,126.0,129.0,105.0
1318,74.0,72.0,75.0,98.0,163.0,160.0,75.0
1319,39.0,41.0,40.0,46.0,56.0,54.0,41.0
1320,88.0,87.0,90.0,88.0,38.0,30.0,90.0
1321,59.0,60.0,63.0,69.0,84.0,83.0,59.0
1322,180.0,175.0,188.0,221.0,292.0,289.0,183.0
1323,113.0,110.0,113.0,118.0,119.0,118.0,112.0
1324,167.0,160.0,161.0,165.0,152.0,145.0,162.0
1325,144.0,136.0,144.0,154.0,167.0,166.0,139.0
1326,437.0,429.0,445.0,494.0,568.0,577.0,456.0
1327,112.0,105.0,110.0,117.0,125.0,130.0,109.0
1328,51.0,53.0,55.0,61.0,79.0,76.0,50.0
1329,90.0,87.0,88.0,91.0,78.0,76.0,87.0
1330,61.0,61.0,63.0,65.0,69.0,67.0,59.0
1331,36.0,34.0,36.0,45.0,75.0,68.0,39.0
1332,124.0,118.0,130.0,156.0,228.0,229.0,126.0
1333,90.0,85.0,88.0,91.0,92.0,93.0,89.0
1334,87.0,85.0,86.0,89.0,80.0,77.0,85.0
1335,98.0,92.0,99.0,131.0,206.0,208.0,103.0
1336,64.0,62.0,65.0,65.0,65.0,65.0,61.0
1337,40.0,37.0,41.0,53.0,99.0,90.0,40.0
1338,132.0,128.0,132.0,140.0,137.0,135.0,128.0
1339,163.0,156.0,170.0,190.0,222.0,216.0,159.0
1340,163.0,159.0,157.0,155.0,108.0,102.0,152.0
1341,121.0,117.0,124.0,138.0,163.0,162.0,121.0
1342,106.0,102.0,106.0,130.0,176.0,171.0,109.0
1343,133.0,129.0,131.0,136.0,124.0,122.0,128.0
1344,166.0,160.0,170.0,204.0,279.0,279.0,168.0
1345,82.0,80.0,84.0,95.0,124.0,120.0,80.0
1346,1493.0,1395.0,1518.0,1529.0,1690.0,1690.0,1439.0
1347,83.0,82.0,85.0,98.0,130.0,127.0,82.0
1348,127.0,117.0,128.0,147.0,187.0,185.0,124.0
1349,113.0,108.0,112.0,116.0,120.0,122.0,110.0
1350,519.0,498.0,532.0,585.0,726.0,723.0,547.0
1351,77.0,75.0,79.0,93.0,127.0,124.0,76.0
1352,51.0,52.0,55.0,62.0,82.0,79.0,50.0
1353,399.0,410.0,416.0,399.0,184.0,152.0,387.0
1354,213.0,207.0,219.0,229.0,236.0,238.0,203.0
1355,374.0,363.0,370.0,401.0,443.0,455.0,361.0
1356,139.0,132.0,147.0,164.0,214.0,210.0,135.0
1357,139.0,129.0,141.0,156.0,193.0,192.0,135.0
1358,203.0,187.0,204.0,246.0,346.0,353.0,195.0
1359,41.0,39.0,43.0,50.0,84.0,77.0,42.0
1360,56.0,57.0,59.0,64.0,75.0,72.0,54.0
1361,174.0,162.0,162.0,163.0,122.0,112.0,161.0
1362,52.0,54.0,56.0,63.0,82.0,79.0,52.0
1363,108.0,106.0,108.0,111.0,112.0,112.0,107.0
1364,71.0,69.0,73.0,89.0,135.0,132.0,71.0
1365,318.0,324.0,321.0,344.0,319.0,314.0,312.0
1366,171.0,177.0,172.0,174.0,50.0,41.0,167.0
1367,102.0,99.0,104.0,125.0,144.0,145.0,102.0
1368,109.0,109.0,110.0,111.0,103.0,100.0,107.0
1369,54.0,53.0,57.0,59.0,66.0,64.0,51.0
1370,127.0,124.0,127.0,135.0,133.0,132.0,123.0
1371,143.0,140.0,140.0,136.0,75.0,62.0,137.0
1372,835.0,806.0,850.0,816.0,364.0,323.0,836.0
1373,381.0,366.0,374.0,432.0,525.0,566.0,389.0
1374,63.0,62.0,65.0,71.0,79.0,76.0,61.0
1375,79.0,76.0,77.0,80.0,61.0,54.0,78.0
1376,135.0,126.0,137.0,157.0,206.0,204.0,132.0
1377,175.0,169.0,182.0,214.0,286.0,283.0,177.0
1378,94.0,91.0,93.0,94.0,78.0,76.0,90.0
1379,270.0,271.0,271.0,290.0,249.0,223.0,256.0
1380,61.0,61.0,64.0,68.0,76.0,75.0,60.0
1381,158.0,151.0,159.0,172.0,183.0,174.0,152.0
1382,63.0,62.0,65.0,66.0,66.0,63.0,61.0
1383,216.0,206.0,213.0,214.0,167.0,149.0,206.0
1384,41.0,39.0,42.0,51.0,86.0,78.0,43.0
1385,83.0,79.0,82.0,88.0,94.0,95.0,83.0
1386,70.0,68.0,71.0,75.0,80.0,79.0,68.0
1387,125.0,124.0,130.0,171.0,288.0,286.0,132.0
1388,59.0,59.0,60.0,76.0,110.0,109.0,60.0
1389,91.0,90.0,93.0,106.0,133.0,130.0,89.0
1390,47.0,46.0,50.0,57.0,86.0,80.0,46.0
1391,170.0,166.0,166.0,158.0,143.0,151.0,170.0
1392,290.0,299.0,299.0,318.0,253.0,249.0,273.0
1393,59.0,62.0,62.0,72.0,89.0,87.0,59.0
1394,399.0,400.0,407.0,392.0,324.0,325.0,389.0
1395,111.0,106.0,111.0,121.0,130.0,131.0,108.0
1396,335.0,333.0,343.0,360.0,387.0,393.0,323.0
1397,199.0,192.0,206.0,231.0,279.0,280.0,191.0
1398,48.0,48.0,51.0,58.0,84.0,80.0,47.0
1399,136.0,127.0,138.0,155.0,175.0,176.0,132.0
1400,166.0,160.0,158.0,156.0,129.0,128.0,160.0
1401,98.0,95.0,98.0,102.0,103.0,103.0,97.0
1402,95.0,92.0,94.0,94.0,69.0,67.0,92.0
1403,130.0,121.0,133.0,154.0,209.0,209.0,128.0
1404,148.0,141.0,145.0,152.0,138.0,139.0,144.0
1405,69.0,66.0,69.0,71.0,71.0,69.0,67.0
1406,62.0,61.0,63.0,63.0,63.0,61.0,59.0
1407,75.0,72.0,74.0,77.0,58.0,52.0,74.0
1408,78.0,74.0,78.0,81.0,81.0,82.0,77.0
1409,244.0,234.0,245.0,260.0,254.0,248.0,226.0
1410,134.0,125.0,134.0,153.0,191.0,188.0,130.0
1411,153.0,145.0,153.0,167.0,183.0,175.0,147.0
1412,122.0,121.0,129.0,165.0,265.0,259.0,127.0
1413,95.0,92.0,94.0,94.0,79.0,77.0,91.0
1414,42.0,42.0,43.0,48.0,57.0,56.0,42.0
1415,66.0,65.0,68.0,74.0,83.0,82.0,65.0
1416,50.0,50.0,53.0,66.0,108.0,103.0,50.0
1417,165.0,158.0,166.0,177.0,178.0,171.0,161.0
1418,78.0,74.0,78.0,84.0,91.0,93.0,79.0
1419,147.0,143.0,142.0,147.0,121.0,120.0,142.0
1420,229.0,226.0,229.0,229.0,122.0,97.0,222.0
1421,126.0,123.0,125.0,133.0,129.0,127.0,121.0
1422,115.0,113.0,116.0,133.0,153.0,150.0,114.0
1423,89.0,87.0,91.0,101.0,122.0,119.0,87.0
1424,161.0,156.0,171.0,196.0,248.0,240.0,158.0
1425,69.0,67.0,71.0,74.0,78.0,76.0,68.0
1426,593.0,595.0,607.0,588.0,255.0,154.0,566.0
1427,192.0,187.0,202.0,230.0,287.0,283.0,189.0
1428,64.0,64.0,66.0,78.0,102.0,103.0,64.0
1429,131.0,126.0,130.0,138.0,133.0,131.0,126.0
1430,68.0,67.0,68.0,69.0,41.0,37.0,70.0
1431,113.0,109.0,113.0,124.0,132.0,134.0,110.0
1432,291.0,282.0,287.0,333.0,410.0,423.0,292.0
1433,63.0,63.0,64.0,71.0,81.0,79.0,61.0
1434,509.0,486.0,508.0,555.0,557.0,543.0,523.0
1435,59.0,62.0,63.0,72.0,91.0,90.0,59.0
1436,280.0,280.0,294.0,315.0,313.0,316.0,272.0
1437,105.0,101.0,105.0,116.0,126.0,127.0,103.0
1438,140.0,134.0,152.0,163.0,208.0,204.0,136.0
1439,112.0,108.0,112.0,121.0,127.0,129.0,109.0
1440,128.0,123.0,131.0,142.0,154.0,155.0,126.0
1441,106.0,105.0,107.0,108.0,101.0,98.0,104.0
1442,50.0,49.0,53.0,57.0,61.0,58.0,48.0
1443,98.0,96.0,99.0,107.0,115.0,113.0,96.0
1444,68.0,65.0,64.0,92.0,170.0,166.0,68.0
1445,195.0,183.0,191.0,197.0,198.0,195.0,186.0
1446,279.0,264.0,270.0,270.0,192.0,158.0,257.0
1447,78.0,72.0,77.0,77.0,19.0,16.0,80.0
1448,47.0,46.0,51.0,56.0,80.0,74.0,47.0
1449,126.0,123.0,128.0,140.0,144.0,144.0,123.0
1450,61.0,63.0,64.0,74.0,93.0,94.0,60.0
1451,128.0,122.0,129.0,138.0,145.0,147.0,125.0
1452,57.0,58.0,60.0,67.0,82.0,80.0,56.0
1453,108.0,102.0,109.0,135.0,192.0,193.0,110.0
1454,132.0,127.0,133.0,143.0,149.0,149.0,129.0
1455,125.0,122.0,122.0,122.0,109.0,102.0,121.0
1456,106.0,105.0,107.0,115.0,119.0,118.0,105.0
1457,107.0,102.0,107.0,111.0,118.0,121.0,105.0
1458,83.0,78.0,84.0,93.0,112.0,113.0,81.0
1459,56.0,57.0,59.0,70.0,105.0,102.0,56.0
1460,51.0,50.0,52.0,66.0,118.0,112.0,50.0
1461,406.0,404.0,409.0,455.0,517.0,568.0,415.0
1462,104.0,102.0,104.0,106.0,97.0,94.0,103.0
1463,84.0,81.0,84.0,91.0,100.0,100.0,83.0
1464,108.0,103.0,109.0,124.0,151.0,150.0,108.0
1465,201.0,190.0,206.0,238.0,306.0,305.0,193.0
1466,107.0,103.0,107.0,117.0,127.0,130.0,105.0
1467,148.0,141.0,147.0,155.0,155.0,154.0,144.0
1468,129.0,119.0,133.0,152.0,211.0,218.0,128.0
1469,532.0,506.0,543.0,583.0,713.0,713.0,555.0
1470,82.0,79.0,83.0,103.0,151.0,146.0,81.0
1471,62.0,62.0,64.0,77.0,112.0,113.0,63.0
1472,329.0,327.0,336.0,357.0,391.0,398.0,319.0
1473,121.0,119.0,122.0,132.0,137.0,133.0,119.0
1474,169.0,164.0,176.0,208.0,284.0,283.0,170.0
1475,42.0,41.0,44.0,50.0,74.0,68.0,43.0
1476,65.0,64.0,66.0,71.0,77.0,73.0,63.0
1477,231.0,225.0,231.0,230.0,139.0,112.0,222.0
1478,247.0,241.0,245.0,250.0,230.0,214.0,228.0
1479,82.0,79.0,83.0,115.0,190.0,184.0,86.0
1480,68.0,66.0,68.0,71.0,72.0,69.0,66.0
1481,86.0,81.0,85.0,90.0,97.0,97.0,84.0
1482,89.0,87.0,91.0,105.0,133.0,130.0,88.0
1483,373.0,368.0,376.0,394.0,421.0,431.0,359.0
1484,160.0,157.0,167.0,197.0,257.0,246.0,158.0
1485,99.0,93.0,98.0,123.0,177.0,173.0,100.0
1486,50.0,51.0,54.0,61.0,83.0,79.0,50.0
1487,32.0,35.0,34.0,41.0,51.0,48.0,36.0
1488,106.0,103.0,106.0,114.0,121.0,123.0,104.0
1489,228.0,228.0,233.0,243.0,237.0,231.0,213.0
1490,95.0,93.0,97.0,113.0,138.0,136.0,94.0
1491,93.0,88.0,93.0,98.0,109.0,112.0,91.0
1492,56.0,56.0,58.0,60.0,63.0,60.0,53.0
1493,100.0,97.0,101.0,96.0,50.0,43.0,99.0
1494,183.0,178.0,194.0,222.0,282.0,277.0,185.0
1495,102.0,99.0,101.0,99.0,72.0,68.0,97.0
1496,142.0,132.0,144.0,154.0,169.0,171.0,138.0
1497,81.0,78.0,82.0,89.0,94.0,94.0,80.0
1498,72.0,71.0,74.0,89.0,124.0,122.0,73.0
1499,114.0,109.0,114.0,129.0,150.0,150.0,113.0
1500,193.0,185.0,202.0,221.0,256.0,256.0,190.0
1501,202.0,198.0,202.0,209.0,175.0,157.0,195.0
1502,192.0,186.0,191.0,192.0,163.0,151.0,187.0
1503,188.0,182.0,186.0,189.0,163.0,151.0,183.0
1504,108.0,107.0,108.0,109.0,92.0,89.0,106.0
1505,72.0,69.0,71.0,73.0,65.0,60.0,70.0
1506,85.0,81.0,86.0,94.0,111.0,112.0,84.0
1507,86.0,83.0,85.0,89.0,88.0,88.0,85.0
1508,47.0,45.0,49.0,61.0,101.0,95.0,46.0
1509,66.0,65.0,67.0,71.0,73.0,68.0,65.0
1510,30.0,32.0,32.0,40.0,49.0,47.0,34.0
1511,128.0,126.0,134.0,168.0,259.0,254.0,131.0
1512,84.0,81.0,86.0,105.0,139.0,136.0,83.0
1513,69.0,68.0,71.0,83.0,102.0,104.0,70.0
1514,176.0,169.0,168.0,163.0,133.0,131.0,170.0
1515,200.0,192.0,206.0,236.0,299.0,306.0,191.0
1516,81.0,78.0,80.0,82.0,65.0,60.0,80.0
1517,60.0,60.0,60.0,75.0,114.0,112.0,61.0
1518,88.0,82.0,88.0,94.0,110.0,113.0,85.0
1519,95.0,90.0,94.0,98.0,108.0,110.0,92.0
1520,42.0,42.0,43.0,49.0,57.0,55.0,43.0
1521,108.0,107.0,108.0,110.0,107.0,106.0,108.0
1522,152.0,147.0,147.0,151.0,124.0,124.0,147.0
1523,110.0,110.0,111.0,111.0,96.0,92.0,109.0
1524,133.0,125.0,133.0,150.0,177.0,176.0,129.0
1525,126.0,122.0,125.0,133.0,129.0,127.0,122.0
1526,69.0,67.0,71.0,72.0,72.0,69.0,69.0
1527,57.0,60.0,61.0,71.0,97.0,96.0,57.0
1528,395.0,398.0,402.0,383.0,330.0,340.0,384.0
1529,36.0,39.0,38.0,43.0,46.0,45.0,40.0
1530,68.0,66.0,68.0,69.0,66.0,63.0,66.0
1531,91.0,86.0,90.0,94.0,101.0,103.0,90.0
1532,96.0,93.0,95.0,95.0,76.0,74.0,92.0
1533,99.0,93.0,98.0,126.0,186.0,182.0,102.0
1534,116.0,113.0,116.0,122.0,121.0,120.0,113.0
1535,601.0,574.0,622.0,640.0,708.0,744.0,617.0
1536,109.0,105.0,110.0,121.0,131.0,134.0,107.0
1537,67.0,66.0,68.0,83.0,119.0,117.0,68.0
1538,112.0,108.0,113.0,131.0,160.0,159.0,112.0
1539,138.0,128.0,141.0,158.0,205.0,203.0,134.0
1540,169.0,163.0,180.0,207.0,252.0,249.0,167.0
1541,71.0,70.0,73.0,83.0,99.0,101.0,71.0
1542,57.0,58.0,60.0,66.0,78.0,77.0,55.0
1543,64.0,62.0,66.0,67.0,72.0,72.0,63.0
1544,156.0,153.0,156.0,197.0,282.0,280.0,156.0
1545,86.0,81.0,85.0,90.0,97.0,99.0,85.0
1546,70.0,69.0,72.0,82.0,93.0,95.0,70.0
1547,58.0,57.0,57.0,77.0,142.0,132.0,59.0
1548,33.0,36.0,35.0,41.0,47.0,46.0,37.0
1549,116.0,111.0,115.0,126.0,136.0,137.0,113.0
1550,135.0,131.0,133.0,138.0,124.0,123.0,130.0
1551,118.0,117.0,118.0,115.0,95.0,89.0,116.0
1552,60.0,61.0,62.0,72.0,92.0,89.0,59.0
1553,115.0,113.0,116.0,133.0,152.0,148.0,114.0
1554,125.0,123.0,124.0,121.0,94.0,82.0,123.0
1555,138.0,136.0,146.0,177.0,256.0,249.0,135.0
1556,107.0,104.0,108.0,117.0,123.0,122.0,106.0
1557,305.0,300.0,306.0,343.0,402.0,412.0,302.0
1558,84.0,80.0,84.0,117.0,198.0,193.0,88.0
1559,67.0,66.0,70.0,82.0,98.0,101.0,67.0
1560,212.0,208.0,223.0,245.0,273.0,270.0,202.0
1561,276.0,261.0,277.0,260.0,84.0,55.0,278.0
1562,52.0,51.0,55.0,58.0,65.0,63.0,49.0
1563,45.0,44.0,47.0,53.0,74.0,69.0,45.0
1564,146.0,142.0,153.0,173.0,212.0,203.0,140.0
1565,88.0,85.0,87.0,86.0,63.0,59.0,87.0
1566,82.0,78.0,82.0,88.0,95.0,96.0,82.0
1567,71.0,69.0,70.0,73.0,53.0,48.0,70.0
1568,189.0,179.0,192.0,233.0,322.0,329.0,183.0
1569,117.0,116.0,117.0,115.0,101.0,96.0,116.0
1570,141.0,133.0,142.0,152.0,162.0,164.0,137.0
1571,562.0,564.0,573.0,555.0,291.0,218.0,536.0
1572,132.0,129.0,130.0,135.0,122.0,118.0,127.0
1573,208.0,205.0,209.0,213.0,160.0,137.0,201.0
1574,78.0,76.0,80.0,89.0,98.0,98.0,78.0
1575,62.0,63.0,63.0,71.0,83.0,80.0,61.0
1576,106.0,104.0,108.0,126.0,146.0,145.0,105.0
1577,36.0,33.0,36.0,46.0,85.0,77.0,39.0
1578,115.0,115.0,115.0,113.0,96.0,91.0,114.0
1579,37.0,35.0,37.0,46.0,77.0,71.0,40.0
1580,127.0,124.0,134.0,167.0,261.0,260.0,131.0
1581,60.0,60.0,63.0,69.0,80.0,79.0,59.0
1582,106.0,104.0,107.0,116.0,122.0,121.0,104.0
1583,280.0,283.0,284.0,301.0,246.0,227.0,265.0
1584,214.0,208.0,218.0,228.0,232.0,232.0,205.0
1585,109.0,106.0,109.0,108.0,80.0,74.0,107.0
1586,48.0,48.0,51.0,57.0,76.0,72.0,47.0
1587,73.0,71.0,75.0,83.0,95.0,97.0,73.0
1588,103.0,101.0,105.0,120.0,136.0,135.0,102.0
1589,139.0,135.0,135.0,134.0,101.0,95.0,133.0
1590,215.0,208.0,219.0,227.0,232.0,234.0,203.0
1591,214.0,206.0,214.0,223.0,218.0,205.0,202.0
1592,64.0,64.0,66.0,73.0,84.0,81.0,62.0
1593,81.0,78.0,83.0,98.0,123.0,123.0,80.0
1594,110.0,109.0,112.0,130.0,143.0,141.0,109.0
1595,77.0,75.0,79.0,91.0,119.0,117.0,77.0
1596,168.0,158.0,157.0,159.0,128.0,122.0,159.0
1597,234.0,229.0,232.0,229.0,113.0,88.0,227.0
1598,52.0,52.0,53.0,57.0,55.0,53.0,52.0
1599,89.0,85.0,89.0,96.0,110.0,111.0,86.0
1600,60.0,60.0,63.0,67.0,77.0,76.0,59.0
1601,63.0,61.0,64.0,64.0,64.0,63.0,60.0
1602,81.0,77.0,81.0,88.0,95.0,97.0,81.0
1603,165.0,160.0,163.0,172.0,165.0,158.0,162.0
1604,52.0,54.0,56.0,64.0,87.0,84.0,52.0
1605,222.0,203.0,219.0,253.0,327.0,328.0,209.0
1606,85.0,82.0,83.0,85.0,62.0,57.0,84.0
1607,49.0,47.0,50.0,55.0,61.0,58.0,46.0
1608,138.0,132.0,138.0,144.0,144.0,146.0,134.0
1609,64.0,63.0,67.0,69.0,76.0,75.0,63.0
1610,273.0,275.0,280.0,299.0,261.0,259.0,259.0
1611,103.0,98.0,102.0,123.0,162.0,161.0,103.0
1612,193.0,188.0,193.0,195.0,163.0,149.0,188.0
1613,352.0,329.0,351.0,340.0,122.0,104.0,329.0
1614,79.0,75.0,84.0,92.0,122.0,122.0,78.0
1615,267.0,256.0,264.0,249.0,140.0,103.0,257.0
1616,404.0,397.0,403.0,443.0,489.0,536.0,406.0
1617,70.0,68.0,70.0,72.0,65.0,60.0,68.0
1618,79.0,77.0,81.0,90.0,105.0,104.0,79.0
1619,148.0,143.0,157.0,182.0,247.0,242.0,144.0
1620,313.0,319.0,320.0,329.0,222.0,209.0,297.0
1621,121.0,119.0,119.0,119.0,110.0,105.0,118.0
1622,128.0,124.0,127.0,133.0,126.0,125.0,123.0
1623,275.0,267.0,282.0,314.0,370.0,376.0,273.0
1624,360.0,342.0,344.0,404.0,486.0,498.0,352.0
1625,167.0,156.0,171.0,184.0,199.0,196.0,164.0
1626,362.0,365.0,374.0,370.0,174.0,150.0,344.0
1627,169.0,162.0,172.0,188.0,202.0,195.0,164.0
1628,125.0,122.0,125.0,134.0,134.0,131.0,121.0
1629,2150.0,1459.0,1844.0,2018.0,3338.0,3416.0,1792.0
1630,94.0,89.0,93.0,97.0,101.0,103.0,93.0
1631,341.0,331.0,324.0,384.0,485.0,506.0,342.0
1632,40.0,40.0,41.0,47.0,58.0,55.0,41.0
1633,74.0,71.0,75.0,79.0,83.0,84.0,73.0
1634,102.0,97.0,101.0,106.0,114.0,117.0,99.0
1635,63.0,63.0,65.0,71.0,80.0,79.0,62.0
1636,65.0,64.0,66.0,68.0,68.0,64.0,64.0
1637,161.0,157.0,155.0,153.0,107.0,101.0,151.0
1638,105.0,98.0,106.0,130.0,192.0,193.0,108.0
1639,69.0,67.0,67.0,96.0,175.0,172.0,71.0
1640,37.0,33.0,37.0,48.0,103.0,95.0,37.0
1641,69.0,68.0,72.0,80.0,91.0,95.0,69.0
1642,257.0,249.0,260.0,287.0,280.0,283.0,245.0
1643,47.0,46.0,49.0,54.0,62.0,59.0,45.0
1644,130.0,125.0,132.0,142.0,147.0,147.0,128.0
1645,304.0,320.0,322.0,339.0,279.0,279.0,301.0
1646,66.0,66.0,69.0,79.0,93.0,95.0,66.0
1647,231.0,209.0,228.0,261.0,323.0,322.0,217.0
1648,205.0,203.0,217.0,233.0,257.0,257.0,198.0
1649,43.0,42.0,46.0,52.0,80.0,73.0,44.0
1650,216.0,209.0,214.0,215.0,144.0,120.0,207.0
1651,96.0,92.0,96.0,103.0,114.0,115.0,94.0
1652,91.0,86.0,89.0,91.0,88.0,88.0,90.0
1653,108.0,105.0,109.0,125.0,141.0,141.0,106.0
1654,66.0,66.0,68.0,76.0,86.0,85.0,65.0
1655,112.0,111.0,116.0,111.0,65.0,57.0,110.0
1656,48.0,47.0,50.0,54.0,60.0,58.0,46.0
1657,110.0,106.0,109.0,114.0,117.0,118.0,108.0
1658,286.0,292.0,292.0,311.0,248.0,240.0,270.0
1659,82.0,78.0,83.0,91.0,105.0,106.0,81.0
1660,57.0,59.0,60.0,71.0,103.0,102.0,57.0
1661,391.0,379.0,391.0,453.0,565.0,608.0,405.0
1662,79.0,77.0,81.0,92.0,120.0,117.0,78.0
1663,321.0,324.0,328.0,351.0,365.0,365.0,311.0
1664,70.0,69.0,73.0,86.0,102.0,105.0,71.0
1665,126.0,123.0,124.0,123.0,98.0,86.0,122.0
1666,232.0,214.0,231.0,263.0,311.0,307.0,218.0
1667,345.0,349.0,349.0,372.0,355.0,349.0,335.0
1668,108.0,104.0,109.0,132.0,175.0,171.0,111.0
1669,92.0,86.0,92.0,98.0,113.0,115.0,89.0
1670,167.0,160.0,170.0,205.0,278.0,275.0,168.0
1671,81.0,80.0,84.0,95.0,126.0,122.0,81.0
1672,82.0,79.0,83.0,103.0,151.0,145.0,81.0
1673,231.0,211.0,230.0,265.0,358.0,348.0,225.0
1674,66.0,64.0,67.0,69.0,73.0,71.0,64.0
1675,79.0,78.0,81.0,93.0,118.0,115.0,78.0
1676,118.0,115.0,117.0,121.0,118.0,115.0,115.0
1677,113.0,110.0,114.0,133.0,163.0,160.0,114.0
1678,81.0,76.0,80.0,86.0,92.0,93.0,80.0
1679,152.0,148.0,144.0,145.0,70.0,56.0,144.0
1680,157.0,153.0,152.0,152.0,107.0,100.0,147.0
1681,57.0,59.0,61.0,69.0,89.0,88.0,57.0
1682,94.0,92.0,95.0,108.0,132.0,129.0,92.0
1683,44.0,41.0,45.0,58.0,109.0,99.0,44.0
1684,73.0,72.0,75.0,89.0,115.0,114.0,74.0
1685,113.0,111.0,112.0,112.0,90.0,85.0,110.0
1686,87.0,87.0,89.0,88.0,38.0,30.0,89.0
1687,547.0,521.0,559.0,600.0,758.0,764.0,567.0
1688,83.0,80.0,83.0,84.0,76.0,74.0,82.0
1689,80.0,79.0,83.0,93.0,120.0,117.0,79.0
1690,285.0,292.0,296.0,313.0,261.0,256.0,271.0
1691,42.0,41.0,42.0,48.0,60.0,59.0,42.0
1692,178.0,170.0,183.0,214.0,282.0,285.0,175.0
1693,86.0,79.0,86.0,91.0,108.0,111.0,83.0
1694,45.0,41.0,42.0,57.0,145.0,127.0,42.0
1695,88.0,81.0,87.0,91.0,103.0,106.0,85.0
1696,113.0,113.0,114.0,112.0,93.0,88.0,112.0
1697,106.0,100.0,107.0,136.0,202.0,203.0,110.0
1698,419.0,436.0,440.0,419.0,186.0,150.0,409.0
1699,75.0,74.0,78.0,90.0,120.0,118.0,75.0
1700,100.0,97.0,101.0,114.0,132.0,132.0,99.0
1701,80.0,77.0,80.0,87.0,93.0,94.0,80.0
1702,73.0,70.0,71.0,74.0,52.0,45.0,72.0
1703,34.0,35.0,35.0,43.0,61.0,56.0,37.0
1704,444.0,425.0,433.0,413.0,349.0,354.0,419.0
1705,68.0,68.0,71.0,79.0,88.0,86.0,68.0
1706,276.0,266.0,273.0,255.0,129.0,97.0,266.0
1707,238.0,236.0,244.0,255.0,242.0,236.0,228.0
1708,175.0,168.0,179.0,204.0,197.0,191.0,170.0
1709,856.0,822.0,864.0,803.0,204.0,158.0,859.0
1710,209.0,207.0,219.0,234.0,247.0,243.0,202.0
1711,112.0,112.0,113.0,112.0,99.0,94.0,111.0
1712,55.0,57.0,59.0,66.0,84.0,82.0,55.0
1713,73.0,70.0,72.0,73.0,63.0,57.0,71.0
1714,190.0,180.0,182.0,183.0,122.0,106.0,175.0
1715,51.0,50.0,52.0,65.0,114.0,109.0,50.0
1716,170.0,177.0,172.0,174.0,46.0,37.0,168.0
1717,237.0,219.0,240.0,269.0,323.0,322.0,226.0
1718,63.0,61.0,64.0,65.0,65.0,64.0,60.0
1719,247.0,237.0,243.0,243.0,212.0,183.0,229.0
1720,213.0,206.0,212.0,221.0,209.0,199.0,201.0
1721,77.0,73.0,76.0,77.0,63.0,57.0,76.0
1722,187.0,179.0,194.0,216.0,255.0,250.0,186.0
1723,83.0,80.0,83.0,90.0,94.0,94.0,82.0
1724,101.0,98.0,102.0,107.0,112.0,113.0,100.0
1725,195.0,186.0,193.0,198.0,202.0,194.0,185.0
1726,317.0,304.0,292.0,353.0,473.0,489.0,315.0
1727,220.0,214.0,220.0,223.0,199.0,182.0,207.0
1728,95.0,92.0,95.0,93.0,63.0,58.0,93.0
1729,71.0,69.0,73.0,85.0,110.0,111.0,71.0
1730,44.0,41.0,45.0,58.0,103.0,95.0,44.0
1731,62.0,63.0,64.0,71.0,83.0,79.0,61.0
1732,148.0,139.0,150.0,166.0,195.0,190.0,142.0
1733,123.0,118.0,126.0,120.0,48.0,35.0,120.0
1734,90.0,85.0,88.0,93.0,96.0,96.0,87.0
1735,75.0,74.0,78.0,92.0,126.0,123.0,75.0
1736,43.0,43.0,43.0,49.0,55.0,55.0,43.0
1737,80.0,76.0,80.0,81.0,25.0,20.0,82.0
1738,121.0,117.0,121.0,131.0,136.0,135.0,117.0
1739,60.0,59.0,61.0,62.0,60.0,58.0,57.0
1740,99.0,96.0,98.0,96.0,66.0,61.0,95.0
1741,85.0,82.0,85.0,109.0,168.0,163.0,85.0
1742,95.0,92.0,95.0,93.0,61.0,56.0,93.0
1743,262.0,259.0,268.0,304.0,293.0,301.0,253.0
1744,112.0,108.0,113.0,132.0,161.0,160.0,112.0
1745,399.0,397.0,401.0,448.0,514.0,570.0,408.0
1746,95.0,90.0,95.0,100.0,110.0,112.0,93.0
1747,40.0,37.0,42.0,51.0,92.0,81.0,42.0
1748,80.0,77.0,83.0,93.0,119.0,118.0,79.0
1749,44.0,44.0,44.0,48.0,53.0,53.0,44.0
1750,104.0,101.0,105.0,121.0,145.0,143.0,103.0
1751,232.0,216.0,233.0,263.0,304.0,305.0,219.0
1752,254.0,246.0,273.0,291.0,338.0,342.0,249.0
1753,295.0,281.0,284.0,286.0,189.0,159.0,268.0
1754,49.0,48.0,51.0,55.0,61.0,59.0,47.0
1755,79.0,77.0,80.0,85.0,87.0,86.0,79.0
1756,136.0,127.0,137.0,157.0,207.0,203.0,132.0
1757,94.0,89.0,93.0,118.0,170.0,166.0,94.0
1758,43.0,41.0,46.0,53.0,87.0,79.0,44.0
1759,461.0,437.0,444.0,426.0,367.0,374.0,429.0
1760,128.0,124.0,129.0,140.0,145.0,142.0,125.0
1761,43.0,40.0,45.0,56.0,100.0,92.0,43.0
1762,212.0,203.0,210.0,212.0,168.0,152.0,203.0
1763,134.0,127.0,135.0,145.0,154.0,155.0,130.0
1764,120.0,119.0,124.0,118.0,68.0,58.0,118.0
1765,184.0,173.0,182.0,190.0,193.0,188.0,178.0
1766,110.0,106.0,110.0,115.0,119.0,120.0,107.0
1767,128.0,119.0,129.0,148.0,185.0,183.0,125.0
1768,307.0,290.0,292.0,288.0,161.0,133.0,276.0
1769,62.0,62.0,66.0,73.0,88.0,87.0,61.0
1770,194.0,185.0,198.0,232.0,309.0,317.0,186.0
1771,195.0,189.0,194.0,195.0,157.0,142.0,189.0
1772,48.0,45.0,46.0,63.0,140.0,124.0,46.0
1773,61.0,61.0,63.0,76.0,113.0,112.0,62.0
1774,120.0,117.0,122.0,117.0,59.0,48.0,118.0
1775,233.0,215.0,233.0,263.0,307.0,307.0,219.0
1776,113.0,109.0,114.0,132.0,163.0,164.0,114.0
1777,105.0,103.0,105.0,106.0,92.0,90.0,103.0
1778,194.0,184.0,193.0,200.0,207.0,204.0,185.0
1779,230.0,222.0,229.0,229.0,154.0,124.0,221.0
1780,87.0,85.0,89.0,98.0,120.0,118.0,85.0
1781,74.0,72.0,73.0,76.0,53.0,47.0,74.0
1782,104.0,102.0,106.0,119.0,132.0,130.0,103.0
1783,367.0,350.0,354.0,420.0,525.0,572.0,376.0
1784,210.0,210.0,222.0,241.0,258.0,252.0,202.0
1785,69.0,69.0,72.0,83.0,95.0,97.0,70.0
1786,200.0,189.0,194.0,195.0,190.0,187.0,190.0
1787,138.0,135.0,135.0,138.0,120.0,118.0,133.0
1788,50.0,49.0,52.0,55.0,60.0,57.0,47.0
1789,126.0,123.0,123.0,122.0,104.0,97.0,122.0
1790,294.0,306.0,305.0,331.0,262.0,262.0,283.0
1791,105.0,104.0,106.0,116.0,122.0,121.0,105.0
1792,115.0,112.0,116.0,130.0,140.0,138.0,113.0
1793,86.0,79.0,86.0,92.0,111.0,114.0,83.0
1794,107.0,101.0,106.0,126.0,163.0,162.0,107.0
1795,78.0,77.0,82.0,92.0,123.0,120.0,79.0
1796,220.0,200.0,217.0,260.0,357.0,348.0,209.0
1797,91.0,88.0,91.0,91.0,60.0,54.0,89.0
1798,73.0,70.0,71.0,74.0,57.0,51.0,71.0
1799,114.0,112.0,114.0,115.0,113.0,111.0,114.0
1800,71.0,70.0,73.0,87.0,101.0,101.0,73.0
1801,88.0,83.0,90.0,124.0,205.0,203.0,94.0
1802,40.0,41.0,41.0,46.0,54.0,52.0,41.0
1803,73.0,70.0,74.0,76.0,75.0,74.0,72.0
1804,119.0,115.0,123.0,163.0,274.0,275.0,128.0
1805,63.0,63.0,65.0,67.0,68.0,65.0,61.0
1806,110.0,107.0,110.0,108.0,77.0,68.0,106.0
1807,115.0,113.0,118.0,134.0,165.0,163.0,116.0
1808,69.0,67.0,69.0,69.0,63.0,60.0,68.0
1809,110.0,108.0,111.0,123.0,129.0,127.0,108.0
1810,122.0,119.0,120.0,119.0,107.0,101.0,120.0
1811,121.0,119.0,120.0,118.0,101.0,94.0,119.0
1812,89.0,87.0,90.0,108.0,145.0,140.0,87.0
1813,140.0,133.0,138.0,145.0,138.0,140.0,136.0
1814,125.0,122.0,125.0,121.0,89.0,77.0,122.0
1815,76.0,73.0,77.0,83.0,89.0,90.0,75.0
1816,66.0,64.0,67.0,69.0,70.0,67.0,64.0
1817,176.0,171.0,176.0,186.0,172.0,161.0,173.0
1818,222.0,209.0,214.0,217.0,207.0,201.0,207.0
1819,49.0,50.0,53.0,59.0,77.0,74.0,48.0
1820,107.0,104.0,108.0,126.0,148.0,149.0,106.0
1821,947.0,914.0,1026.0,1193.0,1288.0,1297.0,939.0
1822,108.0,106.0,108.0,110.0,108.0,107.0,108.0
1823,85.0,82.0,85.0,103.0,148.0,145.0,83.0
1824,11.0,15.0,15.0,19.0,20.0,17.0,21.0
1825,200.0,193.0,197.0,195.0,169.0,160.0,193.0
1826,180.0,170.0,186.0,208.0,253.0,255.0,180.0
1827,69.0,68.0,72.0,81.0,92.0,95.0,69.0
1828,194.0,191.0,207.0,228.0,265.0,258.0,191.0
1829,139.0,129.0,136.0,154.0,186.0,185.0,134.0
1830,36.0,37.0,37.0,44.0,57.0,53.0,38.0
1831,637.0,629.0,655.0,633.0,238.0,137.0,632.0
1832,102.0,98.0,102.0,108.0,117.0,120.0,100.0
1833,62.0,62.0,66.0,68.0,76.0,74.0,60.0
1834,61.0,60.0,63.0,64.0,65.0,63.0,58.0
1835,46.0,44.0,48.0,54.0,75.0,72.0,45.0
1836,132.0,124.0,135.0,146.0,162.0,165.0,129.0
1837,76.0,73.0,78.0,89.0,111.0,111.0,75.0
1838,128.0,122.0,132.0,145.0,166.0,167.0,126.0
1839,129.0,124.0,135.0,158.0,229.0,225.0,128.0
1840,50.0,50.0,54.0,62.0,63.0,61.0,49.0
1841,41.0,38.0,43.0,49.0,83.0,75.0,42.0
1842,220.0,215.0,225.0,232.0,237.0,239.0,206.0
1843,664.0,654.0,684.0,657.0,214.0,109.0,664.0
1844,105.0,102.0,106.0,117.0,128.0,128.0,103.0
1845,62.0,61.0,64.0,64.0,64.0,64.0,59.0
1846,56.0,56.0,58.0,70.0,109.0,108.0,55.0
1847,65.0,64.0,67.0,70.0,74.0,71.0,63.0
1848,64.0,65.0,67.0,76.0,87.0,87.0,64.0
1849,72.0,69.0,72.0,74.0,71.0,68.0,70.0
1850,344.0,334.0,315.0,397.0,523.0,536.0,346.0
1851,168.0,161.0,160.0,159.0,108.0,100.0,154.0
1852,79.0,75.0,79.0,86.0,95.0,97.0,78.0
1853,176.0,168.0,177.0,193.0,187.0,179.0,171.0
1854,143.0,136.0,143.0,149.0,146.0,148.0,139.0
1855,236.0,233.0,235.0,233.0,118.0,90.0,228.0
1856,75.0,69.0,72.0,71.0,21.0,19.0,76.0
1857,121.0,118.0,120.0,122.0,117.0,114.0,119.0
1858,79.0,78.0,79.0,80.0,45.0,39.0,81.0
1859,325.0,330.0,331.0,354.0,350.0,347.0,316.0
1860,96.0,90.0,96.0,126.0,195.0,192.0,101.0
1861,193.0,184.0,196.0,238.0,323.0,324.0,186.0
1862,45.0,43.0,47.0,60.0,106.0,98.0,45.0
1863,102.0,100.0,103.0,116.0,130.0,129.0,101.0
1864,127.0,124.0,124.0,125.0,110.0,104.0,122.0
1865,55.0,54.0,54.0,71.0,122.0,117.0,56.0
1866,92.0,88.0,90.0,90.0,67.0,65.0,90.0
1867,232.0,226.0,226.0,223.0,80.0,65.0,226.0
1868,65.0,65.0,67.0,74.0,83.0,81.0,65.0
1869,59.0,61.0,62.0,73.0,96.0,96.0,59.0
1870,125.0,123.0,125.0,121.0,87.0,76.0,123.0
1871,42.0,40.0,44.0,51.0,85.0,76.0,44.0
1872,266.0,262.0,284.0,303.0,322.0,331.0,259.0
1873,140.0,136.0,136.0,133.0,102.0,97.0,134.0
1874,207.0,202.0,212.0,225.0,232.0,232.0,200.0
1875,835.0,799.0,843.0,781.0,177.0,126.0,840.0
1876,211.0,209.0,217.0,231.0,233.0,229.0,202.0
1877,133.0,123.0,131.0,151.0,184.0,184.0,129.0
1878,135.0,129.0,133.0,139.0,131.0,132.0,130.0
1879,85.0,78.0,82.0,87.0,92.0,94.0,84.0
1880,148.0,145.0,156.0,186.0,264.0,258.0,144.0
1881,597.0,589.0,605.0,594.0,332.0,266.0,578.0
1882,157.0,153.0,162.0,194.0,257.0,249.0,154.0
1883,59.0,62.0,63.0,72.0,90.0,89.0,59.0
1884,103.0,96.0,101.0,124.0,171.0,169.0,103.0
1885,88.0,86.0,87.0,90.0,83.0,80.0,86.0
1886,97.0,93.0,96.0,99.0,101.0,103.0,96.0
1887,101.0,95.0,101.0,128.0,186.0,186.0,104.0
1888,83.0,79.0,83.0,89.0,96.0,96.0,82.0
1889,73.0,70.0,72.0,73.0,37.0,33.0,74.0
1890,394.0,409.0,416.0,399.0,185.0,153.0,384.0
1891,42.0,42.0,43.0,48.0,56.0,55.0,42.0
1892,91.0,88.0,92.0,110.0,142.0,140.0,89.0
1893,49.0,48.0,52.0,57.0,80.0,76.0,48.0
1894,223.0,217.0,217.0,215.0,86.0,70.0,211.0
1895,162.0,157.0,159.0,167.0,163.0,156.0,158.0
1896,48.0,46.0,49.0,54.0,64.0,62.0,46.0
1897,75.0,72.0,76.0,76.0,75.0,74.0,73.0
1898,313.0,312.0,318.0,344.0,370.0,375.0,306.0
1899,26.0,27.0,28.0,36.0,44.0,41.0,32.0
1900,52.0,52.0,55.0,58.0,64.0,60.0,50.0
1901,452.0,432.0,459.0,513.0,638.0,622.0,479.0
1902,105.0,100.0,105.0,110.0,118.0,121.0,103.0
1903,234.0,216.0,233.0,268.0,308.0,307.0,219.0
1904,142.0,138.0,137.0,137.0,107.0,103.0,135.0
1905,173.0,168.0,173.0,185.0,173.0,162.0,170.0
1906,388.0,376.0,390.0,454.0,576.0,625.0,405.0
1907,121.0,119.0,121.0,118.0,90.0,78.0,119.0
1908,58.0,61.0,62.0,72.0,95.0,95.0,58.0
1909,89.0,86.0,87.0,88.0,65.0,61.0,87.0
1910,56.0,56.0,57.0,59.0,58.0,55.0,54.0
1911,106.0,102.0,107.0,131.0,175.0,170.0,109.0
1912,160.0,153.0,164.0,178.0,193.0,186.0,155.0
1913,44.0,44.0,44.0,49.0,52.0,53.0,44.0
1914,162.0,157.0,160.0,168.0,160.0,154.0,158.0
1915,89.0,86.0,88.0,90.0,74.0,73.0,87.0
1916,121.0,118.0,119.0,121.0,115.0,111.0,118.0
1917,116.0,111.0,116.0,129.0,143.0,145.0,114.0
1918,8.0,12.0,12.0,15.0,15.0,12.0,17.0
1919,135.0,131.0,133.0,139.0,125.0,120.0,130.0
1920,73.0,70.0,72.0,75.0,57.0,51.0,72.0
1921,150.0,142.0,151.0,165.0,185.0,179.0,144.0
1922,275.0,267.0,280.0,314.0,381.0,388.0,276.0
1923,120.0,112.0,122.0,142.0,187.0,186.0,119.0
1924,104.0,102.0,106.0,124.0,135.0,136.0,103.0
1925,64.0,63.0,65.0,80.0,129.0,125.0,65.0
1926,83.0,82.0,83.0,85.0,53.0,46.0,84.0
1927,524.0,502.0,513.0,509.0,402.0,387.0,500.0
1928,925.0,898.0,1007.0,1174.0,1235.0,1242.0,920.0
1929,93.0,91.0,94.0,92.0,57.0,51.0,91.0
1930,99.0,96.0,100.0,111.0,127.0,127.0,97.0
1931,364.0,358.0,366.0,388.0,425.0,435.0,352.0
1932,252.0,238.0,255.0,279.0,287.0,291.0,241.0
1933,84.0,82.0,86.0,96.0,116.0,114.0,83.0
1934,87.0,85.0,89.0,101.0,126.0,124.0,85.0
1935,253.0,246.0,255.0,286.0,270.0,268.0,240.0
1936,120.0,112.0,122.0,141.0,181.0,181.0,119.0
1937,168.0,160.0,168.0,179.0,181.0,173.0,164.0
1938,90.0,85.0,91.0,124.0,201.0,197.0,96.0
1939,172.0,166.0,177.0,210.0,289.0,291.0,173.0
1940,115.0,114.0,116.0,134.0,152.0,149.0,114.0
1941,182.0,168.0,179.0,188.0,187.0,185.0,179.0
1942,74.0,71.0,75.0,94.0,144.0,140.0,73.0
1943,146.0,141.0,143.0,147.0,134.0,135.0,142.0
1944,471.0,444.0,474.0,522.0,612.0,593.0,498.0
1945,328.0,332.0,331.0,357.0,349.0,343.0,319.0
1946,104.0,98.0,103.0,124.0,165.0,163.0,104.0
1947,44.0,45.0,45.0,49.0,47.0,47.0,46.0
1948,206.0,197.0,211.0,223.0,242.0,245.0,199.0
1949,70.0,67.0,71.0,75.0,81.0,81.0,68.0
1950,251.0,239.0,257.0,278.0,284.0,283.0,238.0
1951,106.0,104.0,107.0,127.0,147.0,145.0,105.0
1952,60.0,61.0,62.0,69.0,81.0,79.0,59.0
1953,65.0,65.0,68.0,78.0,93.0,96.0,65.0
1954,374.0,358.0,365.0,406.0,458.0,483.0,367.0
1955,147.0,145.0,157.0,186.0,258.0,249.0,143.0
1956,127.0,123.0,126.0,134.0,132.0,131.0,122.0
1957,86.0,82.0,87.0,95.0,116.0,115.0,83.0
1958,203.0,197.0,202.0,206.0,153.0,133.0,195.0
1959,341.0,362.0,363.0,363.0,277.0,275.0,343.0
1960,206.0,201.0,216.0,242.0,288.0,286.0,197.0
1961,117.0,115.0,117.0,115.0,90.0,82.0,115.0
1962,137.0,130.0,138.0,145.0,147.0,150.0,134.0
1963,124.0,121.0,123.0,120.0,93.0,80.0,121.0
1964,111.0,108.0,110.0,110.0,84.0,78.0,109.0
1965,116.0,112.0,116.0,124.0,129.0,130.0,112.0
1966,236.0,225.0,233.0,235.0,196.0,158.0,223.0
1967,174.0,166.0,180.0,207.0,261.0,259.0,175.0
1968,30.0,29.0,31.0,41.0,65.0,58.0,34.0
1969,85.0,79.0,83.0,87.0,91.0,93.0,85.0
1970,237.0,216.0,233.0,266.0,320.0,319.0,224.0
1971,222.0,214.0,222.0,224.0,190.0,166.0,210.0
1972,73.0,72.0,76.0,90.0,124.0,122.0,74.0
1973,37.0,39.0,39.0,44.0,46.0,45.0,41.0
1974,160.0,153.0,152.0,155.0,125.0,125.0,154.0
1975,202.0,191.0,203.0,249.0,337.0,331.0,192.0
1976,98.0,95.0,98.0,103.0,109.0,110.0,96.0
1977,133.0,129.0,132.0,138.0,129.0,128.0,128.0
1978,187.0,179.0,193.0,213.0,244.0,238.0,183.0
1979,64.0,63.0,65.0,69.0,71.0,69.0,63.0
1980,49.0,48.0,52.0,57.0,69.0,65.0,47.0
1981,114.0,114.0,115.0,113.0,98.0,94.0,114.0
1982,86.0,83.0,85.0,86.0,71.0,69.0,85.0
1983,109.0,107.0,110.0,115.0,116.0,115.0,110.0
1984,68.0,66.0,68.0,68.0,63.0,60.0,66.0
1985,478.0,458.0,484.0,536.0,591.0,573.0,501.0
1986,93.0,88.0,92.0,97.0,104.0,106.0,91.0
1987,51.0,51.0,54.0,67.0,110.0,106.0,50.0
1988,189.0,181.0,197.0,217.0,255.0,254.0,187.0
1989,76.0,73.0,78.0,95.0,127.0,127.0,76.0
1990,82.0,79.0,83.0,94.0,121.0,117.0,79.0
1991,140.0,135.0,136.0,141.0,122.0,120.0,134.0
1992,63.0,63.0,65.0,78.0,114.0,114.0,65.0
1993,60.0,60.0,64.0,69.0,82.0,80.0,58.0
1994,148.0,140.0,147.0,154.0,152.0,152.0,144.0
1995,65.0,63.0,66.0,69.0,76.0,75.0,63.0
1996,89.0,84.0,88.0,91.0,92.0,92.0,88.0
1997,273.0,263.0,269.0,251.0,145.0,108.0,261.0
1998,594.0,582.0,600.0,594.0,366.0,313.0,578.0
1999,301.0,295.0,306.0,335.0,374.0,385.0,296.0
2000,169.0,169.0,161.0,164.0,79.0,67.0,156.0
