shop_id,2016-11-01,2016-11-02,2016-11-03,2016-11-04,2016-11-05,2016-11-06,2016-11-07
1,230.0,209.0,230.0,259.0,264.0,271.0,210.0
2,72.0,67.0,74.0,85.0,116.0,115.0,71.0
3,71.0,70.0,71.0,89.0,118.0,115.0,72.0
4,93.0,89.0,86.0,117.0,192.0,191.0,100.0
5,230.0,183.0,191.0,208.0,208.0,201.0,208.0
6,103.0,101.0,104.0,110.0,109.0,110.0,103.0
7,118.0,109.0,123.0,142.0,186.0,186.0,114.0
8,60.0,62.0,64.0,67.0,81.0,79.0,58.0
9,216.0,205.0,228.0,233.0,259.0,268.0,204.0
10,95.0,94.0,95.0,97.0,100.0,101.0,100.0
11,96.0,93.0,95.0,97.0,71.0,72.0,94.0
12,56.0,59.0,60.0,70.0,89.0,87.0,57.0
13,255.0,238.0,244.0,253.0,239.0,239.0,228.0
14,59.0,58.0,61.0,59.0,62.0,60.0,57.0
15,133.0,117.0,133.0,147.0,191.0,192.0,126.0
16,39.0,41.0,41.0,48.0,54.0,51.0,42.0
17,84.0,80.0,84.0,94.0,118.0,113.0,79.0
18,80.0,77.0,83.0,91.0,114.0,113.0,80.0
19,143.0,124.0,153.0,157.0,196.0,204.0,138.0
20,160.0,149.0,150.0,156.0,138.0,135.0,156.0
21,76.0,76.0,79.0,92.0,128.0,122.0,79.0
22,109.0,110.0,113.0,125.0,126.0,125.0,115.0
23,58.0,63.0,63.0,62.0,50.0,52.0,67.0
24,65.0,64.0,63.0,86.0,130.0,127.0,66.0
25,116.0,116.0,115.0,135.0,147.0,142.0,113.0
26,62.0,64.0,66.0,78.0,139.0,143.0,63.0
27,87.0,84.0,86.0,88.0,87.0,85.0,85.0
28,64.0,64.0,68.0,79.0,93.0,97.0,62.0
29,94.0,90.0,95.0,125.0,192.0,187.0,100.0
30,46.0,45.0,49.0,56.0,56.0,56.0,45.0
31,333.0,328.0,272.0,384.0,555.0,559.0,334.0
32,421.0,457.0,455.0,428.0,165.0,119.0,427.0
33,61.0,63.0,62.0,72.0,99.0,96.0,59.0
34,363.0,352.0,344.0,440.0,531.0,515.0,363.0
35,152.0,143.0,207.0,166.0,211.0,212.0,146.0
36,64.0,63.0,64.0,68.0,79.0,80.0,63.0
37,198.0,184.0,211.0,216.0,261.0,284.0,184.0
38,107.0,103.0,107.0,103.0,70.0,68.0,102.0
39,226.0,199.0,224.0,252.0,327.0,334.0,219.0
40,87.0,71.0,81.0,87.0,103.0,108.0,80.0
41,170.0,154.0,169.0,211.0,326.0,351.0,164.0
42,78.0,76.0,79.0,88.0,99.0,99.0,76.0
43,73.0,68.0,75.0,94.0,106.0,114.0,77.0
44,60.0,59.0,62.0,67.0,77.0,76.0,60.0
45,32.0,32.0,32.0,41.0,55.0,51.0,35.0
46,175.0,168.0,177.0,179.0,177.0,170.0,175.0
47,164.0,164.0,156.0,155.0,95.0,91.0,147.0
48,373.0,365.0,364.0,428.0,526.0,582.0,389.0
49,393.0,381.0,392.0,441.0,529.0,597.0,410.0
50,68.0,63.0,70.0,69.0,73.0,74.0,68.0
51,73.0,71.0,70.0,76.0,49.0,42.0,72.0
52,53.0,54.0,53.0,72.0,126.0,118.0,59.0
53,126.0,124.0,125.0,137.0,132.0,126.0,120.0
54,320.0,330.0,319.0,343.0,320.0,315.0,312.0
55,340.0,347.0,341.0,382.0,366.0,350.0,327.0
56,64.0,65.0,67.0,74.0,85.0,83.0,63.0
57,289.0,325.0,302.0,341.0,279.0,289.0,275.0
58,1613.0,1503.0,1625.0,1607.0,1754.0,1747.0,1549.0
59,175.0,176.0,182.0,244.0,186.0,179.0,174.0
60,161.0,157.0,160.0,171.0,172.0,160.0,160.0
61,84.0,82.0,85.0,93.0,104.0,105.0,83.0
62,81.0,81.0,86.0,97.0,121.0,125.0,81.0
63,211.0,194.0,212.0,219.0,241.0,251.0,200.0
64,159.0,157.0,150.0,146.0,123.0,124.0,159.0
65,313.0,306.0,308.0,346.0,423.0,466.0,320.0
66,67.0,66.0,74.0,86.0,92.0,98.0,70.0
67,53.0,57.0,56.0,68.0,88.0,85.0,54.0
68,57.0,59.0,59.0,59.0,63.0,63.0,56.0
69,103.0,106.0,108.0,129.0,144.0,142.0,103.0
70,51.0,52.0,54.0,62.0,80.0,82.0,49.0
71,157.0,150.0,148.0,158.0,155.0,152.0,149.0
72,490.0,464.0,488.0,526.0,550.0,529.0,527.0
73,101.0,94.0,101.0,109.0,115.0,116.0,98.0
74,115.0,111.0,114.0,127.0,136.0,135.0,111.0
75,86.0,76.0,79.0,84.0,87.0,93.0,88.0
76,47.0,45.0,51.0,56.0,93.0,80.0,47.0
77,125.0,123.0,126.0,134.0,129.0,131.0,119.0
78,57.0,55.0,59.0,60.0,58.0,56.0,56.0
79,161.0,157.0,153.0,158.0,67.0,55.0,157.0
80,70.0,67.0,72.0,71.0,79.0,80.0,69.0
81,100.0,88.0,96.0,95.0,106.0,113.0,96.0
82,115.0,114.0,115.0,115.0,98.0,94.0,115.0
83,115.0,105.0,118.0,139.0,190.0,184.0,115.0
84,172.0,164.0,182.0,209.0,294.0,295.0,173.0
85,64.0,63.0,62.0,78.0,106.0,107.0,63.0
86,117.0,113.0,120.0,131.0,166.0,164.0,117.0
87,127.0,124.0,131.0,119.0,44.0,33.0,123.0
88,432.0,445.0,450.0,493.0,564.0,574.0,440.0
89,47.0,46.0,50.0,57.0,98.0,86.0,47.0
90,213.0,191.0,208.0,254.0,366.0,361.0,205.0
91,93.0,87.0,90.0,99.0,121.0,119.0,90.0
92,121.0,114.0,123.0,147.0,192.0,183.0,121.0
93,181.0,172.0,174.0,170.0,130.0,114.0,170.0
94,102.0,103.0,101.0,105.0,95.0,89.0,100.0
95,105.0,104.0,106.0,106.0,89.0,88.0,102.0
96,126.0,123.0,128.0,141.0,140.0,144.0,126.0
97,197.0,172.0,187.0,188.0,186.0,196.0,198.0
98,80.0,78.0,81.0,89.0,100.0,100.0,80.0
99,73.0,69.0,73.0,69.0,64.0,60.0,73.0
100,389.0,384.0,400.0,404.0,377.0,357.0,380.0
101,121.0,117.0,126.0,136.0,163.0,164.0,122.0
102,130.0,123.0,126.0,131.0,126.0,127.0,123.0
103,66.0,66.0,66.0,70.0,74.0,69.0,64.0
104,109.0,109.0,110.0,115.0,103.0,94.0,109.0
105,81.0,81.0,82.0,105.0,161.0,156.0,82.0
106,67.0,65.0,67.0,67.0,64.0,61.0,63.0
107,76.0,73.0,74.0,110.0,203.0,191.0,79.0
108,88.0,85.0,89.0,102.0,132.0,128.0,83.0
109,113.0,112.0,113.0,113.0,109.0,105.0,110.0
110,150.0,139.0,139.0,154.0,143.0,140.0,138.0
111,65.0,66.0,69.0,72.0,84.0,76.0,64.0
112,117.0,117.0,120.0,139.0,165.0,161.0,121.0
113,158.0,159.0,150.0,152.0,117.0,125.0,158.0
114,616.0,577.0,620.0,683.0,562.0,549.0,612.0
115,428.0,401.0,402.0,401.0,362.0,373.0,392.0
116,509.0,478.0,477.0,441.0,368.0,382.0,454.0
117,124.0,118.0,124.0,153.0,246.0,242.0,121.0
118,85.0,85.0,86.0,87.0,38.0,32.0,87.0
119,43.0,38.0,42.0,56.0,92.0,84.0,42.0
120,264.0,245.0,269.0,278.0,294.0,319.0,252.0
121,48.0,47.0,50.0,57.0,65.0,61.0,45.0
122,54.0,55.0,63.0,63.0,69.0,70.0,50.0
123,89.0,88.0,87.0,97.0,115.0,113.0,89.0
124,387.0,359.0,372.0,392.0,438.0,469.0,374.0
125,34.0,35.0,35.0,44.0,60.0,56.0,36.0
126,115.0,115.0,115.0,112.0,106.0,102.0,119.0
127,53.0,51.0,53.0,67.0,103.0,99.0,56.0
128,45.0,46.0,49.0,57.0,83.0,78.0,46.0
129,185.0,177.0,198.0,220.0,308.0,308.0,177.0
130,288.0,283.0,300.0,317.0,325.0,328.0,280.0
131,58.0,56.0,59.0,61.0,61.0,59.0,57.0
132,54.0,57.0,59.0,73.0,101.0,96.0,56.0
133,108.0,105.0,109.0,109.0,78.0,72.0,108.0
134,425.0,416.0,419.0,378.0,328.0,350.0,400.0
135,159.0,154.0,159.0,168.0,177.0,168.0,154.0
136,107.0,106.0,107.0,112.0,89.0,85.0,105.0
137,93.0,91.0,92.0,97.0,81.0,81.0,90.0
138,270.0,264.0,268.0,283.0,252.0,220.0,255.0
139,60.0,60.0,61.0,83.0,133.0,126.0,63.0
140,351.0,356.0,355.0,371.0,192.0,169.0,323.0
141,40.0,37.0,39.0,46.0,72.0,68.0,40.0
142,425.0,459.0,457.0,431.0,188.0,159.0,438.0
143,137.0,134.0,137.0,139.0,117.0,110.0,133.0
144,93.0,84.0,89.0,116.0,180.0,184.0,98.0
145,65.0,65.0,66.0,72.0,78.0,76.0,64.0
146,457.0,436.0,462.0,515.0,692.0,672.0,497.0
147,141.0,136.0,135.0,140.0,114.0,108.0,130.0
148,70.0,65.0,69.0,74.0,76.0,71.0,69.0
149,160.0,159.0,165.0,199.0,287.0,261.0,164.0
150,54.0,57.0,57.0,67.0,107.0,105.0,56.0
151,103.0,101.0,105.0,107.0,71.0,67.0,101.0
152,52.0,53.0,57.0,58.0,63.0,59.0,49.0
153,60.0,63.0,63.0,71.0,88.0,84.0,59.0
154,109.0,110.0,112.0,108.0,81.0,78.0,111.0
155,119.0,123.0,121.0,137.0,160.0,159.0,120.0
156,132.0,125.0,134.0,145.0,164.0,165.0,129.0
157,82.0,79.0,82.0,95.0,125.0,120.0,79.0
158,68.0,66.0,69.0,71.0,69.0,65.0,66.0
159,53.0,57.0,58.0,65.0,85.0,84.0,58.0
160,301.0,287.0,284.0,272.0,128.0,102.0,274.0
161,118.0,112.0,120.0,121.0,116.0,119.0,117.0
162,92.0,89.0,90.0,94.0,83.0,78.0,87.0
163,81.0,74.0,85.0,89.0,115.0,116.0,76.0
164,215.0,205.0,216.0,217.0,155.0,134.0,209.0
165,94.0,91.0,96.0,118.0,152.0,148.0,93.0
166,53.0,52.0,50.0,68.0,137.0,124.0,53.0
167,161.0,160.0,154.0,152.0,134.0,141.0,159.0
168,111.0,110.0,110.0,104.0,104.0,106.0,110.0
169,89.0,83.0,87.0,119.0,199.0,188.0,92.0
170,56.0,58.0,60.0,71.0,109.0,107.0,56.0
171,263.0,262.0,261.0,280.0,252.0,224.0,250.0
172,161.0,159.0,154.0,202.0,299.0,299.0,162.0
173,170.0,156.0,172.0,184.0,203.0,198.0,168.0
174,217.0,204.0,199.0,191.0,183.0,199.0,200.0
175,85.0,83.0,85.0,116.0,188.0,184.0,87.0
176,67.0,66.0,68.0,86.0,119.0,113.0,69.0
177,109.0,103.0,107.0,127.0,164.0,161.0,109.0
178,79.0,71.0,78.0,84.0,98.0,103.0,76.0
179,62.0,62.0,62.0,71.0,82.0,79.0,60.0
180,254.0,229.0,261.0,275.0,296.0,308.0,244.0
181,69.0,68.0,72.0,82.0,97.0,100.0,68.0
182,38.0,37.0,39.0,45.0,62.0,58.0,40.0
183,200.0,187.0,195.0,203.0,142.0,118.0,191.0
184,75.0,73.0,75.0,79.0,88.0,88.0,72.0
185,112.0,112.0,112.0,112.0,114.0,112.0,115.0
186,131.0,122.0,134.0,151.0,207.0,212.0,129.0
187,88.0,88.0,87.0,91.0,83.0,78.0,86.0
188,91.0,79.0,87.0,91.0,107.0,112.0,85.0
189,431.0,418.0,431.0,483.0,584.0,583.0,451.0
190,54.0,54.0,60.0,64.0,74.0,69.0,53.0
191,67.0,66.0,68.0,68.0,60.0,55.0,68.0
192,42.0,40.0,44.0,49.0,88.0,81.0,42.0
193,129.0,119.0,127.0,151.0,194.0,194.0,127.0
194,37.0,42.0,40.0,44.0,40.0,40.0,42.0
195,56.0,56.0,57.0,68.0,109.0,107.0,52.0
196,69.0,66.0,65.0,101.0,184.0,184.0,72.0
197,47.0,45.0,48.0,59.0,94.0,86.0,47.0
198,125.0,119.0,124.0,122.0,90.0,71.0,122.0
199,164.0,141.0,170.0,177.0,196.0,202.0,168.0
200,194.0,172.0,194.0,238.0,354.0,370.0,182.0
201,36.0,35.0,39.0,48.0,85.0,78.0,40.0
202,184.0,181.0,178.0,171.0,129.0,126.0,175.0
203,376.0,348.0,392.0,469.0,653.0,706.0,403.0
204,97.0,89.0,92.0,93.0,81.0,80.0,86.0
205,108.0,108.0,107.0,115.0,113.0,111.0,105.0
206,50.0,51.0,54.0,62.0,85.0,82.0,49.0
207,64.0,61.0,58.0,86.0,167.0,169.0,63.0
208,95.0,88.0,92.0,111.0,145.0,145.0,92.0
209,67.0,65.0,68.0,83.0,130.0,130.0,70.0
210,96.0,90.0,96.0,126.0,167.0,161.0,97.0
211,89.0,90.0,90.0,103.0,128.0,125.0,86.0
212,48.0,45.0,47.0,64.0,105.0,98.0,48.0
213,82.0,77.0,78.0,79.0,69.0,69.0,80.0
214,40.0,38.0,42.0,46.0,83.0,80.0,41.0
215,134.0,140.0,142.0,182.0,304.0,291.0,134.0
216,43.0,43.0,43.0,47.0,49.0,52.0,43.0
217,362.0,353.0,352.0,436.0,511.0,525.0,364.0
218,59.0,59.0,59.0,59.0,32.0,30.0,64.0
219,56.0,56.0,58.0,59.0,60.0,59.0,51.0
220,99.0,94.0,97.0,97.0,69.0,68.0,92.0
221,111.0,110.0,114.0,132.0,152.0,148.0,113.0
222,27.0,30.0,30.0,35.0,39.0,38.0,30.0
223,70.0,68.0,71.0,84.0,103.0,105.0,70.0
224,82.0,82.0,85.0,87.0,28.0,20.0,84.0
225,94.0,90.0,92.0,94.0,77.0,75.0,89.0
226,193.0,182.0,187.0,197.0,190.0,185.0,185.0
227,56.0,57.0,57.0,73.0,116.0,115.0,61.0
228,53.0,53.0,63.0,60.0,70.0,69.0,50.0
229,82.0,79.0,84.0,92.0,101.0,101.0,80.0
230,68.0,63.0,67.0,69.0,75.0,73.0,66.0
231,72.0,71.0,75.0,81.0,86.0,86.0,72.0
232,70.0,68.0,72.0,70.0,71.0,65.0,69.0
233,263.0,253.0,257.0,308.0,419.0,430.0,274.0
234,151.0,145.0,149.0,166.0,181.0,174.0,145.0
235,119.0,115.0,127.0,145.0,185.0,180.0,119.0
236,48.0,44.0,49.0,55.0,64.0,62.0,45.0
237,66.0,64.0,69.0,67.0,74.0,70.0,65.0
238,67.0,64.0,66.0,70.0,66.0,60.0,65.0
239,78.0,77.0,77.0,94.0,120.0,118.0,75.0
240,297.0,315.0,318.0,351.0,267.0,258.0,281.0
241,92.0,77.0,86.0,85.0,97.0,103.0,91.0
242,78.0,76.0,80.0,79.0,70.0,70.0,75.0
243,236.0,225.0,258.0,274.0,352.0,351.0,233.0
244,213.0,207.0,204.0,202.0,186.0,181.0,194.0
245,160.0,157.0,160.0,164.0,157.0,159.0,162.0
246,35.0,34.0,36.0,48.0,122.0,101.0,38.0
247,172.0,171.0,171.0,171.0,163.0,158.0,173.0
248,66.0,64.0,67.0,67.0,67.0,70.0,65.0
249,171.0,175.0,166.0,171.0,72.0,61.0,166.0
250,57.0,58.0,61.0,68.0,87.0,90.0,56.0
251,109.0,110.0,116.0,111.0,59.0,54.0,111.0
252,156.0,154.0,162.0,176.0,207.0,186.0,153.0
253,79.0,75.0,79.0,95.0,155.0,149.0,77.0
254,148.0,149.0,148.0,142.0,127.0,121.0,145.0
255,87.0,91.0,88.0,91.0,74.0,74.0,84.0
256,194.0,198.0,207.0,228.0,280.0,276.0,192.0
257,88.0,86.0,85.0,91.0,86.0,80.0,86.0
258,68.0,68.0,71.0,93.0,110.0,109.0,75.0
259,72.0,66.0,74.0,75.0,75.0,75.0,70.0
260,64.0,61.0,66.0,72.0,79.0,75.0,61.0
261,98.0,90.0,95.0,120.0,171.0,164.0,95.0
262,123.0,124.0,125.0,138.0,130.0,129.0,123.0
263,115.0,108.0,112.0,119.0,123.0,126.0,108.0
264,104.0,98.0,106.0,112.0,123.0,128.0,98.0
265,116.0,114.0,117.0,133.0,152.0,151.0,114.0
266,40.0,39.0,41.0,45.0,56.0,53.0,40.0
267,102.0,101.0,102.0,107.0,100.0,96.0,99.0
268,102.0,98.0,101.0,104.0,87.0,85.0,98.0
269,106.0,104.0,107.0,101.0,81.0,79.0,105.0
270,96.0,92.0,97.0,102.0,113.0,112.0,93.0
271,63.0,60.0,63.0,59.0,57.0,56.0,59.0
272,584.0,564.0,583.0,617.0,549.0,530.0,597.0
273,119.0,114.0,120.0,135.0,152.0,155.0,119.0
274,61.0,60.0,61.0,62.0,53.0,51.0,60.0
275,625.0,615.0,643.0,646.0,619.0,624.0,644.0
276,131.0,118.0,136.0,150.0,185.0,190.0,130.0
277,36.0,33.0,36.0,49.0,109.0,97.0,35.0
278,272.0,277.0,285.0,318.0,415.0,423.0,283.0
279,431.0,421.0,445.0,497.0,598.0,593.0,454.0
280,60.0,61.0,64.0,71.0,92.0,96.0,59.0
281,147.0,145.0,153.0,179.0,210.0,203.0,142.0
282,261.0,247.0,254.0,248.0,182.0,127.0,245.0
283,56.0,56.0,58.0,73.0,105.0,98.0,58.0
284,34.0,32.0,34.0,43.0,79.0,67.0,38.0
285,271.0,279.0,273.0,342.0,245.0,260.0,264.0
286,506.0,498.0,508.0,482.0,327.0,311.0,492.0
287,203.0,205.0,211.0,237.0,270.0,260.0,198.0
288,73.0,70.0,76.0,88.0,124.0,122.0,71.0
289,51.0,53.0,57.0,61.0,77.0,75.0,49.0
290,66.0,64.0,66.0,68.0,66.0,63.0,63.0
291,142.0,137.0,140.0,132.0,71.0,57.0,137.0
292,161.0,160.0,159.0,154.0,100.0,92.0,147.0
293,200.0,196.0,196.0,196.0,194.0,199.0,192.0
294,147.0,143.0,142.0,148.0,121.0,114.0,142.0
295,58.0,57.0,65.0,65.0,85.0,86.0,57.0
296,366.0,345.0,355.0,421.0,529.0,587.0,383.0
297,270.0,286.0,299.0,296.0,255.0,268.0,262.0
298,377.0,358.0,391.0,472.0,659.0,709.0,401.0
299,177.0,171.0,186.0,215.0,275.0,276.0,190.0
300,53.0,54.0,60.0,61.0,68.0,68.0,49.0
301,72.0,73.0,73.0,79.0,90.0,90.0,70.0
302,153.0,150.0,143.0,143.0,101.0,107.0,148.0
303,48.0,48.0,51.0,62.0,108.0,102.0,48.0
304,213.0,212.0,219.0,244.0,245.0,237.0,206.0
305,105.0,112.0,111.0,134.0,167.0,159.0,110.0
306,519.0,534.0,536.0,508.0,217.0,150.0,504.0
307,67.0,68.0,69.0,82.0,113.0,112.0,66.0
308,102.0,99.0,101.0,101.0,61.0,58.0,105.0
309,171.0,163.0,165.0,160.0,116.0,104.0,156.0
310,147.0,138.0,151.0,175.0,220.0,221.0,141.0
311,116.0,112.0,124.0,119.0,42.0,27.0,114.0
312,110.0,106.0,109.0,106.0,112.0,115.0,110.0
313,557.0,559.0,564.0,544.0,292.0,198.0,514.0
314,129.0,124.0,125.0,146.0,152.0,148.0,127.0
315,169.0,162.0,170.0,182.0,186.0,176.0,169.0
316,196.0,191.0,187.0,178.0,156.0,158.0,191.0
317,51.0,50.0,54.0,64.0,117.0,115.0,51.0
318,140.0,130.0,132.0,155.0,185.0,184.0,134.0
319,219.0,195.0,203.0,205.0,214.0,212.0,203.0
320,225.0,202.0,227.0,261.0,369.0,357.0,220.0
321,127.0,122.0,127.0,132.0,128.0,125.0,121.0
322,73.0,72.0,72.0,73.0,71.0,63.0,70.0
323,190.0,184.0,187.0,199.0,199.0,188.0,177.0
324,114.0,116.0,113.0,108.0,90.0,85.0,109.0
325,62.0,66.0,64.0,77.0,92.0,91.0,60.0
326,71.0,71.0,75.0,88.0,107.0,107.0,74.0
327,65.0,63.0,65.0,70.0,70.0,65.0,63.0
328,146.0,135.0,148.0,154.0,172.0,176.0,143.0
329,78.0,78.0,80.0,88.0,91.0,90.0,81.0
330,46.0,40.0,43.0,61.0,141.0,117.0,40.0
331,358.0,319.0,355.0,344.0,97.0,87.0,334.0
332,104.0,104.0,107.0,128.0,159.0,156.0,108.0
333,89.0,73.0,86.0,81.0,100.0,111.0,87.0
334,152.0,143.0,150.0,153.0,159.0,162.0,147.0
335,178.0,170.0,168.0,168.0,92.0,80.0,153.0
336,233.0,215.0,229.0,271.0,385.0,372.0,237.0
337,82.0,79.0,84.0,93.0,111.0,108.0,78.0
338,412.0,365.0,426.0,510.0,866.0,863.0,434.0
339,95.0,95.0,99.0,114.0,139.0,130.0,94.0
340,66.0,64.0,68.0,68.0,72.0,69.0,64.0
341,145.0,150.0,144.0,195.0,307.0,300.0,148.0
342,120.0,118.0,117.0,113.0,112.0,101.0,122.0
343,106.0,105.0,106.0,116.0,110.0,101.0,108.0
344,139.0,134.0,138.0,156.0,167.0,169.0,132.0
345,106.0,105.0,107.0,116.0,118.0,115.0,104.0
346,232.0,228.0,234.0,228.0,205.0,196.0,220.0
347,52.0,50.0,53.0,60.0,66.0,62.0,48.0
348,280.0,272.0,270.0,323.0,413.0,409.0,285.0
349,110.0,112.0,112.0,112.0,102.0,98.0,111.0
350,255.0,253.0,258.0,245.0,117.0,91.0,248.0
351,112.0,108.0,108.0,114.0,87.0,84.0,108.0
352,270.0,258.0,277.0,258.0,58.0,36.0,281.0
353,58.0,57.0,61.0,57.0,59.0,61.0,57.0
354,69.0,66.0,72.0,76.0,81.0,83.0,68.0
355,70.0,67.0,68.0,70.0,47.0,40.0,69.0
356,134.0,130.0,133.0,143.0,137.0,134.0,129.0
357,50.0,49.0,50.0,53.0,59.0,59.0,49.0
358,164.0,153.0,152.0,157.0,117.0,116.0,151.0
359,151.0,143.0,147.0,164.0,183.0,173.0,143.0
360,125.0,117.0,136.0,151.0,219.0,219.0,124.0
361,229.0,230.0,231.0,234.0,137.0,106.0,223.0
362,144.0,134.0,140.0,151.0,133.0,132.0,137.0
363,63.0,62.0,66.0,68.0,66.0,61.0,63.0
364,98.0,94.0,97.0,121.0,174.0,176.0,99.0
365,60.0,61.0,65.0,70.0,83.0,81.0,59.0
366,85.0,85.0,89.0,89.0,47.0,37.0,88.0
367,88.0,73.0,81.0,80.0,82.0,92.0,92.0
368,318.0,291.0,301.0,284.0,158.0,136.0,282.0
369,116.0,118.0,119.0,137.0,165.0,162.0,117.0
370,195.0,174.0,204.0,246.0,365.0,376.0,187.0
371,223.0,204.0,215.0,249.0,329.0,328.0,203.0
372,52.0,52.0,55.0,58.0,68.0,67.0,48.0
373,50.0,51.0,54.0,58.0,68.0,65.0,47.0
374,59.0,59.0,62.0,62.0,68.0,67.0,57.0
375,45.0,44.0,48.0,55.0,69.0,67.0,45.0
376,37.0,40.0,40.0,44.0,55.0,50.0,40.0
377,119.0,117.0,119.0,116.0,94.0,88.0,116.0
378,161.0,158.0,163.0,175.0,166.0,154.0,158.0
379,37.0,36.0,38.0,53.0,112.0,99.0,37.0
380,201.0,198.0,210.0,238.0,288.0,298.0,186.0
381,35.0,38.0,35.0,42.0,48.0,46.0,38.0
382,58.0,56.0,68.0,60.0,70.0,70.0,56.0
383,94.0,91.0,92.0,87.0,84.0,84.0,97.0
384,87.0,89.0,90.0,91.0,42.0,36.0,87.0
385,42.0,38.0,42.0,49.0,62.0,58.0,40.0
386,177.0,165.0,179.0,201.0,214.0,204.0,167.0
387,68.0,66.0,71.0,83.0,95.0,102.0,71.0
388,88.0,86.0,88.0,110.0,159.0,153.0,86.0
389,110.0,110.0,109.0,116.0,113.0,110.0,113.0
390,54.0,52.0,52.0,74.0,137.0,128.0,56.0
391,237.0,232.0,236.0,333.0,273.0,272.0,214.0
392,318.0,301.0,297.0,299.0,145.0,118.0,280.0
393,440.0,447.0,452.0,483.0,499.0,531.0,447.0
394,164.0,161.0,163.0,174.0,178.0,167.0,160.0
395,227.0,232.0,234.0,230.0,216.0,198.0,215.0
396,105.0,100.0,102.0,104.0,84.0,83.0,102.0
397,120.0,110.0,129.0,143.0,189.0,197.0,122.0
398,132.0,134.0,130.0,135.0,115.0,111.0,127.0
399,109.0,99.0,115.0,147.0,252.0,270.0,132.0
400,75.0,69.0,75.0,73.0,76.0,78.0,74.0
401,98.0,99.0,100.0,105.0,88.0,89.0,103.0
402,221.0,201.0,211.0,218.0,202.0,203.0,207.0
403,94.0,92.0,97.0,105.0,122.0,121.0,91.0
404,169.0,158.0,166.0,203.0,297.0,310.0,168.0
405,153.0,144.0,142.0,141.0,88.0,73.0,139.0
406,200.0,187.0,188.0,183.0,183.0,188.0,192.0
407,198.0,185.0,194.0,197.0,196.0,191.0,191.0
408,287.0,280.0,280.0,323.0,377.0,422.0,293.0
409,92.0,90.0,92.0,95.0,100.0,101.0,89.0
410,87.0,85.0,92.0,106.0,122.0,122.0,88.0
411,25.0,23.0,25.0,34.0,48.0,43.0,26.0
412,87.0,86.0,86.0,92.0,52.0,45.0,88.0
413,207.0,205.0,210.0,211.0,194.0,169.0,199.0
414,421.0,414.0,420.0,459.0,495.0,539.0,422.0
415,78.0,74.0,75.0,80.0,53.0,46.0,74.0
416,57.0,59.0,59.0,72.0,107.0,107.0,61.0
417,27.0,27.0,28.0,37.0,53.0,48.0,30.0
418,133.0,123.0,131.0,149.0,180.0,182.0,126.0
419,52.0,53.0,56.0,62.0,64.0,60.0,53.0
420,94.0,90.0,88.0,94.0,90.0,86.0,88.0
421,41.0,40.0,43.0,56.0,95.0,82.0,43.0
422,77.0,74.0,77.0,88.0,104.0,106.0,81.0
423,75.0,72.0,73.0,104.0,188.0,184.0,76.0
424,68.0,68.0,71.0,85.0,114.0,113.0,69.0
425,99.0,95.0,100.0,123.0,159.0,153.0,95.0
426,183.0,184.0,190.0,237.0,191.0,174.0,177.0
427,132.0,126.0,132.0,128.0,87.0,74.0,128.0
428,191.0,179.0,187.0,187.0,190.0,178.0,188.0
429,36.0,36.0,36.0,43.0,55.0,51.0,37.0
430,108.0,107.0,110.0,108.0,95.0,91.0,105.0
431,63.0,63.0,68.0,73.0,85.0,89.0,63.0
432,46.0,45.0,48.0,55.0,78.0,74.0,45.0
433,92.0,89.0,90.0,93.0,87.0,85.0,93.0
434,47.0,45.0,51.0,55.0,94.0,86.0,47.0
435,381.0,345.0,397.0,496.0,803.0,805.0,419.0
436,434.0,456.0,457.0,481.0,513.0,536.0,437.0
437,56.0,55.0,58.0,61.0,57.0,51.0,57.0
438,68.0,66.0,72.0,79.0,94.0,100.0,66.0
439,134.0,131.0,136.0,141.0,135.0,135.0,130.0
440,76.0,73.0,76.0,76.0,76.0,78.0,73.0
441,191.0,180.0,194.0,223.0,300.0,322.0,183.0
442,86.0,85.0,87.0,101.0,130.0,121.0,80.0
443,55.0,59.0,61.0,71.0,87.0,85.0,56.0
444,82.0,72.0,78.0,82.0,83.0,84.0,87.0
445,193.0,188.0,204.0,223.0,260.0,224.0,180.0
446,35.0,37.0,36.0,43.0,53.0,50.0,37.0
447,228.0,227.0,228.0,229.0,110.0,90.0,220.0
448,178.0,177.0,169.0,172.0,74.0,57.0,149.0
449,32.0,27.0,30.0,40.0,84.0,84.0,35.0
450,65.0,62.0,68.0,67.0,72.0,74.0,65.0
451,125.0,116.0,129.0,149.0,197.0,188.0,122.0
452,217.0,209.0,230.0,238.0,269.0,284.0,207.0
453,65.0,64.0,67.0,65.0,64.0,63.0,63.0
454,65.0,64.0,65.0,68.0,66.0,66.0,64.0
455,127.0,120.0,135.0,138.0,150.0,157.0,125.0
456,59.0,63.0,66.0,73.0,89.0,88.0,58.0
457,51.0,50.0,54.0,68.0,108.0,105.0,49.0
458,117.0,114.0,125.0,161.0,186.0,190.0,117.0
459,25.0,23.0,27.0,59.0,123.0,78.0,34.0
460,270.0,261.0,270.0,261.0,90.0,58.0,270.0
461,55.0,52.0,56.0,60.0,62.0,57.0,51.0
462,71.0,69.0,71.0,92.0,155.0,150.0,71.0
463,147.0,141.0,154.0,154.0,172.0,173.0,149.0
464,77.0,80.0,77.0,100.0,160.0,153.0,77.0
465,380.0,358.0,382.0,436.0,554.0,612.0,389.0
466,66.0,65.0,64.0,85.0,128.0,124.0,66.0
467,96.0,91.0,96.0,102.0,117.0,120.0,95.0
468,47.0,49.0,50.0,56.0,79.0,77.0,46.0
469,68.0,66.0,67.0,68.0,64.0,66.0,66.0
470,54.0,48.0,49.0,73.0,129.0,117.0,54.0
471,89.0,79.0,85.0,85.0,90.0,97.0,86.0
472,450.0,429.0,458.0,526.0,677.0,635.0,467.0
473,93.0,93.0,94.0,83.0,50.0,44.0,96.0
474,31.0,34.0,35.0,41.0,48.0,46.0,38.0
475,130.0,126.0,129.0,139.0,136.0,127.0,125.0
476,86.0,87.0,89.0,85.0,37.0,31.0,91.0
477,92.0,89.0,91.0,96.0,105.0,107.0,88.0
478,42.0,43.0,43.0,47.0,54.0,53.0,42.0
479,65.0,66.0,66.0,76.0,106.0,111.0,66.0
480,65.0,66.0,68.0,81.0,93.0,90.0,73.0
481,51.0,53.0,54.0,60.0,73.0,70.0,51.0
482,84.0,80.0,85.0,105.0,147.0,143.0,81.0
483,75.0,71.0,72.0,75.0,63.0,52.0,73.0
484,72.0,68.0,72.0,102.0,178.0,175.0,77.0
485,109.0,105.0,111.0,121.0,132.0,136.0,107.0
486,77.0,78.0,82.0,94.0,114.0,110.0,81.0
487,47.0,46.0,48.0,51.0,58.0,56.0,47.0
488,68.0,63.0,67.0,72.0,78.0,75.0,65.0
489,100.0,98.0,104.0,107.0,98.0,97.0,104.0
490,43.0,40.0,47.0,50.0,87.0,76.0,42.0
491,245.0,226.0,240.0,273.0,278.0,277.0,225.0
492,69.0,66.0,71.0,77.0,87.0,86.0,65.0
493,116.0,111.0,112.0,117.0,122.0,119.0,117.0
494,68.0,67.0,69.0,80.0,105.0,110.0,69.0
495,61.0,61.0,59.0,76.0,133.0,130.0,63.0
496,127.0,125.0,128.0,138.0,136.0,131.0,124.0
497,67.0,68.0,71.0,87.0,107.0,111.0,71.0
498,78.0,70.0,78.0,79.0,79.0,84.0,77.0
499,53.0,53.0,57.0,58.0,72.0,69.0,53.0
500,130.0,126.0,135.0,163.0,238.0,234.0,128.0
501,191.0,189.0,186.0,176.0,137.0,133.0,188.0
502,129.0,120.0,126.0,146.0,189.0,172.0,123.0
503,111.0,108.0,108.0,110.0,86.0,78.0,110.0
504,71.0,71.0,72.0,85.0,97.0,95.0,72.0
505,119.0,111.0,116.0,114.0,49.0,32.0,111.0
506,69.0,68.0,70.0,90.0,150.0,146.0,70.0
507,278.0,268.0,277.0,270.0,264.0,214.0,257.0
508,165.0,163.0,159.0,155.0,101.0,97.0,150.0
509,48.0,50.0,54.0,75.0,68.0,72.0,47.0
510,66.0,66.0,68.0,69.0,67.0,64.0,66.0
511,134.0,123.0,128.0,148.0,192.0,191.0,127.0
512,54.0,56.0,59.0,70.0,90.0,86.0,56.0
513,142.0,135.0,142.0,146.0,123.0,129.0,136.0
514,81.0,77.0,81.0,86.0,91.0,92.0,80.0
515,139.0,131.0,140.0,152.0,153.0,156.0,136.0
516,89.0,88.0,86.0,89.0,86.0,80.0,85.0
517,2174.0,1460.0,1855.0,2036.0,3400.0,3481.0,1803.0
518,59.0,63.0,62.0,72.0,99.0,103.0,58.0
519,196.0,185.0,201.0,221.0,234.0,227.0,183.0
520,75.0,72.0,75.0,75.0,75.0,75.0,78.0
521,63.0,61.0,65.0,83.0,127.0,131.0,71.0
522,132.0,123.0,129.0,151.0,180.0,181.0,129.0
523,47.0,47.0,51.0,54.0,64.0,60.0,45.0
524,77.0,69.0,76.0,76.0,15.0,12.0,80.0
525,53.0,55.0,61.0,61.0,69.0,68.0,53.0
526,95.0,93.0,96.0,109.0,130.0,129.0,91.0
527,79.0,76.0,77.0,80.0,46.0,38.0,80.0
528,381.0,363.0,384.0,458.0,636.0,673.0,406.0
529,123.0,123.0,125.0,121.0,94.0,81.0,123.0
530,845.0,825.0,856.0,799.0,267.0,206.0,847.0
531,127.0,118.0,128.0,152.0,194.0,189.0,125.0
532,116.0,106.0,111.0,116.0,128.0,135.0,111.0
533,129.0,126.0,122.0,119.0,96.0,87.0,124.0
534,35.0,32.0,35.0,47.0,100.0,90.0,34.0
535,179.0,170.0,178.0,190.0,188.0,184.0,170.0
536,73.0,69.0,74.0,80.0,89.0,94.0,72.0
537,108.0,102.0,108.0,131.0,179.0,175.0,112.0
538,44.0,42.0,41.0,59.0,134.0,115.0,39.0
539,102.0,102.0,106.0,119.0,125.0,121.0,102.0
540,82.0,78.0,80.0,87.0,93.0,94.0,79.0
541,183.0,171.0,184.0,196.0,206.0,187.0,183.0
542,90.0,86.0,89.0,93.0,87.0,86.0,87.0
543,69.0,67.0,70.0,79.0,91.0,97.0,68.0
544,102.0,94.0,104.0,137.0,178.0,176.0,106.0
545,141.0,135.0,144.0,169.0,222.0,211.0,138.0
546,61.0,66.0,64.0,75.0,100.0,103.0,61.0
547,72.0,63.0,70.0,79.0,85.0,88.0,70.0
548,117.0,112.0,119.0,132.0,150.0,152.0,116.0
549,63.0,63.0,65.0,76.0,98.0,104.0,63.0
550,97.0,92.0,95.0,101.0,102.0,103.0,93.0
551,103.0,99.0,102.0,119.0,121.0,123.0,101.0
552,108.0,102.0,107.0,128.0,166.0,166.0,110.0
553,264.0,258.0,263.0,308.0,317.0,310.0,252.0
554,88.0,84.0,85.0,110.0,169.0,162.0,85.0
555,108.0,102.0,109.0,116.0,128.0,131.0,106.0
556,42.0,41.0,43.0,49.0,54.0,53.0,43.0
557,303.0,315.0,315.0,340.0,258.0,252.0,284.0
558,99.0,98.0,99.0,107.0,114.0,113.0,96.0
559,229.0,220.0,219.0,214.0,65.0,57.0,219.0
560,147.0,140.0,159.0,161.0,178.0,177.0,151.0
561,77.0,67.0,71.0,68.0,14.0,14.0,76.0
562,77.0,69.0,74.0,75.0,18.0,14.0,78.0
563,47.0,46.0,49.0,53.0,58.0,55.0,46.0
564,208.0,189.0,200.0,251.0,346.0,343.0,189.0
565,283.0,289.0,295.0,326.0,315.0,317.0,269.0
566,70.0,67.0,72.0,81.0,96.0,100.0,69.0
567,66.0,62.0,64.0,63.0,56.0,50.0,60.0
568,119.0,114.0,120.0,155.0,212.0,207.0,123.0
569,225.0,210.0,210.0,196.0,199.0,197.0,198.0
570,154.0,151.0,162.0,182.0,200.0,191.0,148.0
571,188.0,165.0,172.0,171.0,114.0,102.0,170.0
572,380.0,366.0,373.0,412.0,468.0,486.0,371.0
573,44.0,41.0,42.0,49.0,60.0,60.0,45.0
574,52.0,52.0,54.0,60.0,65.0,58.0,49.0
575,171.0,163.0,161.0,158.0,135.0,133.0,165.0
576,60.0,63.0,66.0,75.0,90.0,91.0,62.0
577,528.0,500.0,541.0,572.0,754.0,755.0,563.0
578,141.0,137.0,139.0,142.0,106.0,97.0,135.0
579,114.0,112.0,118.0,135.0,167.0,165.0,116.0
580,524.0,494.0,533.0,580.0,831.0,847.0,544.0
581,79.0,73.0,79.0,80.0,84.0,88.0,79.0
582,41.0,40.0,45.0,51.0,85.0,76.0,45.0
583,39.0,35.0,40.0,54.0,100.0,91.0,38.0
584,106.0,107.0,111.0,128.0,144.0,144.0,107.0
585,93.0,88.0,90.0,92.0,85.0,86.0,91.0
586,89.0,77.0,81.0,86.0,87.0,90.0,87.0
587,113.0,111.0,114.0,132.0,162.0,164.0,115.0
588,47.0,48.0,55.0,66.0,70.0,66.0,47.0
589,51.0,49.0,52.0,56.0,61.0,57.0,46.0
590,128.0,125.0,128.0,139.0,134.0,127.0,125.0
591,51.0,51.0,54.0,58.0,79.0,73.0,49.0
592,323.0,302.0,294.0,353.0,489.0,508.0,321.0
593,195.0,194.0,201.0,255.0,337.0,309.0,183.0
594,48.0,44.0,45.0,63.0,140.0,119.0,44.0
595,366.0,388.0,394.0,372.0,172.0,149.0,360.0
596,40.0,41.0,40.0,46.0,54.0,55.0,42.0
597,68.0,62.0,68.0,72.0,77.0,75.0,67.0
598,80.0,81.0,83.0,91.0,92.0,90.0,82.0
599,46.0,43.0,45.0,51.0,59.0,59.0,46.0
600,233.0,225.0,238.0,263.0,264.0,257.0,218.0
601,113.0,115.0,118.0,126.0,119.0,119.0,114.0
602,68.0,68.0,69.0,76.0,89.0,87.0,66.0
603,85.0,80.0,82.0,85.0,86.0,87.0,84.0
604,169.0,162.0,161.0,159.0,104.0,97.0,159.0
605,60.0,61.0,60.0,69.0,80.0,75.0,59.0
606,125.0,119.0,125.0,130.0,134.0,137.0,120.0
607,86.0,80.0,87.0,88.0,103.0,107.0,84.0
608,275.0,278.0,283.0,304.0,278.0,303.0,256.0
609,84.0,76.0,83.0,86.0,106.0,109.0,82.0
610,83.0,82.0,88.0,96.0,119.0,113.0,78.0
611,136.0,122.0,133.0,148.0,184.0,183.0,127.0
612,90.0,87.0,96.0,102.0,117.0,117.0,89.0
613,191.0,178.0,224.0,213.0,253.0,264.0,170.0
614,181.0,161.0,177.0,204.0,186.0,180.0,173.0
615,119.0,111.0,124.0,147.0,196.0,196.0,117.0
616,79.0,82.0,85.0,93.0,122.0,119.0,80.0
617,106.0,109.0,107.0,109.0,96.0,97.0,104.0
618,178.0,167.0,167.0,164.0,102.0,90.0,153.0
619,43.0,44.0,46.0,54.0,77.0,72.0,45.0
620,176.0,164.0,167.0,159.0,137.0,137.0,168.0
621,154.0,152.0,149.0,153.0,117.0,109.0,147.0
622,42.0,40.0,43.0,50.0,75.0,72.0,42.0
623,106.0,103.0,112.0,122.0,131.0,129.0,108.0
624,143.0,127.0,149.0,152.0,157.0,169.0,136.0
625,95.0,92.0,92.0,97.0,110.0,113.0,91.0
626,137.0,133.0,133.0,138.0,129.0,131.0,136.0
627,181.0,178.0,183.0,193.0,168.0,149.0,175.0
628,145.0,149.0,143.0,192.0,304.0,296.0,147.0
629,130.0,113.0,134.0,146.0,197.0,204.0,124.0
630,102.0,95.0,101.0,126.0,180.0,178.0,102.0
631,180.0,165.0,175.0,192.0,183.0,183.0,181.0
632,39.0,41.0,43.0,49.0,48.0,46.0,51.0
633,63.0,62.0,67.0,75.0,92.0,94.0,63.0
634,73.0,70.0,73.0,79.0,88.0,93.0,71.0
635,45.0,43.0,45.0,52.0,63.0,61.0,45.0
636,97.0,91.0,94.0,95.0,98.0,100.0,98.0
637,228.0,219.0,229.0,227.0,189.0,156.0,212.0
638,303.0,312.0,324.0,337.0,283.0,281.0,295.0
639,86.0,82.0,85.0,92.0,108.0,109.0,83.0
640,143.0,136.0,142.0,157.0,177.0,176.0,137.0
641,60.0,60.0,62.0,64.0,65.0,64.0,57.0
642,143.0,135.0,140.0,150.0,144.0,144.0,138.0
643,97.0,94.0,96.0,102.0,105.0,106.0,94.0
644,40.0,36.0,41.0,48.0,86.0,79.0,41.0
645,121.0,117.0,117.0,117.0,110.0,103.0,116.0
646,91.0,84.0,89.0,90.0,81.0,82.0,92.0
647,131.0,123.0,127.0,151.0,186.0,182.0,128.0
648,95.0,94.0,100.0,101.0,104.0,104.0,94.0
649,176.0,168.0,161.0,161.0,88.0,78.0,147.0
650,553.0,533.0,566.0,606.0,764.0,765.0,567.0
651,311.0,302.0,306.0,314.0,190.0,166.0,286.0
652,142.0,137.0,152.0,173.0,254.0,259.0,140.0
653,115.0,115.0,118.0,129.0,130.0,125.0,111.0
654,95.0,94.0,97.0,114.0,123.0,118.0,101.0
655,64.0,63.0,64.0,70.0,73.0,72.0,62.0
656,209.0,204.0,201.0,189.0,176.0,177.0,195.0
657,65.0,65.0,68.0,79.0,89.0,86.0,64.0
658,161.0,158.0,172.0,201.0,215.0,209.0,159.0
659,24.0,28.0,29.0,36.0,37.0,33.0,40.0
660,56.0,54.0,59.0,62.0,73.0,71.0,56.0
661,105.0,101.0,110.0,123.0,142.0,139.0,106.0
662,93.0,92.0,93.0,88.0,64.0,62.0,91.0
663,83.0,75.0,80.0,92.0,108.0,107.0,75.0
664,62.0,63.0,64.0,75.0,96.0,99.0,60.0
665,84.0,78.0,85.0,95.0,128.0,126.0,81.0
666,79.0,77.0,77.0,81.0,64.0,56.0,81.0
667,268.0,279.0,277.0,310.0,252.0,260.0,255.0
668,167.0,159.0,176.0,217.0,323.0,348.0,160.0
669,90.0,86.0,91.0,97.0,117.0,115.0,85.0
670,134.0,127.0,135.0,152.0,202.0,195.0,131.0
671,192.0,182.0,201.0,219.0,270.0,288.0,183.0
672,97.0,95.0,96.0,120.0,172.0,173.0,99.0
673,84.0,81.0,84.0,90.0,102.0,106.0,81.0
674,193.0,185.0,183.0,185.0,90.0,61.0,152.0
675,62.0,64.0,64.0,73.0,86.0,80.0,58.0
676,122.0,113.0,127.0,147.0,193.0,188.0,119.0
677,103.0,101.0,105.0,114.0,126.0,123.0,102.0
678,104.0,103.0,107.0,109.0,84.0,82.0,99.0
679,486.0,469.0,493.0,535.0,718.0,721.0,516.0
680,86.0,82.0,85.0,86.0,70.0,68.0,86.0
681,81.0,78.0,84.0,95.0,115.0,111.0,78.0
682,54.0,58.0,58.0,69.0,90.0,90.0,56.0
683,41.0,36.0,42.0,53.0,112.0,101.0,40.0
684,65.0,65.0,66.0,69.0,71.0,64.0,63.0
685,242.0,224.0,236.0,274.0,377.0,355.0,244.0
686,130.0,119.0,134.0,141.0,164.0,170.0,128.0
687,59.0,62.0,63.0,72.0,93.0,96.0,60.0
688,99.0,97.0,100.0,102.0,107.0,108.0,96.0
689,71.0,68.0,73.0,74.0,78.0,79.0,70.0
690,107.0,101.0,106.0,117.0,137.0,140.0,104.0
691,163.0,157.0,165.0,191.0,254.0,258.0,159.0
692,94.0,98.0,101.0,120.0,132.0,135.0,93.0
693,66.0,64.0,66.0,68.0,66.0,63.0,64.0
694,154.0,149.0,153.0,150.0,104.0,97.0,147.0
695,135.0,139.0,144.0,178.0,293.0,285.0,132.0
696,87.0,84.0,88.0,90.0,95.0,95.0,88.0
697,116.0,115.0,115.0,113.0,84.0,82.0,111.0
698,55.0,56.0,59.0,60.0,65.0,64.0,52.0
699,74.0,72.0,75.0,72.0,75.0,70.0,71.0
700,67.0,68.0,73.0,75.0,90.0,85.0,70.0
701,90.0,87.0,92.0,101.0,118.0,118.0,87.0
702,97.0,98.0,101.0,124.0,149.0,147.0,95.0
703,76.0,73.0,77.0,78.0,56.0,47.0,76.0
704,78.0,76.0,79.0,86.0,64.0,61.0,80.0
705,47.0,44.0,44.0,61.0,140.0,120.0,42.0
706,87.0,84.0,85.0,88.0,68.0,66.0,87.0
707,67.0,66.0,69.0,71.0,78.0,74.0,67.0
708,80.0,74.0,77.0,88.0,105.0,105.0,78.0
709,53.0,54.0,55.0,62.0,74.0,72.0,51.0
710,63.0,66.0,63.0,74.0,84.0,80.0,61.0
711,124.0,123.0,125.0,120.0,84.0,69.0,122.0
712,85.0,81.0,84.0,100.0,148.0,146.0,81.0
713,204.0,198.0,199.0,204.0,202.0,209.0,196.0
714,131.0,125.0,133.0,156.0,233.0,230.0,126.0
715,224.0,198.0,214.0,251.0,347.0,342.0,211.0
716,150.0,149.0,147.0,145.0,107.0,98.0,141.0
717,103.0,92.0,97.0,120.0,164.0,163.0,100.0
718,73.0,70.0,73.0,81.0,92.0,94.0,75.0
719,107.0,101.0,111.0,129.0,178.0,181.0,110.0
720,167.0,165.0,165.0,171.0,153.0,139.0,165.0
721,187.0,176.0,186.0,185.0,193.0,186.0,178.0
722,120.0,112.0,114.0,112.0,52.0,41.0,117.0
723,182.0,179.0,191.0,230.0,293.0,274.0,187.0
724,38.0,39.0,40.0,44.0,55.0,54.0,40.0
725,131.0,125.0,127.0,134.0,125.0,121.0,122.0
726,61.0,62.0,63.0,61.0,60.0,59.0,57.0
727,43.0,43.0,45.0,52.0,72.0,69.0,45.0
728,457.0,434.0,432.0,432.0,402.0,424.0,420.0
729,237.0,210.0,231.0,265.0,323.0,324.0,226.0
730,261.0,260.0,387.0,283.0,344.0,365.0,251.0
731,1601.0,1489.0,1613.0,1599.0,1749.0,1742.0,1537.0
732,97.0,94.0,99.0,142.0,219.0,222.0,105.0
733,152.0,149.0,153.0,158.0,156.0,154.0,157.0
734,114.0,110.0,115.0,157.0,223.0,225.0,119.0
735,72.0,68.0,73.0,75.0,77.0,76.0,70.0
736,110.0,111.0,113.0,130.0,154.0,148.0,111.0
737,381.0,377.0,381.0,408.0,445.0,461.0,370.0
738,139.0,124.0,147.0,162.0,216.0,222.0,139.0
739,75.0,72.0,78.0,91.0,111.0,113.0,79.0
740,88.0,90.0,93.0,119.0,147.0,133.0,88.0
741,71.0,69.0,72.0,84.0,106.0,107.0,72.0
742,568.0,527.0,561.0,597.0,578.0,571.0,572.0
743,110.0,112.0,117.0,112.0,53.0,45.0,109.0
744,73.0,75.0,78.0,109.0,185.0,175.0,78.0
745,82.0,81.0,82.0,87.0,48.0,39.0,83.0
746,69.0,70.0,74.0,80.0,90.0,88.0,68.0
747,374.0,349.0,370.0,420.0,504.0,578.0,388.0
748,123.0,124.0,130.0,149.0,171.0,168.0,124.0
749,29.0,32.0,32.0,37.0,42.0,41.0,33.0
750,143.0,135.0,140.0,149.0,139.0,140.0,135.0
751,91.0,79.0,82.0,84.0,94.0,97.0,91.0
752,106.0,104.0,111.0,119.0,136.0,126.0,104.0
753,63.0,63.0,63.0,70.0,75.0,69.0,61.0
754,148.0,141.0,144.0,146.0,135.0,144.0,144.0
755,99.0,103.0,103.0,121.0,158.0,150.0,99.0
756,177.0,164.0,166.0,167.0,143.0,130.0,170.0
757,141.0,134.0,146.0,159.0,201.0,198.0,137.0
758,67.0,65.0,65.0,62.0,58.0,59.0,63.0
759,127.0,121.0,124.0,122.0,114.0,109.0,121.0
760,104.0,99.0,103.0,127.0,177.0,168.0,106.0
761,90.0,88.0,93.0,97.0,108.0,111.0,91.0
762,116.0,116.0,123.0,143.0,171.0,167.0,119.0
763,106.0,102.0,107.0,124.0,132.0,131.0,102.0
764,65.0,64.0,64.0,78.0,98.0,104.0,64.0
765,110.0,107.0,109.0,105.0,83.0,82.0,108.0
766,46.0,46.0,47.0,57.0,80.0,74.0,45.0
767,59.0,58.0,61.0,67.0,78.0,74.0,56.0
768,120.0,121.0,124.0,119.0,106.0,103.0,123.0
769,141.0,144.0,161.0,206.0,215.0,218.0,143.0
770,47.0,47.0,50.0,55.0,69.0,64.0,47.0
771,91.0,90.0,92.0,106.0,130.0,127.0,89.0
772,140.0,127.0,137.0,154.0,188.0,190.0,134.0
773,135.0,130.0,139.0,165.0,224.0,217.0,131.0
774,163.0,164.0,171.0,186.0,198.0,192.0,161.0
775,343.0,351.0,338.0,382.0,358.0,341.0,334.0
776,200.0,180.0,192.0,234.0,342.0,358.0,194.0
777,198.0,198.0,201.0,203.0,153.0,140.0,193.0
778,131.0,128.0,131.0,126.0,92.0,83.0,126.0
779,237.0,241.0,237.0,237.0,227.0,220.0,210.0
780,122.0,113.0,118.0,115.0,116.0,108.0,118.0
781,156.0,153.0,153.0,201.0,273.0,265.0,152.0
782,31.0,34.0,32.0,40.0,49.0,47.0,33.0
783,110.0,110.0,110.0,112.0,90.0,84.0,107.0
784,58.0,60.0,61.0,67.0,68.0,65.0,55.0
785,70.0,69.0,72.0,75.0,81.0,76.0,67.0
786,45.0,47.0,50.0,56.0,77.0,75.0,45.0
787,89.0,88.0,88.0,99.0,126.0,123.0,86.0
788,326.0,356.0,362.0,376.0,250.0,236.0,340.0
789,213.0,205.0,209.0,211.0,104.0,80.0,191.0
790,49.0,46.0,50.0,54.0,62.0,58.0,44.0
791,79.0,76.0,82.0,96.0,104.0,103.0,76.0
792,200.0,200.0,202.0,204.0,155.0,135.0,192.0
793,47.0,47.0,51.0,64.0,102.0,98.0,49.0
794,222.0,207.0,214.0,208.0,173.0,156.0,208.0
795,116.0,112.0,114.0,117.0,87.0,77.0,113.0
796,54.0,54.0,54.0,71.0,126.0,124.0,58.0
797,84.0,80.0,84.0,95.0,124.0,120.0,78.0
798,90.0,89.0,92.0,81.0,44.0,37.0,94.0
799,97.0,94.0,99.0,123.0,158.0,154.0,97.0
800,169.0,159.0,169.0,202.0,264.0,271.0,173.0
801,83.0,87.0,91.0,98.0,124.0,120.0,86.0
802,62.0,62.0,63.0,76.0,115.0,115.0,62.0
803,269.0,224.0,249.0,242.0,177.0,135.0,245.0
804,103.0,97.0,104.0,106.0,111.0,110.0,100.0
805,201.0,195.0,198.0,207.0,154.0,127.0,192.0
806,441.0,407.0,460.0,507.0,757.0,725.0,467.0
807,58.0,59.0,62.0,71.0,104.0,104.0,56.0
808,267.0,282.0,295.0,353.0,362.0,356.0,270.0
809,52.0,54.0,58.0,62.0,75.0,73.0,49.0
810,10.0,15.0,17.0,22.0,22.0,17.0,25.0
811,43.0,42.0,44.0,51.0,60.0,57.0,44.0
812,186.0,188.0,185.0,201.0,75.0,57.0,171.0
813,66.0,64.0,66.0,71.0,76.0,72.0,64.0
814,215.0,213.0,216.0,215.0,192.0,183.0,199.0
815,49.0,47.0,52.0,60.0,82.0,82.0,47.0
816,286.0,270.0,294.0,314.0,371.0,388.0,287.0
817,119.0,109.0,117.0,121.0,127.0,131.0,114.0
818,53.0,59.0,59.0,75.0,100.0,96.0,55.0
819,87.0,89.0,88.0,92.0,45.0,38.0,86.0
820,217.0,221.0,227.0,236.0,239.0,235.0,209.0
821,152.0,143.0,167.0,176.0,245.0,250.0,152.0
822,69.0,68.0,72.0,78.0,98.0,106.0,70.0
823,91.0,87.0,88.0,94.0,99.0,100.0,88.0
824,109.0,105.0,107.0,120.0,132.0,133.0,103.0
825,609.0,604.0,653.0,639.0,717.0,768.0,646.0
826,115.0,116.0,116.0,122.0,123.0,122.0,120.0
827,60.0,59.0,60.0,64.0,50.0,47.0,61.0
828,54.0,55.0,58.0,59.0,61.0,56.0,52.0
829,316.0,303.0,323.0,335.0,380.0,399.0,299.0
830,79.0,75.0,80.0,92.0,119.0,119.0,76.0
831,223.0,210.0,226.0,246.0,254.0,257.0,203.0
832,65.0,64.0,65.0,70.0,70.0,64.0,63.0
833,55.0,53.0,55.0,58.0,67.0,62.0,52.0
834,71.0,67.0,76.0,90.0,133.0,130.0,69.0
835,120.0,118.0,120.0,134.0,145.0,137.0,121.0
836,84.0,85.0,88.0,106.0,148.0,142.0,85.0
837,106.0,105.0,110.0,105.0,75.0,73.0,103.0
838,138.0,130.0,134.0,142.0,129.0,128.0,130.0
839,96.0,93.0,100.0,114.0,143.0,138.0,95.0
840,236.0,234.0,240.0,302.0,267.0,256.0,221.0
841,35.0,38.0,36.0,42.0,45.0,45.0,38.0
842,34.0,32.0,34.0,44.0,83.0,76.0,36.0
843,61.0,63.0,65.0,72.0,87.0,88.0,60.0
844,73.0,72.0,74.0,88.0,116.0,114.0,74.0
845,61.0,60.0,62.0,64.0,70.0,67.0,61.0
846,54.0,55.0,56.0,64.0,81.0,76.0,53.0
847,63.0,63.0,69.0,87.0,160.0,159.0,64.0
848,157.0,148.0,151.0,148.0,91.0,83.0,146.0
849,73.0,72.0,74.0,89.0,138.0,132.0,73.0
850,194.0,188.0,197.0,270.0,306.0,291.0,190.0
851,76.0,73.0,77.0,86.0,98.0,101.0,78.0
852,87.0,83.0,87.0,118.0,200.0,203.0,93.0
853,87.0,86.0,87.0,114.0,183.0,176.0,88.0
854,458.0,432.0,463.0,508.0,598.0,572.0,494.0
855,43.0,42.0,41.0,46.0,52.0,54.0,43.0
856,45.0,43.0,46.0,51.0,70.0,66.0,43.0
857,52.0,54.0,55.0,63.0,85.0,81.0,54.0
858,96.0,97.0,102.0,116.0,127.0,124.0,101.0
859,104.0,96.0,103.0,100.0,108.0,114.0,100.0
860,551.0,522.0,567.0,599.0,775.0,789.0,576.0
861,140.0,131.0,145.0,161.0,200.0,201.0,138.0
862,180.0,160.0,181.0,189.0,202.0,203.0,177.0
863,71.0,66.0,72.0,67.0,64.0,64.0,67.0
864,615.0,538.0,597.0,672.0,631.0,647.0,598.0
865,229.0,205.0,227.0,257.0,356.0,350.0,223.0
866,298.0,286.0,288.0,273.0,112.0,85.0,282.0
867,153.0,148.0,143.0,149.0,124.0,121.0,147.0
868,265.0,255.0,259.0,274.0,261.0,234.0,247.0
869,305.0,301.0,307.0,352.0,411.0,421.0,306.0
870,230.0,209.0,236.0,242.0,266.0,274.0,215.0
871,69.0,66.0,69.0,83.0,98.0,103.0,68.0
872,293.0,282.0,284.0,257.0,122.0,91.0,274.0
873,182.0,178.0,178.0,155.0,139.0,152.0,181.0
874,212.0,217.0,219.0,224.0,214.0,189.0,196.0
875,108.0,102.0,105.0,99.0,70.0,68.0,97.0
876,281.0,278.0,278.0,293.0,246.0,251.0,263.0
877,209.0,204.0,210.0,221.0,183.0,169.0,202.0
878,54.0,54.0,55.0,58.0,64.0,60.0,51.0
879,52.0,54.0,54.0,67.0,97.0,92.0,54.0
880,74.0,69.0,76.0,75.0,72.0,73.0,71.0
881,114.0,115.0,117.0,130.0,126.0,126.0,112.0
882,98.0,95.0,97.0,110.0,124.0,123.0,93.0
883,89.0,76.0,83.0,82.0,89.0,96.0,89.0
884,171.0,161.0,163.0,163.0,140.0,137.0,164.0
885,111.0,108.0,113.0,131.0,171.0,164.0,112.0
886,63.0,65.0,68.0,76.0,89.0,92.0,65.0
887,54.0,51.0,50.0,70.0,141.0,134.0,53.0
888,97.0,93.0,97.0,95.0,59.0,53.0,94.0
889,109.0,102.0,111.0,129.0,168.0,172.0,110.0
890,39.0,39.0,39.0,45.0,55.0,52.0,40.0
891,580.0,581.0,614.0,725.0,1071.0,1079.0,625.0
892,200.0,198.0,201.0,208.0,174.0,156.0,190.0
893,51.0,53.0,58.0,61.0,81.0,77.0,50.0
894,93.0,91.0,95.0,110.0,138.0,137.0,92.0
895,171.0,167.0,164.0,173.0,152.0,133.0,164.0
896,105.0,101.0,102.0,105.0,88.0,86.0,100.0
897,305.0,306.0,258.0,365.0,554.0,551.0,311.0
898,115.0,115.0,115.0,110.0,95.0,83.0,110.0
899,124.0,113.0,123.0,158.0,262.0,283.0,127.0
900,539.0,545.0,571.0,647.0,951.0,950.0,577.0
901,135.0,130.0,137.0,142.0,137.0,140.0,131.0
902,85.0,84.0,84.0,86.0,55.0,46.0,86.0
903,77.0,76.0,74.0,80.0,53.0,46.0,76.0
904,81.0,76.0,78.0,96.0,169.0,165.0,78.0
905,87.0,79.0,87.0,91.0,111.0,116.0,85.0
906,120.0,115.0,120.0,129.0,135.0,131.0,116.0
907,82.0,80.0,82.0,93.0,120.0,117.0,78.0
908,81.0,74.0,80.0,81.0,87.0,91.0,81.0
909,114.0,111.0,117.0,130.0,170.0,167.0,115.0
910,238.0,216.0,236.0,266.0,283.0,290.0,224.0
911,65.0,64.0,66.0,70.0,80.0,77.0,63.0
912,134.0,128.0,131.0,140.0,133.0,128.0,129.0
913,68.0,69.0,73.0,109.0,196.0,182.0,75.0
914,62.0,60.0,64.0,65.0,64.0,64.0,61.0
915,110.0,106.0,109.0,123.0,151.0,153.0,110.0
916,312.0,323.0,309.0,343.0,336.0,328.0,296.0
917,76.0,72.0,74.0,77.0,64.0,64.0,70.0
918,73.0,74.0,74.0,89.0,114.0,111.0,75.0
919,51.0,52.0,52.0,62.0,83.0,80.0,48.0
920,93.0,85.0,89.0,91.0,62.0,61.0,89.0
921,161.0,156.0,156.0,154.0,139.0,144.0,165.0
922,83.0,75.0,84.0,87.0,106.0,111.0,82.0
923,101.0,97.0,101.0,125.0,171.0,165.0,102.0
924,125.0,122.0,122.0,117.0,91.0,82.0,120.0
925,107.0,108.0,112.0,110.0,53.0,45.0,107.0
926,84.0,77.0,81.0,89.0,100.0,101.0,78.0
927,66.0,65.0,68.0,79.0,95.0,96.0,69.0
928,114.0,107.0,111.0,123.0,128.0,132.0,107.0
929,48.0,49.0,52.0,56.0,75.0,72.0,48.0
930,68.0,67.0,71.0,69.0,73.0,67.0,68.0
931,156.0,151.0,146.0,158.0,158.0,153.0,150.0
932,59.0,57.0,62.0,59.0,59.0,60.0,55.0
933,99.0,97.0,102.0,102.0,105.0,107.0,99.0
934,614.0,597.0,650.0,644.0,733.0,798.0,633.0
935,130.0,127.0,125.0,127.0,101.0,94.0,123.0
936,41.0,37.0,43.0,56.0,107.0,95.0,42.0
937,95.0,92.0,99.0,131.0,207.0,190.0,99.0
938,89.0,81.0,87.0,87.0,95.0,100.0,88.0
939,152.0,151.0,148.0,146.0,116.0,117.0,149.0
940,111.0,100.0,109.0,104.0,109.0,120.0,108.0
941,47.0,45.0,49.0,56.0,68.0,65.0,47.0
942,58.0,60.0,58.0,70.0,83.0,82.0,57.0
943,84.0,77.0,80.0,96.0,149.0,145.0,78.0
944,51.0,49.0,55.0,57.0,64.0,60.0,47.0
945,65.0,65.0,68.0,75.0,84.0,84.0,65.0
946,105.0,99.0,106.0,117.0,141.0,146.0,101.0
947,72.0,70.0,73.0,73.0,67.0,63.0,70.0
948,88.0,77.0,83.0,85.0,92.0,97.0,86.0
949,64.0,64.0,65.0,71.0,80.0,76.0,61.0
950,151.0,142.0,155.0,156.0,164.0,168.0,149.0
951,186.0,175.0,193.0,220.0,262.0,253.0,185.0
952,106.0,104.0,109.0,108.0,82.0,81.0,104.0
953,164.0,146.0,165.0,174.0,188.0,184.0,162.0
954,100.0,99.0,102.0,97.0,94.0,94.0,101.0
955,106.0,101.0,106.0,121.0,154.0,174.0,109.0
956,30.0,31.0,30.0,38.0,51.0,48.0,31.0
957,184.0,184.0,202.0,223.0,282.0,286.0,192.0
958,139.0,136.0,135.0,128.0,74.0,60.0,132.0
959,215.0,210.0,225.0,227.0,238.0,248.0,203.0
960,92.0,91.0,90.0,93.0,74.0,74.0,89.0
961,285.0,289.0,296.0,322.0,315.0,309.0,268.0
962,111.0,106.0,110.0,127.0,135.0,138.0,110.0
963,125.0,119.0,124.0,119.0,62.0,53.0,125.0
964,153.0,151.0,165.0,205.0,182.0,182.0,152.0
965,77.0,74.0,77.0,84.0,92.0,92.0,75.0
966,107.0,96.0,101.0,101.0,110.0,119.0,104.0
967,102.0,97.0,101.0,103.0,84.0,79.0,96.0
968,130.0,126.0,129.0,137.0,136.0,129.0,125.0
969,133.0,126.0,136.0,147.0,167.0,166.0,130.0
970,127.0,122.0,126.0,124.0,85.0,74.0,122.0
971,106.0,104.0,106.0,117.0,132.0,137.0,104.0
972,166.0,163.0,175.0,193.0,227.0,211.0,157.0
973,194.0,178.0,189.0,191.0,201.0,201.0,184.0
974,151.0,148.0,143.0,139.0,115.0,119.0,148.0
975,124.0,122.0,125.0,133.0,129.0,125.0,120.0
976,87.0,85.0,85.0,87.0,86.0,80.0,83.0
977,108.0,110.0,110.0,111.0,108.0,107.0,107.0
978,181.0,174.0,181.0,192.0,168.0,155.0,178.0
979,111.0,103.0,109.0,127.0,157.0,164.0,112.0
980,95.0,101.0,101.0,115.0,129.0,123.0,94.0
981,61.0,61.0,65.0,80.0,102.0,104.0,70.0
982,108.0,109.0,111.0,117.0,113.0,109.0,107.0
983,70.0,68.0,71.0,77.0,81.0,81.0,67.0
984,97.0,94.0,98.0,116.0,142.0,146.0,92.0
985,305.0,315.0,301.0,331.0,225.0,209.0,275.0
986,153.0,149.0,140.0,137.0,126.0,127.0,154.0
987,72.0,69.0,78.0,81.0,51.0,45.0,80.0
988,288.0,286.0,310.0,316.0,326.0,340.0,282.0
989,161.0,158.0,153.0,159.0,138.0,135.0,158.0
990,102.0,103.0,104.0,153.0,230.0,232.0,112.0
991,105.0,105.0,108.0,121.0,137.0,137.0,104.0
992,129.0,128.0,135.0,122.0,76.0,65.0,129.0
993,67.0,64.0,66.0,70.0,68.0,66.0,66.0
994,86.0,83.0,88.0,106.0,142.0,141.0,84.0
995,139.0,135.0,140.0,143.0,146.0,149.0,139.0
996,70.0,66.0,67.0,74.0,64.0,56.0,68.0
997,109.0,111.0,110.0,116.0,122.0,119.0,115.0
998,163.0,156.0,208.0,192.0,256.0,256.0,157.0
999,328.0,305.0,308.0,307.0,141.0,115.0,292.0
1000,63.0,62.0,64.0,82.0,126.0,123.0,65.0
1001,32.0,30.0,33.0,45.0,83.0,69.0,38.0
1002,51.0,47.0,46.0,68.0,121.0,108.0,46.0
1003,49.0,50.0,51.0,59.0,82.0,77.0,48.0
1004,146.0,144.0,145.0,154.0,131.0,133.0,145.0
1005,131.0,129.0,127.0,118.0,96.0,94.0,125.0
1006,65.0,63.0,67.0,67.0,72.0,67.0,63.0
1007,118.0,114.0,117.0,123.0,132.0,130.0,114.0
1008,65.0,64.0,66.0,80.0,96.0,91.0,68.0
1009,57.0,56.0,57.0,73.0,120.0,121.0,59.0
1010,50.0,50.0,55.0,56.0,76.0,73.0,47.0
1011,122.0,111.0,116.0,120.0,125.0,127.0,112.0
1012,192.0,180.0,187.0,190.0,182.0,179.0,186.0
1013,150.0,149.0,148.0,148.0,105.0,94.0,142.0
1014,64.0,63.0,63.0,67.0,70.0,73.0,62.0
1015,98.0,93.0,97.0,99.0,103.0,105.0,95.0
1016,61.0,60.0,62.0,64.0,67.0,69.0,57.0
1017,130.0,121.0,128.0,150.0,181.0,180.0,126.0
1018,375.0,359.0,379.0,454.0,599.0,666.0,398.0
1019,117.0,117.0,120.0,136.0,161.0,159.0,116.0
1020,53.0,53.0,54.0,57.0,54.0,50.0,51.0
1021,120.0,114.0,126.0,134.0,158.0,161.0,120.0
1022,109.0,107.0,111.0,130.0,143.0,140.0,103.0
1023,34.0,36.0,36.0,41.0,56.0,50.0,36.0
1024,63.0,64.0,66.0,67.0,72.0,68.0,62.0
1025,141.0,127.0,142.0,153.0,191.0,195.0,134.0
1026,99.0,98.0,101.0,122.0,131.0,134.0,97.0
1027,128.0,124.0,130.0,142.0,147.0,147.0,127.0
1028,67.0,65.0,67.0,72.0,44.0,40.0,69.0
1029,85.0,87.0,86.0,90.0,50.0,43.0,84.0
1030,155.0,151.0,144.0,148.0,61.0,47.0,144.0
1031,44.0,42.0,47.0,52.0,78.0,75.0,44.0
1032,50.0,52.0,57.0,60.0,68.0,68.0,46.0
1033,53.0,54.0,56.0,66.0,99.0,95.0,53.0
1034,96.0,97.0,98.0,114.0,128.0,125.0,96.0
1035,145.0,147.0,152.0,191.0,277.0,264.0,140.0
1036,87.0,81.0,87.0,92.0,106.0,109.0,83.0
1037,64.0,67.0,67.0,78.0,107.0,112.0,65.0
1038,155.0,145.0,152.0,162.0,179.0,172.0,145.0
1039,307.0,316.0,312.0,332.0,300.0,305.0,303.0
1040,50.0,53.0,55.0,67.0,107.0,104.0,50.0
1041,143.0,148.0,166.0,168.0,208.0,203.0,139.0
1042,110.0,103.0,109.0,127.0,172.0,169.0,110.0
1043,176.0,168.0,186.0,215.0,269.0,256.0,181.0
1044,66.0,64.0,66.0,82.0,115.0,116.0,68.0
1045,107.0,98.0,106.0,128.0,180.0,187.0,108.0
1046,53.0,55.0,57.0,59.0,64.0,60.0,49.0
1047,136.0,132.0,132.0,126.0,94.0,85.0,128.0
1048,66.0,66.0,66.0,64.0,60.0,62.0,64.0
1049,105.0,103.0,108.0,123.0,130.0,129.0,102.0
1050,46.0,44.0,45.0,47.0,49.0,47.0,45.0
1051,47.0,44.0,49.0,51.0,66.0,66.0,45.0
1052,251.0,242.0,272.0,283.0,360.0,354.0,247.0
1053,82.0,75.0,82.0,85.0,100.0,103.0,83.0
1054,100.0,98.0,102.0,100.0,101.0,100.0,103.0
1055,82.0,77.0,83.0,111.0,146.0,140.0,80.0
1056,75.0,71.0,78.0,87.0,111.0,111.0,76.0
1057,88.0,81.0,86.0,90.0,104.0,108.0,86.0
1058,54.0,58.0,69.0,64.0,73.0,71.0,57.0
1059,100.0,97.0,100.0,108.0,115.0,116.0,99.0
1060,219.0,207.0,217.0,210.0,174.0,164.0,208.0
1061,141.0,130.0,134.0,157.0,180.0,180.0,132.0
1062,83.0,79.0,82.0,91.0,94.0,93.0,80.0
1063,43.0,41.0,45.0,52.0,79.0,69.0,44.0
1064,56.0,60.0,60.0,65.0,66.0,63.0,53.0
1065,99.0,95.0,98.0,101.0,102.0,105.0,97.0
1066,174.0,164.0,173.0,189.0,206.0,196.0,162.0
1067,196.0,184.0,184.0,184.0,174.0,183.0,190.0
1068,56.0,56.0,58.0,63.0,58.0,53.0,56.0
1069,132.0,127.0,131.0,154.0,208.0,197.0,130.0
1070,82.0,71.0,79.0,84.0,85.0,91.0,80.0
1071,356.0,378.0,375.0,348.0,316.0,347.0,353.0
1072,510.0,478.0,487.0,454.0,365.0,363.0,466.0
1073,66.0,64.0,65.0,68.0,75.0,71.0,63.0
1074,96.0,88.0,97.0,129.0,189.0,185.0,104.0
1075,58.0,60.0,61.0,70.0,81.0,80.0,59.0
1076,93.0,83.0,89.0,92.0,109.0,115.0,88.0
1077,53.0,55.0,56.0,61.0,71.0,69.0,50.0
1078,107.0,107.0,109.0,105.0,98.0,99.0,110.0
1079,63.0,61.0,64.0,67.0,63.0,58.0,62.0
1080,43.0,42.0,42.0,48.0,54.0,53.0,44.0
1081,66.0,69.0,70.0,74.0,82.0,78.0,64.0
1082,64.0,66.0,67.0,73.0,89.0,85.0,65.0
1083,125.0,122.0,124.0,127.0,128.0,124.0,121.0
1084,93.0,88.0,92.0,114.0,158.0,157.0,93.0
1085,121.0,117.0,121.0,159.0,222.0,222.0,126.0
1086,73.0,72.0,73.0,89.0,119.0,117.0,72.0
1087,67.0,64.0,67.0,86.0,136.0,130.0,66.0
1088,100.0,95.0,103.0,117.0,129.0,131.0,101.0
1089,47.0,43.0,51.0,51.0,79.0,73.0,46.0
1090,395.0,406.0,412.0,397.0,166.0,125.0,373.0
1091,86.0,85.0,86.0,85.0,87.0,87.0,83.0
1092,136.0,125.0,134.0,149.0,191.0,196.0,127.0
1093,177.0,178.0,164.0,167.0,69.0,51.0,140.0
1094,130.0,119.0,129.0,153.0,204.0,203.0,126.0
1095,100.0,100.0,101.0,118.0,135.0,133.0,97.0
1096,115.0,111.0,116.0,119.0,117.0,117.0,116.0
1097,40.0,42.0,42.0,49.0,51.0,53.0,42.0
1098,213.0,200.0,206.0,193.0,198.0,184.0,206.0
1099,92.0,92.0,89.0,96.0,94.0,91.0,89.0
1100,33.0,30.0,34.0,46.0,89.0,79.0,35.0
1101,100.0,90.0,94.0,119.0,169.0,165.0,96.0
1102,143.0,146.0,153.0,189.0,250.0,231.0,137.0
1103,63.0,63.0,64.0,64.0,57.0,53.0,64.0
1104,242.0,221.0,271.0,280.0,404.0,412.0,249.0
1105,96.0,92.0,98.0,102.0,106.0,106.0,91.0
1106,89.0,88.0,89.0,91.0,58.0,52.0,87.0
1107,32.0,31.0,32.0,43.0,68.0,62.0,36.0
1108,103.0,100.0,105.0,133.0,181.0,170.0,106.0
1109,109.0,108.0,112.0,129.0,144.0,139.0,111.0
1110,203.0,209.0,207.0,210.0,154.0,134.0,200.0
1111,57.0,56.0,65.0,60.0,65.0,64.0,54.0
1112,79.0,81.0,81.0,82.0,79.0,74.0,78.0
1113,180.0,170.0,179.0,190.0,198.0,194.0,171.0
1114,218.0,200.0,217.0,216.0,149.0,135.0,211.0
1115,42.0,42.0,40.0,45.0,54.0,55.0,41.0
1116,313.0,312.0,321.0,309.0,217.0,208.0,303.0
1117,274.0,280.0,291.0,297.0,267.0,265.0,256.0
1118,100.0,95.0,102.0,132.0,212.0,206.0,104.0
1119,70.0,66.0,72.0,81.0,92.0,98.0,70.0
1120,43.0,41.0,43.0,48.0,59.0,59.0,41.0
1121,120.0,120.0,121.0,135.0,158.0,158.0,117.0
1122,118.0,115.0,120.0,134.0,145.0,141.0,119.0
1123,470.0,454.0,483.0,525.0,617.0,580.0,506.0
1124,30.0,25.0,29.0,41.0,82.0,74.0,37.0
1125,233.0,221.0,249.0,288.0,284.0,285.0,216.0
1126,91.0,86.0,91.0,103.0,126.0,125.0,86.0
1127,92.0,90.0,93.0,114.0,155.0,151.0,89.0
1128,68.0,66.0,69.0,82.0,100.0,106.0,68.0
1129,97.0,92.0,96.0,117.0,157.0,154.0,88.0
1130,107.0,111.0,110.0,107.0,94.0,92.0,103.0
1131,230.0,228.0,231.0,231.0,120.0,91.0,222.0
1132,71.0,66.0,72.0,74.0,76.0,75.0,70.0
1133,53.0,52.0,56.0,57.0,65.0,62.0,50.0
1134,68.0,67.0,69.0,81.0,94.0,98.0,66.0
1135,136.0,124.0,134.0,160.0,221.0,224.0,129.0
1136,221.0,218.0,228.0,236.0,234.0,238.0,204.0
1137,69.0,68.0,73.0,78.0,85.0,82.0,71.0
1138,59.0,59.0,61.0,62.0,60.0,58.0,57.0
1139,63.0,64.0,67.0,72.0,82.0,82.0,62.0
1140,176.0,183.0,178.0,185.0,63.0,53.0,165.0
1141,92.0,89.0,93.0,100.0,115.0,117.0,91.0
1142,66.0,67.0,66.0,82.0,111.0,111.0,69.0
1143,71.0,72.0,74.0,92.0,117.0,113.0,74.0
1144,71.0,67.0,72.0,85.0,129.0,131.0,69.0
1145,107.0,101.0,108.0,121.0,156.0,155.0,115.0
1146,192.0,177.0,188.0,192.0,198.0,196.0,184.0
1147,382.0,358.0,374.0,382.0,369.0,374.0,359.0
1148,69.0,65.0,70.0,70.0,73.0,74.0,66.0
1149,69.0,69.0,73.0,73.0,81.0,78.0,66.0
1150,322.0,302.0,310.0,345.0,450.0,472.0,315.0
1151,151.0,146.0,146.0,150.0,114.0,106.0,143.0
1152,179.0,168.0,188.0,210.0,274.0,285.0,184.0
1153,242.0,245.0,245.0,251.0,243.0,221.0,223.0
1154,88.0,86.0,90.0,94.0,103.0,103.0,91.0
1155,53.0,52.0,54.0,55.0,54.0,51.0,52.0
1156,59.0,61.0,62.0,72.0,87.0,85.0,60.0
1157,87.0,87.0,86.0,87.0,57.0,52.0,85.0
1158,64.0,63.0,68.0,69.0,74.0,76.0,65.0
1159,66.0,67.0,66.0,78.0,92.0,96.0,65.0
1160,61.0,59.0,62.0,60.0,55.0,52.0,59.0
1161,83.0,79.0,85.0,114.0,162.0,163.0,84.0
1162,72.0,68.0,77.0,89.0,120.0,121.0,73.0
1163,94.0,87.0,92.0,76.0,42.0,37.0,95.0
1164,75.0,73.0,74.0,78.0,39.0,32.0,77.0
1165,67.0,65.0,70.0,70.0,77.0,76.0,65.0
1166,80.0,76.0,81.0,92.0,107.0,105.0,76.0
1167,78.0,79.0,80.0,91.0,108.0,109.0,78.0
1168,207.0,191.0,200.0,251.0,335.0,333.0,192.0
1169,142.0,136.0,146.0,147.0,139.0,139.0,139.0
1170,56.0,55.0,63.0,59.0,66.0,67.0,52.0
1171,52.0,52.0,54.0,66.0,90.0,88.0,53.0
1172,52.0,59.0,57.0,67.0,101.0,95.0,53.0
1173,89.0,88.0,92.0,101.0,120.0,120.0,86.0
1174,144.0,138.0,134.0,135.0,84.0,69.0,133.0
1175,192.0,186.0,207.0,221.0,254.0,247.0,189.0
1176,107.0,106.0,110.0,131.0,161.0,157.0,109.0
1177,111.0,104.0,109.0,112.0,120.0,124.0,106.0
1178,232.0,231.0,229.0,223.0,72.0,60.0,234.0
1179,108.0,108.0,112.0,124.0,129.0,123.0,110.0
1180,121.0,114.0,126.0,148.0,190.0,189.0,119.0
1181,167.0,163.0,173.0,189.0,202.0,198.0,162.0
1182,53.0,54.0,60.0,63.0,88.0,84.0,55.0
1183,49.0,47.0,52.0,55.0,64.0,65.0,48.0
1184,115.0,117.0,119.0,135.0,167.0,165.0,118.0
1185,271.0,224.0,260.0,248.0,149.0,107.0,250.0
1186,69.0,68.0,70.0,71.0,72.0,66.0,66.0
1187,75.0,73.0,76.0,92.0,124.0,118.0,74.0
1188,132.0,127.0,131.0,132.0,126.0,129.0,124.0
1189,99.0,100.0,102.0,107.0,84.0,85.0,102.0
1190,363.0,332.0,349.0,405.0,471.0,478.0,341.0
1191,63.0,63.0,64.0,64.0,63.0,63.0,60.0
1192,76.0,74.0,80.0,90.0,103.0,104.0,77.0
1193,125.0,120.0,125.0,123.0,98.0,84.0,123.0
1194,190.0,167.0,187.0,191.0,206.0,212.0,187.0
1195,59.0,58.0,62.0,77.0,110.0,110.0,64.0
1196,91.0,87.0,91.0,99.0,115.0,113.0,89.0
1197,120.0,120.0,123.0,139.0,163.0,158.0,120.0
1198,64.0,61.0,66.0,69.0,72.0,70.0,63.0
1199,154.0,150.0,145.0,148.0,64.0,47.0,146.0
1200,68.0,65.0,68.0,71.0,71.0,68.0,66.0
1201,136.0,126.0,142.0,163.0,212.0,210.0,133.0
1202,36.0,38.0,38.0,42.0,54.0,49.0,38.0
1203,140.0,145.0,148.0,189.0,279.0,271.0,137.0
1204,103.0,95.0,101.0,124.0,173.0,170.0,105.0
1205,91.0,84.0,86.0,91.0,100.0,103.0,91.0
1206,53.0,53.0,54.0,57.0,64.0,62.0,49.0
1207,55.0,57.0,56.0,69.0,103.0,98.0,55.0
1208,103.0,98.0,103.0,132.0,191.0,188.0,107.0
1209,52.0,52.0,56.0,59.0,68.0,66.0,49.0
1210,67.0,66.0,67.0,85.0,111.0,110.0,68.0
1211,191.0,173.0,184.0,241.0,355.0,382.0,190.0
1212,75.0,70.0,74.0,84.0,95.0,99.0,74.0
1213,253.0,251.0,252.0,248.0,144.0,115.0,240.0
1214,103.0,95.0,104.0,90.0,31.0,23.0,102.0
1215,48.0,46.0,50.0,57.0,61.0,59.0,46.0
1216,100.0,96.0,99.0,95.0,75.0,74.0,91.0
1217,155.0,157.0,166.0,232.0,179.0,189.0,147.0
1218,120.0,116.0,104.0,119.0,94.0,83.0,121.0
1219,52.0,55.0,57.0,63.0,80.0,75.0,51.0
1220,223.0,219.0,219.0,221.0,86.0,74.0,209.0
1221,181.0,174.0,194.0,221.0,278.0,272.0,188.0
1222,71.0,69.0,74.0,84.0,92.0,93.0,70.0
1223,157.0,157.0,156.0,154.0,99.0,94.0,144.0
1224,111.0,118.0,116.0,135.0,122.0,125.0,111.0
1225,83.0,80.0,81.0,83.0,58.0,47.0,84.0
1226,457.0,426.0,457.0,497.0,623.0,604.0,496.0
1227,119.0,116.0,114.0,125.0,135.0,140.0,115.0
1228,109.0,103.0,110.0,116.0,131.0,141.0,107.0
1229,633.0,619.0,659.0,644.0,651.0,684.0,659.0
1230,63.0,63.0,64.0,69.0,77.0,69.0,60.0
1231,143.0,140.0,151.0,164.0,196.0,185.0,137.0
1232,72.0,70.0,70.0,72.0,68.0,65.0,74.0
1233,64.0,66.0,67.0,81.0,93.0,96.0,63.0
1234,34.0,31.0,34.0,44.0,80.0,74.0,37.0
1235,89.0,84.0,86.0,90.0,91.0,87.0,84.0
1236,120.0,115.0,113.0,122.0,133.0,139.0,114.0
1237,66.0,64.0,65.0,71.0,75.0,69.0,63.0
1238,104.0,104.0,101.0,103.0,91.0,85.0,99.0
1239,71.0,67.0,73.0,76.0,73.0,72.0,69.0
1240,169.0,166.0,166.0,155.0,141.0,157.0,174.0
1241,38.0,33.0,37.0,49.0,109.0,100.0,35.0
1242,66.0,66.0,71.0,81.0,90.0,94.0,65.0
1243,24.0,27.0,29.0,35.0,39.0,39.0,35.0
1244,160.0,163.0,165.0,177.0,180.0,158.0,158.0
1245,66.0,66.0,68.0,75.0,81.0,78.0,64.0
1246,65.0,66.0,66.0,82.0,144.0,144.0,66.0
1247,74.0,71.0,76.0,85.0,87.0,91.0,74.0
1248,116.0,117.0,119.0,136.0,150.0,143.0,114.0
1249,220.0,212.0,221.0,224.0,186.0,163.0,210.0
1250,199.0,192.0,199.0,202.0,160.0,127.0,191.0
1251,83.0,77.0,82.0,88.0,98.0,98.0,81.0
1252,173.0,170.0,185.0,224.0,312.0,307.0,174.0
1253,63.0,62.0,67.0,69.0,85.0,90.0,62.0
1254,62.0,62.0,66.0,71.0,81.0,79.0,63.0
1255,41.0,43.0,44.0,57.0,55.0,57.0,44.0
1256,257.0,244.0,253.0,289.0,284.0,297.0,250.0
1257,254.0,249.0,251.0,290.0,330.0,326.0,249.0
1258,244.0,243.0,246.0,246.0,245.0,218.0,224.0
1259,55.0,55.0,57.0,58.0,59.0,55.0,54.0
1260,88.0,79.0,84.0,87.0,98.0,102.0,91.0
1261,114.0,119.0,126.0,115.0,64.0,55.0,117.0
1262,106.0,100.0,104.0,112.0,121.0,124.0,102.0
1263,278.0,269.0,269.0,340.0,378.0,364.0,273.0
1264,97.0,92.0,96.0,123.0,200.0,205.0,102.0
1265,47.0,53.0,56.0,59.0,58.0,55.0,48.0
1266,70.0,70.0,73.0,80.0,91.0,91.0,68.0
1267,146.0,129.0,150.0,169.0,222.0,228.0,142.0
1268,322.0,319.0,316.0,341.0,316.0,310.0,317.0
1269,302.0,316.0,324.0,317.0,309.0,326.0,305.0
1270,65.0,63.0,62.0,83.0,128.0,122.0,64.0
1271,179.0,165.0,183.0,184.0,201.0,199.0,177.0
1272,115.0,117.0,118.0,113.0,97.0,92.0,117.0
1273,130.0,124.0,134.0,141.0,148.0,150.0,124.0
1274,77.0,72.0,76.0,80.0,78.0,82.0,75.0
1275,95.0,96.0,102.0,126.0,138.0,139.0,99.0
1276,133.0,131.0,129.0,126.0,94.0,87.0,126.0
1277,60.0,60.0,58.0,71.0,87.0,79.0,57.0
1278,45.0,39.0,42.0,60.0,126.0,112.0,42.0
1279,88.0,86.0,85.0,89.0,92.0,83.0,82.0
1280,65.0,67.0,69.0,79.0,89.0,90.0,67.0
1281,63.0,65.0,64.0,74.0,87.0,82.0,61.0
1282,63.0,61.0,64.0,62.0,56.0,56.0,62.0
1283,176.0,167.0,187.0,205.0,268.0,281.0,182.0
1284,84.0,78.0,84.0,92.0,99.0,101.0,79.0
1285,120.0,113.0,118.0,124.0,129.0,131.0,113.0
1286,96.0,96.0,98.0,120.0,128.0,128.0,94.0
1287,151.0,146.0,148.0,153.0,157.0,154.0,148.0
1288,81.0,75.0,86.0,92.0,114.0,117.0,79.0
1289,65.0,64.0,67.0,77.0,88.0,90.0,65.0
1290,92.0,89.0,91.0,115.0,168.0,162.0,89.0
1291,56.0,56.0,56.0,71.0,118.0,118.0,57.0
1292,193.0,195.0,208.0,235.0,276.0,263.0,192.0
1293,153.0,150.0,154.0,157.0,145.0,148.0,153.0
1294,61.0,64.0,67.0,74.0,93.0,98.0,64.0
1295,83.0,81.0,88.0,94.0,101.0,101.0,85.0
1296,597.0,588.0,627.0,749.0,1145.0,1169.0,655.0
1297,201.0,203.0,215.0,234.0,267.0,261.0,195.0
1298,145.0,135.0,147.0,154.0,180.0,177.0,143.0
1299,177.0,165.0,167.0,167.0,139.0,124.0,167.0
1300,57.0,60.0,63.0,72.0,92.0,93.0,56.0
1301,92.0,89.0,91.0,110.0,143.0,139.0,90.0
1302,515.0,517.0,528.0,644.0,1090.0,1092.0,573.0
1303,180.0,179.0,184.0,186.0,158.0,145.0,178.0
1304,85.0,83.0,89.0,101.0,127.0,128.0,83.0
1305,213.0,215.0,205.0,195.0,191.0,198.0,192.0
1306,342.0,331.0,284.0,394.0,553.0,566.0,344.0
1307,86.0,76.0,81.0,88.0,90.0,93.0,87.0
1308,374.0,370.0,382.0,383.0,373.0,379.0,350.0
1309,255.0,253.0,253.0,280.0,232.0,204.0,241.0
1310,276.0,273.0,288.0,307.0,357.0,362.0,276.0
1311,82.0,84.0,88.0,99.0,130.0,125.0,83.0
1312,118.0,117.0,118.0,127.0,133.0,126.0,114.0
1313,45.0,44.0,50.0,56.0,86.0,76.0,46.0
1314,179.0,177.0,200.0,218.0,255.0,243.0,175.0
1315,186.0,193.0,203.0,231.0,283.0,270.0,190.0
1316,54.0,55.0,56.0,70.0,108.0,102.0,52.0
1317,108.0,96.0,105.0,112.0,121.0,130.0,104.0
1318,66.0,67.0,71.0,95.0,168.0,169.0,71.0
1319,38.0,41.0,39.0,45.0,55.0,52.0,41.0
1320,86.0,85.0,91.0,87.0,34.0,26.0,91.0
1321,57.0,58.0,64.0,67.0,82.0,84.0,57.0
1322,176.0,173.0,181.0,219.0,293.0,286.0,187.0
1323,112.0,110.0,112.0,118.0,120.0,119.0,114.0
1324,167.0,162.0,159.0,167.0,150.0,140.0,161.0
1325,142.0,136.0,144.0,152.0,167.0,162.0,138.0
1326,431.0,427.0,443.0,499.0,569.0,566.0,463.0
1327,114.0,100.0,109.0,107.0,119.0,131.0,111.0
1328,51.0,54.0,52.0,61.0,79.0,74.0,48.0
1329,86.0,83.0,84.0,87.0,73.0,73.0,86.0
1330,60.0,61.0,64.0,66.0,70.0,67.0,59.0
1331,33.0,31.0,33.0,44.0,71.0,63.0,37.0
1332,115.0,110.0,130.0,150.0,231.0,236.0,121.0
1333,90.0,87.0,89.0,91.0,91.0,94.0,92.0
1334,84.0,84.0,85.0,87.0,78.0,72.0,81.0
1335,94.0,87.0,94.0,126.0,206.0,216.0,100.0
1336,64.0,63.0,64.0,63.0,62.0,64.0,61.0
1337,39.0,35.0,38.0,53.0,98.0,88.0,39.0
1338,131.0,129.0,131.0,143.0,138.0,133.0,128.0
1339,162.0,154.0,167.0,191.0,226.0,218.0,156.0
1340,163.0,161.0,159.0,155.0,109.0,100.0,150.0
1341,119.0,114.0,124.0,138.0,163.0,162.0,120.0
1342,104.0,100.0,104.0,130.0,181.0,171.0,106.0
1343,134.0,129.0,132.0,137.0,120.0,118.0,130.0
1344,164.0,155.0,163.0,196.0,272.0,279.0,167.0
1345,81.0,80.0,83.0,96.0,126.0,118.0,80.0
1346,1350.0,1285.0,1400.0,1434.0,1578.0,1584.0,1318.0
1347,85.0,83.0,87.0,99.0,136.0,133.0,85.0
1348,123.0,114.0,128.0,146.0,186.0,182.0,122.0
1349,114.0,105.0,112.0,110.0,116.0,120.0,110.0
1350,503.0,485.0,514.0,570.0,714.0,706.0,548.0
1351,75.0,71.0,77.0,91.0,128.0,123.0,72.0
1352,50.0,52.0,54.0,61.0,82.0,80.0,49.0
1353,409.0,426.0,430.0,410.0,176.0,145.0,406.0
1354,215.0,206.0,219.0,227.0,235.0,242.0,206.0
1355,372.0,365.0,375.0,406.0,444.0,443.0,358.0
1356,137.0,130.0,140.0,167.0,218.0,209.0,132.0
1357,138.0,127.0,137.0,154.0,194.0,193.0,134.0
1358,198.0,182.0,202.0,244.0,351.0,368.0,186.0
1359,40.0,37.0,40.0,47.0,84.0,78.0,39.0
1360,56.0,55.0,57.0,62.0,75.0,70.0,54.0
1361,178.0,158.0,157.0,162.0,120.0,105.0,160.0
1362,51.0,52.0,54.0,62.0,81.0,79.0,50.0
1363,106.0,106.0,108.0,108.0,109.0,109.0,104.0
1364,69.0,67.0,72.0,88.0,137.0,135.0,69.0
1365,325.0,321.0,320.0,347.0,323.0,311.0,318.0
1366,166.0,178.0,172.0,176.0,40.0,34.0,170.0
1367,93.0,89.0,99.0,141.0,136.0,146.0,97.0
1368,106.0,109.0,111.0,108.0,99.0,95.0,101.0
1369,52.0,51.0,54.0,56.0,65.0,63.0,49.0
1370,125.0,124.0,124.0,134.0,132.0,131.0,122.0
1371,143.0,142.0,145.0,136.0,73.0,58.0,141.0
1372,870.0,857.0,888.0,848.0,365.0,311.0,870.0
1373,376.0,355.0,373.0,434.0,547.0,596.0,388.0
1374,63.0,61.0,63.0,75.0,79.0,77.0,59.0
1375,80.0,76.0,76.0,81.0,59.0,49.0,76.0
1376,136.0,127.0,138.0,159.0,210.0,205.0,132.0
1377,170.0,161.0,172.0,210.0,292.0,286.0,172.0
1378,95.0,93.0,93.0,95.0,75.0,74.0,91.0
1379,262.0,271.0,266.0,289.0,251.0,214.0,255.0
1380,60.0,61.0,66.0,69.0,77.0,76.0,59.0
1381,159.0,150.0,158.0,173.0,185.0,172.0,151.0
1382,63.0,62.0,64.0,65.0,64.0,61.0,60.0
1383,225.0,203.0,217.0,213.0,162.0,149.0,213.0
1384,37.0,35.0,39.0,49.0,81.0,76.0,45.0
1385,83.0,78.0,81.0,88.0,92.0,93.0,80.0
1386,69.0,70.0,71.0,76.0,79.0,78.0,68.0
1387,117.0,115.0,117.0,167.0,310.0,304.0,126.0
1388,57.0,57.0,56.0,78.0,110.0,107.0,58.0
1389,88.0,88.0,91.0,104.0,136.0,130.0,86.0
1390,45.0,42.0,49.0,56.0,88.0,80.0,45.0
1391,170.0,169.0,167.0,149.0,134.0,158.0,175.0
1392,292.0,299.0,303.0,311.0,251.0,247.0,272.0
1393,57.0,60.0,59.0,70.0,90.0,86.0,58.0
1394,388.0,396.0,409.0,395.0,313.0,303.0,398.0
1395,111.0,105.0,110.0,122.0,129.0,132.0,106.0
1396,335.0,330.0,348.0,357.0,387.0,396.0,321.0
1397,196.0,185.0,202.0,225.0,277.0,287.0,183.0
1398,47.0,47.0,49.0,58.0,86.0,80.0,47.0
1399,131.0,128.0,139.0,162.0,172.0,178.0,131.0
1400,166.0,164.0,158.0,148.0,117.0,124.0,163.0
1401,99.0,94.0,95.0,99.0,99.0,100.0,95.0
1402,94.0,93.0,95.0,97.0,66.0,65.0,92.0
1403,126.0,119.0,129.0,151.0,212.0,212.0,126.0
1404,149.0,141.0,147.0,158.0,134.0,137.0,144.0
1405,70.0,63.0,69.0,71.0,70.0,69.0,67.0
1406,62.0,61.0,63.0,60.0,60.0,59.0,57.0
1407,72.0,69.0,72.0,78.0,57.0,49.0,73.0
1408,80.0,73.0,78.0,81.0,80.0,84.0,80.0
1409,248.0,232.0,246.0,254.0,250.0,250.0,226.0
1410,129.0,123.0,135.0,152.0,193.0,185.0,129.0
1411,154.0,146.0,155.0,167.0,183.0,170.0,146.0
1412,114.0,118.0,123.0,166.0,275.0,259.0,122.0
1413,95.0,94.0,95.0,92.0,76.0,72.0,90.0
1414,43.0,42.0,42.0,47.0,57.0,56.0,41.0
1415,67.0,64.0,67.0,73.0,84.0,82.0,64.0
1416,49.0,50.0,52.0,65.0,107.0,101.0,49.0
1417,164.0,158.0,166.0,174.0,176.0,168.0,160.0
1418,72.0,67.0,72.0,81.0,92.0,94.0,85.0
1419,145.0,140.0,140.0,148.0,119.0,117.0,139.0
1420,228.0,227.0,229.0,228.0,118.0,95.0,222.0
1421,121.0,123.0,122.0,133.0,127.0,123.0,117.0
1422,112.0,112.0,114.0,136.0,153.0,149.0,113.0
1423,89.0,88.0,92.0,100.0,121.0,117.0,86.0
1424,156.0,154.0,167.0,201.0,249.0,233.0,154.0
1425,68.0,68.0,71.0,74.0,75.0,76.0,67.0
1426,595.0,602.0,606.0,593.0,240.0,112.0,544.0
1427,190.0,187.0,202.0,234.0,296.0,284.0,190.0
1428,60.0,62.0,62.0,74.0,99.0,102.0,60.0
1429,132.0,126.0,131.0,136.0,131.0,129.0,126.0
1430,64.0,62.0,62.0,63.0,35.0,31.0,67.0
1431,111.0,106.0,111.0,120.0,130.0,133.0,105.0
1432,283.0,271.0,274.0,334.0,429.0,445.0,286.0
1433,63.0,62.0,62.0,70.0,84.0,80.0,62.0
1434,512.0,488.0,503.0,557.0,541.0,529.0,524.0
1435,57.0,62.0,63.0,74.0,90.0,89.0,56.0
1436,273.0,272.0,287.0,309.0,315.0,324.0,266.0
1437,105.0,99.0,103.0,115.0,125.0,128.0,102.0
1438,135.0,132.0,168.0,157.0,209.0,200.0,130.0
1439,109.0,103.0,109.0,115.0,121.0,124.0,105.0
1440,125.0,120.0,132.0,140.0,153.0,156.0,126.0
1441,103.0,102.0,106.0,105.0,97.0,93.0,101.0
1442,48.0,48.0,52.0,57.0,59.0,55.0,46.0
1443,95.0,94.0,98.0,109.0,116.0,113.0,96.0
1444,65.0,60.0,55.0,87.0,174.0,167.0,63.0
1445,196.0,180.0,190.0,192.0,194.0,196.0,186.0
1446,283.0,260.0,268.0,268.0,182.0,151.0,257.0
1447,77.0,71.0,77.0,77.0,15.0,11.0,82.0
1448,45.0,44.0,52.0,52.0,79.0,71.0,44.0
1449,119.0,123.0,127.0,147.0,142.0,145.0,119.0
1450,59.0,63.0,61.0,74.0,91.0,92.0,58.0
1451,130.0,119.0,131.0,134.0,141.0,150.0,123.0
1452,56.0,58.0,59.0,66.0,80.0,79.0,53.0
1453,104.0,101.0,106.0,131.0,190.0,193.0,106.0
1454,130.0,125.0,135.0,141.0,145.0,147.0,128.0
1455,126.0,122.0,120.0,120.0,110.0,100.0,119.0
1456,104.0,105.0,106.0,117.0,119.0,115.0,103.0
1457,107.0,97.0,107.0,105.0,111.0,118.0,101.0
1458,82.0,78.0,84.0,93.0,111.0,113.0,80.0
1459,55.0,57.0,60.0,70.0,108.0,105.0,57.0
1460,50.0,46.0,49.0,63.0,121.0,115.0,47.0
1461,400.0,407.0,408.0,453.0,506.0,572.0,410.0
1462,108.0,104.0,108.0,111.0,105.0,102.0,106.0
1463,79.0,78.0,79.0,90.0,100.0,99.0,82.0
1464,109.0,104.0,110.0,126.0,156.0,154.0,110.0
1465,205.0,195.0,220.0,246.0,311.0,306.0,193.0
1466,103.0,98.0,102.0,110.0,128.0,134.0,100.0
1467,147.0,140.0,147.0,153.0,158.0,155.0,144.0
1468,130.0,113.0,132.0,146.0,202.0,228.0,129.0
1469,527.0,506.0,541.0,578.0,711.0,703.0,555.0
1470,78.0,76.0,81.0,104.0,151.0,145.0,78.0
1471,61.0,62.0,62.0,74.0,112.0,116.0,62.0
1472,331.0,323.0,342.0,355.0,399.0,404.0,317.0
1473,121.0,121.0,124.0,134.0,140.0,130.0,119.0
1474,164.0,158.0,171.0,203.0,290.0,285.0,164.0
1475,39.0,38.0,40.0,47.0,74.0,64.0,41.0
1476,64.0,64.0,65.0,70.0,78.0,71.0,62.0
1477,232.0,230.0,233.0,235.0,130.0,108.0,221.0
1478,259.0,252.0,251.0,242.0,225.0,215.0,227.0
1479,77.0,74.0,80.0,118.0,193.0,186.0,86.0
1480,67.0,65.0,67.0,72.0,72.0,68.0,65.0
1481,85.0,82.0,86.0,90.0,97.0,93.0,82.0
1482,84.0,82.0,86.0,102.0,134.0,130.0,84.0
1483,375.0,381.0,389.0,399.0,421.0,425.0,358.0
1484,155.0,159.0,165.0,197.0,265.0,239.0,155.0
1485,97.0,89.0,94.0,121.0,177.0,173.0,98.0
1486,44.0,49.0,50.0,59.0,82.0,77.0,48.0
1487,30.0,33.0,31.0,42.0,47.0,46.0,34.0
1488,105.0,100.0,104.0,109.0,115.0,119.0,101.0
1489,229.0,234.0,232.0,250.0,235.0,230.0,212.0
1490,90.0,87.0,93.0,107.0,137.0,135.0,90.0
1491,93.0,86.0,92.0,96.0,109.0,114.0,91.0
1492,54.0,55.0,56.0,56.0,60.0,57.0,51.0
1493,102.0,100.0,102.0,96.0,47.0,37.0,100.0
1494,179.0,171.0,188.0,221.0,285.0,272.0,184.0
1495,106.0,99.0,102.0,96.0,64.0,63.0,94.0
1496,144.0,126.0,147.0,150.0,165.0,173.0,137.0
1497,79.0,78.0,81.0,91.0,94.0,91.0,78.0
1498,72.0,71.0,76.0,89.0,129.0,125.0,73.0
1499,115.0,105.0,114.0,125.0,147.0,147.0,113.0
1500,189.0,179.0,200.0,215.0,253.0,259.0,192.0
1501,196.0,200.0,199.0,212.0,173.0,153.0,192.0
1502,191.0,187.0,191.0,188.0,164.0,147.0,186.0
1503,189.0,184.0,187.0,185.0,162.0,149.0,185.0
1504,105.0,104.0,104.0,107.0,89.0,86.0,104.0
1505,75.0,69.0,71.0,73.0,62.0,57.0,69.0
1506,84.0,82.0,87.0,96.0,112.0,112.0,84.0
1507,81.0,82.0,84.0,92.0,87.0,87.0,91.0
1508,46.0,43.0,49.0,60.0,98.0,93.0,45.0
1509,64.0,63.0,67.0,74.0,75.0,67.0,65.0
1510,26.0,26.0,28.0,38.0,47.0,45.0,32.0
1511,122.0,126.0,130.0,171.0,268.0,251.0,129.0
1512,79.0,76.0,83.0,107.0,139.0,134.0,79.0
1513,69.0,70.0,72.0,83.0,101.0,103.0,70.0
1514,179.0,172.0,170.0,161.0,122.0,126.0,172.0
1515,200.0,196.0,204.0,232.0,289.0,306.0,188.0
1516,82.0,77.0,78.0,83.0,62.0,57.0,80.0
1517,57.0,57.0,56.0,74.0,114.0,111.0,59.0
1518,88.0,81.0,89.0,93.0,109.0,114.0,84.0
1519,94.0,89.0,93.0,94.0,102.0,106.0,89.0
1520,40.0,41.0,41.0,47.0,56.0,52.0,41.0
1521,107.0,105.0,107.0,111.0,106.0,106.0,108.0
1522,152.0,147.0,146.0,154.0,121.0,122.0,148.0
1523,109.0,110.0,110.0,111.0,94.0,92.0,111.0
1524,136.0,125.0,132.0,148.0,174.0,172.0,126.0
1525,127.0,122.0,125.0,134.0,130.0,124.0,123.0
1526,69.0,69.0,74.0,72.0,74.0,73.0,73.0
1527,54.0,62.0,61.0,70.0,96.0,97.0,54.0
1528,397.0,413.0,408.0,366.0,313.0,345.0,388.0
1529,33.0,39.0,37.0,41.0,40.0,41.0,41.0
1530,69.0,66.0,68.0,70.0,65.0,62.0,67.0
1531,92.0,86.0,93.0,92.0,100.0,102.0,92.0
1532,97.0,93.0,95.0,95.0,73.0,71.0,91.0
1533,97.0,88.0,97.0,128.0,190.0,183.0,103.0
1534,115.0,115.0,117.0,123.0,119.0,117.0,112.0
1535,609.0,575.0,626.0,649.0,706.0,761.0,613.0
1536,104.0,102.0,105.0,121.0,125.0,134.0,104.0
1537,65.0,65.0,65.0,80.0,122.0,117.0,67.0
1538,111.0,105.0,111.0,130.0,161.0,161.0,112.0
1539,136.0,126.0,137.0,155.0,202.0,205.0,135.0
1540,157.0,158.0,186.0,229.0,252.0,257.0,160.0
1541,70.0,68.0,73.0,83.0,100.0,102.0,71.0
1542,57.0,58.0,58.0,68.0,76.0,77.0,54.0
1543,64.0,62.0,64.0,64.0,67.0,71.0,61.0
1544,156.0,151.0,143.0,194.0,277.0,282.0,155.0
1545,85.0,81.0,86.0,88.0,95.0,97.0,84.0
1546,67.0,69.0,72.0,83.0,94.0,93.0,71.0
1547,53.0,53.0,54.0,74.0,150.0,132.0,55.0
1548,31.0,35.0,33.0,39.0,41.0,42.0,35.0
1549,117.0,107.0,114.0,122.0,135.0,138.0,113.0
1550,135.0,130.0,134.0,131.0,117.0,120.0,128.0
1551,115.0,117.0,116.0,115.0,93.0,86.0,112.0
1552,60.0,62.0,60.0,72.0,96.0,89.0,58.0
1553,114.0,114.0,113.0,135.0,152.0,145.0,115.0
1554,123.0,125.0,125.0,118.0,95.0,80.0,123.0
1555,134.0,137.0,142.0,181.0,259.0,248.0,129.0
1556,103.0,101.0,106.0,120.0,125.0,124.0,109.0
1557,299.0,295.0,299.0,345.0,421.0,417.0,297.0
1558,80.0,76.0,78.0,115.0,208.0,200.0,86.0
1559,65.0,63.0,69.0,83.0,97.0,100.0,64.0
1560,211.0,213.0,223.0,247.0,273.0,265.0,199.0
1561,283.0,264.0,287.0,263.0,60.0,36.0,290.0
1562,50.0,50.0,52.0,56.0,63.0,61.0,48.0
1563,43.0,40.0,44.0,50.0,74.0,69.0,44.0
1564,144.0,147.0,150.0,178.0,218.0,201.0,137.0
1565,88.0,86.0,86.0,81.0,59.0,56.0,87.0
1566,81.0,76.0,79.0,87.0,93.0,95.0,80.0
1567,67.0,64.0,66.0,68.0,48.0,44.0,66.0
1568,185.0,173.0,187.0,228.0,321.0,332.0,179.0
1569,117.0,117.0,121.0,113.0,100.0,94.0,118.0
1570,141.0,131.0,142.0,148.0,159.0,162.0,136.0
1571,559.0,566.0,575.0,552.0,277.0,209.0,539.0
1572,132.0,130.0,131.0,136.0,119.0,115.0,127.0
1573,205.0,207.0,207.0,213.0,158.0,132.0,198.0
1574,74.0,72.0,80.0,93.0,97.0,96.0,77.0
1575,63.0,62.0,60.0,69.0,83.0,79.0,60.0
1576,102.0,102.0,108.0,127.0,147.0,147.0,100.0
1577,34.0,30.0,32.0,42.0,83.0,76.0,36.0
1578,113.0,113.0,113.0,110.0,92.0,91.0,114.0
1579,35.0,33.0,35.0,43.0,72.0,67.0,38.0
1580,121.0,116.0,130.0,160.0,268.0,268.0,126.0
1581,58.0,59.0,60.0,69.0,81.0,81.0,59.0
1582,104.0,104.0,105.0,116.0,122.0,119.0,101.0
1583,274.0,281.0,279.0,303.0,247.0,217.0,264.0
1584,216.0,205.0,217.0,226.0,232.0,230.0,209.0
1585,109.0,104.0,108.0,105.0,74.0,67.0,104.0
1586,45.0,46.0,49.0,54.0,73.0,70.0,45.0
1587,77.0,72.0,78.0,85.0,97.0,100.0,76.0
1588,102.0,102.0,105.0,119.0,137.0,136.0,101.0
1589,139.0,134.0,137.0,134.0,98.0,95.0,135.0
1590,213.0,209.0,221.0,226.0,225.0,233.0,200.0
1591,224.0,206.0,215.0,219.0,210.0,193.0,206.0
1592,65.0,65.0,66.0,72.0,82.0,78.0,60.0
1593,78.0,77.0,81.0,104.0,123.0,123.0,79.0
1594,105.0,108.0,111.0,137.0,144.0,139.0,105.0
1595,73.0,73.0,76.0,90.0,119.0,115.0,77.0
1596,171.0,154.0,153.0,159.0,126.0,117.0,159.0
1597,237.0,231.0,231.0,227.0,112.0,80.0,231.0
1598,50.0,49.0,49.0,52.0,49.0,46.0,49.0
1599,86.0,86.0,90.0,95.0,107.0,108.0,85.0
1600,56.0,58.0,59.0,65.0,77.0,75.0,58.0
1601,62.0,59.0,62.0,61.0,62.0,62.0,59.0
1602,80.0,77.0,81.0,88.0,95.0,95.0,79.0
1603,162.0,161.0,163.0,173.0,164.0,157.0,161.0
1604,51.0,53.0,55.0,63.0,84.0,84.0,51.0
1605,221.0,200.0,210.0,243.0,330.0,340.0,208.0
1606,86.0,80.0,81.0,86.0,61.0,54.0,84.0
1607,48.0,46.0,49.0,54.0,61.0,57.0,46.0
1608,142.0,133.0,143.0,144.0,141.0,149.0,138.0
1609,61.0,58.0,68.0,64.0,75.0,74.0,60.0
1610,270.0,273.0,280.0,292.0,264.0,263.0,259.0
1611,99.0,94.0,96.0,115.0,152.0,159.0,100.0
1612,190.0,187.0,193.0,192.0,159.0,144.0,187.0
1613,364.0,329.0,364.0,349.0,100.0,86.0,338.0
1614,76.0,70.0,100.0,89.0,122.0,128.0,77.0
1615,267.0,261.0,265.0,244.0,139.0,100.0,260.0
1616,406.0,398.0,405.0,436.0,454.0,536.0,402.0
1617,70.0,68.0,70.0,72.0,65.0,56.0,68.0
1618,77.0,74.0,78.0,90.0,107.0,107.0,82.0
1619,145.0,135.0,155.0,176.0,247.0,242.0,140.0
1620,318.0,323.0,325.0,324.0,220.0,208.0,301.0
1621,119.0,119.0,118.0,114.0,106.0,105.0,117.0
1622,129.0,121.0,127.0,126.0,121.0,120.0,119.0
1623,269.0,253.0,271.0,309.0,379.0,385.0,269.0
1624,359.0,338.0,343.0,407.0,489.0,488.0,347.0
1625,165.0,149.0,174.0,182.0,203.0,202.0,166.0
1626,362.0,367.0,371.0,372.0,172.0,147.0,340.0
1627,168.0,164.0,171.0,186.0,202.0,193.0,163.0
1628,124.0,122.0,125.0,135.0,133.0,127.0,120.0
1629,2165.0,1461.0,1851.0,2030.0,3375.0,3455.0,1799.0
1630,93.0,89.0,89.0,97.0,100.0,103.0,94.0
1631,336.0,333.0,321.0,375.0,491.0,523.0,342.0
1632,37.0,37.0,38.0,45.0,57.0,54.0,38.0
1633,75.0,72.0,76.0,76.0,82.0,84.0,74.0
1634,102.0,95.0,98.0,100.0,110.0,113.0,96.0
1635,61.0,61.0,62.0,70.0,78.0,79.0,63.0
1636,63.0,63.0,65.0,68.0,67.0,62.0,62.0
1637,160.0,157.0,156.0,152.0,101.0,98.0,152.0
1638,106.0,93.0,105.0,124.0,194.0,197.0,106.0
1639,64.0,62.0,59.0,90.0,177.0,177.0,65.0
1640,33.0,28.0,32.0,37.0,98.0,103.0,33.0
1641,69.0,68.0,72.0,84.0,90.0,97.0,71.0
1642,258.0,249.0,261.0,287.0,284.0,287.0,249.0
1643,45.0,44.0,49.0,54.0,63.0,59.0,43.0
1644,127.0,122.0,130.0,139.0,146.0,146.0,125.0
1645,304.0,319.0,328.0,341.0,273.0,278.0,311.0
1646,65.0,65.0,68.0,77.0,90.0,93.0,63.0
1647,231.0,204.0,226.0,257.0,323.0,317.0,214.0
1648,201.0,203.0,219.0,231.0,250.0,255.0,196.0
1649,43.0,41.0,44.0,49.0,79.0,70.0,43.0
1650,215.0,200.0,209.0,212.0,149.0,116.0,203.0
1651,96.0,92.0,96.0,102.0,113.0,114.0,96.0
1652,91.0,84.0,87.0,86.0,85.0,90.0,93.0
1653,104.0,103.0,107.0,125.0,139.0,141.0,104.0
1654,64.0,64.0,66.0,77.0,86.0,84.0,63.0
1655,110.0,112.0,116.0,110.0,59.0,52.0,108.0
1656,48.0,45.0,49.0,51.0,56.0,57.0,45.0
1657,109.0,103.0,108.0,109.0,112.0,114.0,106.0
1658,283.0,291.0,286.0,306.0,246.0,233.0,268.0
1659,81.0,79.0,82.0,91.0,104.0,107.0,82.0
1660,56.0,59.0,60.0,68.0,102.0,103.0,54.0
1661,394.0,381.0,393.0,467.0,589.0,623.0,408.0
1662,77.0,78.0,81.0,90.0,119.0,115.0,77.0
1663,321.0,332.0,329.0,353.0,376.0,370.0,307.0
1664,69.0,66.0,73.0,89.0,99.0,103.0,71.0
1665,124.0,119.0,121.0,120.0,97.0,75.0,115.0
1666,231.0,207.0,232.0,262.0,318.0,312.0,214.0
1667,343.0,352.0,349.0,377.0,355.0,344.0,340.0
1668,108.0,106.0,107.0,133.0,177.0,171.0,111.0
1669,90.0,80.0,92.0,94.0,111.0,116.0,86.0
1670,166.0,152.0,161.0,206.0,279.0,271.0,163.0
1671,79.0,83.0,85.0,93.0,128.0,125.0,82.0
1672,79.0,75.0,80.0,101.0,158.0,145.0,77.0
1673,230.0,211.0,223.0,264.0,380.0,361.0,233.0
1674,65.0,63.0,66.0,67.0,73.0,71.0,65.0
1675,76.0,78.0,80.0,93.0,117.0,113.0,77.0
1676,117.0,117.0,119.0,119.0,116.0,110.0,111.0
1677,112.0,110.0,113.0,132.0,163.0,156.0,112.0
1678,79.0,73.0,78.0,84.0,87.0,91.0,78.0
1679,151.0,146.0,141.0,145.0,69.0,52.0,142.0
1680,153.0,150.0,145.0,148.0,107.0,98.0,142.0
1681,55.0,56.0,61.0,66.0,90.0,87.0,56.0
1682,92.0,92.0,91.0,104.0,130.0,127.0,90.0
1683,42.0,40.0,44.0,59.0,111.0,100.0,42.0
1684,71.0,72.0,74.0,89.0,114.0,112.0,72.0
1685,111.0,110.0,111.0,109.0,87.0,83.0,108.0
1686,86.0,88.0,89.0,90.0,33.0,25.0,88.0
1687,551.0,519.0,554.0,603.0,748.0,746.0,552.0
1688,84.0,80.0,84.0,85.0,75.0,75.0,86.0
1689,78.0,81.0,84.0,93.0,122.0,118.0,80.0
1690,286.0,298.0,304.0,313.0,268.0,258.0,273.0
1691,40.0,39.0,41.0,46.0,59.0,62.0,40.0
1692,175.0,160.0,176.0,208.0,293.0,320.0,167.0
1693,84.0,73.0,85.0,88.0,105.0,113.0,79.0
1694,40.0,35.0,35.0,47.0,159.0,139.0,36.0
1695,88.0,78.0,86.0,87.0,101.0,105.0,86.0
1696,112.0,113.0,114.0,111.0,91.0,86.0,111.0
1697,104.0,99.0,104.0,134.0,205.0,205.0,109.0
1698,426.0,440.0,445.0,421.0,180.0,137.0,402.0
1699,74.0,71.0,77.0,89.0,122.0,120.0,73.0
1700,99.0,93.0,100.0,113.0,133.0,134.0,100.0
1701,79.0,75.0,78.0,85.0,92.0,94.0,80.0
1702,71.0,68.0,68.0,73.0,49.0,40.0,69.0
1703,31.0,31.0,32.0,41.0,58.0,55.0,35.0
1704,451.0,420.0,436.0,416.0,349.0,349.0,427.0
1705,67.0,68.0,69.0,79.0,88.0,82.0,67.0
1706,278.0,273.0,277.0,257.0,113.0,91.0,271.0
1707,216.0,229.0,232.0,235.0,226.0,227.0,220.0
1708,171.0,164.0,178.0,227.0,198.0,193.0,164.0
1709,884.0,845.0,886.0,817.0,175.0,130.0,883.0
1710,205.0,208.0,217.0,234.0,247.0,239.0,204.0
1711,111.0,111.0,113.0,110.0,97.0,89.0,108.0
1712,52.0,53.0,55.0,62.0,83.0,80.0,53.0
1713,75.0,70.0,72.0,71.0,61.0,55.0,71.0
1714,194.0,180.0,185.0,186.0,123.0,100.0,176.0
1715,48.0,48.0,52.0,62.0,116.0,113.0,48.0
1716,170.0,179.0,175.0,175.0,35.0,28.0,172.0
1717,237.0,215.0,238.0,266.0,322.0,324.0,228.0
1718,63.0,60.0,63.0,63.0,63.0,62.0,59.0
1719,261.0,241.0,247.0,239.0,231.0,178.0,236.0
1720,211.0,209.0,213.0,225.0,206.0,194.0,199.0
1721,78.0,75.0,79.0,76.0,66.0,57.0,78.0
1722,186.0,172.0,187.0,210.0,249.0,245.0,186.0
1723,83.0,80.0,85.0,93.0,95.0,92.0,82.0
1724,100.0,97.0,101.0,105.0,108.0,110.0,100.0
1725,199.0,194.0,202.0,197.0,212.0,191.0,179.0
1726,314.0,294.0,272.0,340.0,482.0,500.0,309.0
1727,221.0,219.0,225.0,226.0,196.0,179.0,210.0
1728,94.0,91.0,93.0,90.0,61.0,51.0,91.0
1729,67.0,65.0,70.0,82.0,108.0,112.0,66.0
1730,44.0,37.0,42.0,56.0,100.0,95.0,42.0
1731,61.0,62.0,61.0,71.0,84.0,78.0,58.0
1732,149.0,139.0,151.0,169.0,200.0,189.0,142.0
1733,122.0,116.0,127.0,123.0,40.0,25.0,120.0
1734,89.0,85.0,86.0,88.0,91.0,92.0,84.0
1735,75.0,74.0,78.0,93.0,127.0,124.0,73.0
1736,42.0,44.0,44.0,49.0,53.0,52.0,44.0
1737,80.0,74.0,78.0,80.0,19.0,15.0,80.0
1738,119.0,116.0,120.0,129.0,137.0,134.0,116.0
1739,59.0,58.0,61.0,64.0,57.0,57.0,57.0
1740,100.0,94.0,98.0,94.0,63.0,56.0,93.0
1741,84.0,81.0,81.0,106.0,170.0,163.0,82.0
1742,95.0,94.0,94.0,92.0,57.0,54.0,95.0
1743,258.0,259.0,261.0,325.0,287.0,303.0,258.0
1744,111.0,106.0,111.0,132.0,159.0,162.0,108.0
1745,391.0,403.0,397.0,447.0,515.0,578.0,406.0
1746,96.0,89.0,95.0,98.0,110.0,114.0,95.0
1747,36.0,35.0,39.0,50.0,99.0,78.0,45.0
1748,79.0,75.0,84.0,90.0,119.0,116.0,76.0
1749,47.0,43.0,44.0,46.0,50.0,51.0,45.0
1750,101.0,99.0,103.0,119.0,146.0,141.0,101.0
1751,229.0,213.0,229.0,262.0,312.0,314.0,220.0
1752,244.0,236.0,279.0,278.0,328.0,335.0,237.0
1753,296.0,280.0,281.0,284.0,185.0,153.0,264.0
1754,47.0,46.0,47.0,52.0,58.0,56.0,46.0
1755,78.0,75.0,79.0,85.0,85.0,83.0,79.0
1756,135.0,128.0,134.0,156.0,214.0,203.0,129.0
1757,89.0,85.0,90.0,116.0,171.0,165.0,89.0
1758,41.0,38.0,44.0,51.0,87.0,77.0,43.0
1759,480.0,445.0,455.0,424.0,364.0,373.0,437.0
1760,125.0,126.0,128.0,144.0,148.0,143.0,126.0
1761,42.0,36.0,44.0,54.0,102.0,95.0,41.0
1762,218.0,203.0,213.0,212.0,164.0,153.0,206.0
1763,135.0,123.0,137.0,144.0,154.0,156.0,128.0
1764,117.0,121.0,125.0,117.0,60.0,52.0,116.0
1765,184.0,171.0,183.0,189.0,205.0,189.0,176.0
1766,108.0,100.0,108.0,109.0,114.0,115.0,103.0
1767,125.0,117.0,127.0,147.0,184.0,181.0,124.0
1768,311.0,292.0,289.0,288.0,158.0,128.0,272.0
1769,62.0,61.0,70.0,75.0,92.0,90.0,60.0
1770,192.0,186.0,192.0,229.0,300.0,318.0,184.0
1771,195.0,182.0,192.0,192.0,153.0,138.0,187.0
1772,46.0,44.0,44.0,61.0,153.0,133.0,45.0
1773,60.0,61.0,62.0,75.0,115.0,115.0,62.0
1774,125.0,119.0,122.0,117.0,55.0,40.0,120.0
1775,235.0,215.0,238.0,262.0,308.0,308.0,217.0
1776,112.0,106.0,113.0,130.0,164.0,167.0,113.0
1777,102.0,99.0,102.0,106.0,90.0,89.0,100.0
1778,195.0,182.0,194.0,198.0,205.0,204.0,182.0
1779,228.0,224.0,230.0,234.0,154.0,119.0,223.0
1780,86.0,84.0,89.0,98.0,121.0,119.0,84.0
1781,71.0,72.0,71.0,76.0,47.0,42.0,71.0
1782,104.0,103.0,107.0,120.0,130.0,127.0,99.0
1783,364.0,340.0,351.0,415.0,529.0,601.0,376.0
1784,205.0,212.0,224.0,245.0,262.0,249.0,202.0
1785,67.0,69.0,70.0,84.0,93.0,95.0,68.0
1786,202.0,193.0,190.0,187.0,178.0,187.0,190.0
1787,137.0,140.0,137.0,133.0,114.0,117.0,132.0
1788,51.0,49.0,51.0,53.0,56.0,54.0,48.0
1789,125.0,123.0,122.0,120.0,104.0,96.0,121.0
1790,292.0,302.0,298.0,340.0,246.0,265.0,282.0
1791,102.0,103.0,103.0,115.0,118.0,116.0,102.0
1792,111.0,109.0,115.0,132.0,143.0,139.0,114.0
1793,86.0,72.0,85.0,88.0,111.0,119.0,82.0
1794,108.0,99.0,105.0,123.0,162.0,161.0,106.0
1795,77.0,76.0,81.0,90.0,122.0,121.0,82.0
1796,220.0,202.0,213.0,275.0,382.0,344.0,204.0
1797,90.0,86.0,92.0,94.0,58.0,51.0,91.0
1798,72.0,68.0,69.0,71.0,54.0,47.0,69.0
1799,115.0,116.0,115.0,113.0,110.0,110.0,118.0
1800,66.0,69.0,68.0,90.0,101.0,98.0,73.0
1801,83.0,75.0,86.0,120.0,207.0,210.0,89.0
1802,39.0,42.0,38.0,43.0,53.0,48.0,40.0
1803,74.0,67.0,75.0,75.0,76.0,76.0,75.0
1804,108.0,102.0,115.0,157.0,286.0,295.0,127.0
1805,62.0,62.0,64.0,66.0,69.0,63.0,62.0
1806,113.0,104.0,111.0,106.0,77.0,58.0,101.0
1807,114.0,115.0,119.0,132.0,165.0,163.0,115.0
1808,68.0,66.0,69.0,68.0,63.0,58.0,68.0
1809,102.0,103.0,105.0,122.0,129.0,123.0,101.0
1810,121.0,118.0,119.0,116.0,106.0,100.0,123.0
1811,121.0,120.0,122.0,118.0,100.0,94.0,119.0
1812,87.0,86.0,88.0,106.0,150.0,139.0,86.0
1813,143.0,129.0,135.0,143.0,135.0,140.0,139.0
1814,123.0,119.0,126.0,119.0,88.0,71.0,121.0
1815,76.0,75.0,77.0,82.0,89.0,90.0,75.0
1816,65.0,64.0,67.0,69.0,68.0,64.0,64.0
1817,174.0,173.0,176.0,189.0,171.0,155.0,172.0
1818,232.0,204.0,207.0,211.0,204.0,209.0,208.0
1819,48.0,50.0,52.0,57.0,76.0,75.0,47.0
1820,103.0,103.0,105.0,124.0,147.0,151.0,102.0
1821,871.0,840.0,962.0,1150.0,1268.0,1287.0,871.0
1822,107.0,106.0,106.0,107.0,105.0,107.0,110.0
1823,86.0,79.0,83.0,99.0,148.0,148.0,80.0
1824,5.0,9.0,9.0,11.0,10.0,8.0,12.0
1825,201.0,200.0,203.0,188.0,166.0,157.0,199.0
1826,176.0,164.0,180.0,198.0,246.0,261.0,182.0
1827,67.0,69.0,72.0,81.0,91.0,95.0,69.0
1828,190.0,190.0,212.0,232.0,262.0,251.0,190.0
1829,139.0,129.0,132.0,154.0,185.0,185.0,135.0
1830,32.0,35.0,34.0,43.0,57.0,53.0,37.0
1831,640.0,630.0,662.0,640.0,221.0,108.0,646.0
1832,103.0,93.0,99.0,106.0,115.0,119.0,100.0
1833,58.0,59.0,76.0,65.0,75.0,74.0,58.0
1834,60.0,60.0,61.0,64.0,64.0,60.0,57.0
1835,44.0,42.0,46.0,51.0,73.0,72.0,43.0
1836,129.0,121.0,137.0,143.0,158.0,164.0,127.0
1837,75.0,73.0,77.0,89.0,111.0,111.0,73.0
1838,124.0,120.0,130.0,143.0,163.0,166.0,124.0
1839,124.0,120.0,138.0,151.0,236.0,223.0,124.0
1840,43.0,47.0,54.0,74.0,56.0,58.0,43.0
1841,38.0,36.0,40.0,47.0,79.0,72.0,41.0
1842,225.0,216.0,227.0,225.0,230.0,241.0,201.0
1843,667.0,655.0,695.0,665.0,182.0,69.0,684.0
1844,103.0,103.0,106.0,116.0,126.0,127.0,102.0
1845,61.0,60.0,63.0,62.0,62.0,64.0,59.0
1846,56.0,55.0,58.0,67.0,110.0,111.0,54.0
1847,64.0,66.0,71.0,69.0,73.0,70.0,64.0
1848,64.0,64.0,64.0,74.0,85.0,86.0,62.0
1849,73.0,69.0,73.0,76.0,69.0,67.0,70.0
1850,337.0,332.0,301.0,399.0,550.0,546.0,340.0
1851,169.0,160.0,160.0,157.0,107.0,97.0,154.0
1852,77.0,72.0,79.0,83.0,92.0,97.0,75.0
1853,173.0,171.0,173.0,196.0,182.0,174.0,167.0
1854,143.0,136.0,145.0,146.0,143.0,146.0,140.0
1855,236.0,235.0,238.0,236.0,114.0,86.0,228.0
1856,73.0,66.0,69.0,68.0,16.0,15.0,74.0
1857,122.0,119.0,121.0,119.0,117.0,113.0,121.0
1858,70.0,70.0,73.0,75.0,42.0,36.0,77.0
1859,329.0,337.0,345.0,357.0,350.0,349.0,318.0
1860,92.0,81.0,94.0,126.0,199.0,198.0,98.0
1861,187.0,181.0,189.0,239.0,335.0,336.0,184.0
1862,44.0,38.0,43.0,59.0,104.0,98.0,42.0
1863,101.0,99.0,103.0,116.0,131.0,127.0,101.0
1864,126.0,124.0,121.0,122.0,107.0,100.0,119.0
1865,54.0,53.0,53.0,71.0,120.0,118.0,56.0
1866,94.0,86.0,90.0,83.0,60.0,62.0,93.0
1867,236.0,228.0,229.0,226.0,73.0,62.0,233.0
1868,64.0,64.0,65.0,75.0,83.0,79.0,65.0
1869,56.0,60.0,59.0,70.0,93.0,93.0,55.0
1870,125.0,122.0,126.0,121.0,85.0,74.0,125.0
1871,39.0,38.0,41.0,48.0,86.0,73.0,43.0
1872,258.0,257.0,282.0,296.0,319.0,340.0,253.0
1873,142.0,137.0,138.0,128.0,95.0,95.0,134.0
1874,204.0,198.0,209.0,224.0,227.0,233.0,199.0
1875,828.0,784.0,835.0,767.0,136.0,95.0,839.0
1876,204.0,211.0,213.0,235.0,230.0,226.0,202.0
1877,133.0,122.0,128.0,149.0,183.0,183.0,128.0
1878,136.0,127.0,132.0,138.0,126.0,132.0,132.0
1879,86.0,75.0,81.0,84.0,89.0,94.0,84.0
1880,146.0,140.0,153.0,182.0,266.0,262.0,138.0
1881,599.0,593.0,607.0,597.0,333.0,267.0,576.0
1882,153.0,152.0,156.0,194.0,251.0,240.0,151.0
1883,57.0,61.0,61.0,70.0,88.0,88.0,58.0
1884,103.0,93.0,98.0,122.0,171.0,169.0,101.0
1885,86.0,87.0,84.0,89.0,80.0,77.0,84.0
1886,97.0,92.0,94.0,94.0,97.0,102.0,96.0
1887,99.0,92.0,102.0,128.0,188.0,190.0,104.0
1888,82.0,79.0,83.0,89.0,96.0,95.0,81.0
1889,69.0,68.0,68.0,68.0,32.0,32.0,74.0
1890,388.0,404.0,418.0,398.0,190.0,157.0,384.0
1891,40.0,43.0,42.0,48.0,56.0,53.0,42.0
1892,86.0,86.0,91.0,107.0,140.0,140.0,86.0
1893,49.0,48.0,53.0,55.0,81.0,78.0,47.0
1894,225.0,216.0,215.0,212.0,79.0,61.0,205.0
1895,159.0,157.0,155.0,166.0,165.0,152.0,156.0
1896,45.0,42.0,46.0,50.0,63.0,63.0,45.0
1897,77.0,73.0,76.0,75.0,72.0,73.0,75.0
1898,311.0,322.0,315.0,341.0,369.0,376.0,302.0
1899,20.0,19.0,23.0,29.0,35.0,33.0,27.0
1900,50.0,50.0,51.0,56.0,63.0,59.0,48.0
1901,446.0,424.0,452.0,508.0,679.0,634.0,483.0
1902,104.0,97.0,103.0,106.0,114.0,121.0,99.0
1903,238.0,219.0,232.0,279.0,312.0,305.0,220.0
1904,140.0,139.0,133.0,127.0,100.0,99.0,131.0
1905,169.0,166.0,172.0,188.0,174.0,160.0,166.0
1906,382.0,381.0,383.0,456.0,594.0,661.0,400.0
1907,119.0,116.0,119.0,116.0,91.0,72.0,117.0
1908,54.0,60.0,60.0,69.0,94.0,95.0,55.0
1909,89.0,85.0,86.0,87.0,63.0,59.0,86.0
1910,54.0,53.0,54.0,54.0,54.0,51.0,53.0
1911,107.0,100.0,107.0,132.0,180.0,170.0,110.0
1912,158.0,153.0,162.0,178.0,197.0,186.0,152.0
1913,43.0,46.0,44.0,49.0,47.0,53.0,44.0
1914,162.0,159.0,158.0,170.0,160.0,149.0,156.0
1915,90.0,87.0,89.0,93.0,71.0,70.0,86.0
1916,121.0,119.0,120.0,121.0,114.0,107.0,118.0
1917,116.0,109.0,114.0,130.0,144.0,147.0,113.0
1918,4.0,8.0,5.0,8.0,7.0,6.0,9.0
1919,135.0,129.0,134.0,141.0,125.0,117.0,129.0
1920,71.0,68.0,70.0,72.0,55.0,47.0,69.0
1921,149.0,141.0,148.0,166.0,188.0,181.0,142.0
1922,267.0,262.0,272.0,305.0,396.0,399.0,274.0
1923,115.0,110.0,120.0,138.0,189.0,188.0,118.0
1924,96.0,96.0,102.0,127.0,132.0,135.0,98.0
1925,65.0,65.0,70.0,83.0,141.0,134.0,66.0
1926,83.0,78.0,81.0,83.0,50.0,42.0,81.0
1927,535.0,511.0,517.0,507.0,403.0,393.0,500.0
1928,901.0,893.0,1008.0,1216.0,1198.0,1202.0,893.0
1929,95.0,92.0,98.0,96.0,54.0,46.0,88.0
1930,97.0,95.0,96.0,106.0,125.0,127.0,92.0
1931,356.0,356.0,366.0,377.0,421.0,430.0,345.0
1932,254.0,234.0,256.0,268.0,287.0,296.0,244.0
1933,83.0,82.0,89.0,100.0,117.0,114.0,83.0
1934,83.0,84.0,88.0,98.0,124.0,122.0,82.0
1935,249.0,244.0,245.0,291.0,263.0,267.0,239.0
1936,119.0,103.0,116.0,140.0,180.0,182.0,116.0
1937,167.0,160.0,169.0,180.0,183.0,171.0,167.0
1938,87.0,80.0,87.0,129.0,214.0,203.0,94.0
1939,170.0,168.0,178.0,205.0,279.0,290.0,175.0
1940,115.0,116.0,114.0,137.0,153.0,146.0,113.0
1941,179.0,162.0,173.0,182.0,180.0,188.0,182.0
1942,69.0,65.0,71.0,90.0,147.0,140.0,67.0
1943,146.0,143.0,143.0,140.0,130.0,131.0,142.0
1944,478.0,437.0,474.0,517.0,616.0,601.0,496.0
1945,333.0,332.0,328.0,358.0,356.0,346.0,321.0
1946,102.0,96.0,102.0,123.0,165.0,164.0,101.0
1947,42.0,46.0,44.0,47.0,39.0,38.0,47.0
1948,206.0,189.0,206.0,211.0,236.0,249.0,199.0
1949,70.0,66.0,72.0,74.0,81.0,83.0,69.0
1950,252.0,231.0,259.0,267.0,280.0,274.0,233.0
1951,102.0,103.0,102.0,128.0,145.0,141.0,100.0
1952,58.0,59.0,61.0,67.0,83.0,78.0,58.0
1953,64.0,64.0,68.0,78.0,91.0,98.0,65.0
1954,375.0,351.0,365.0,405.0,440.0,487.0,365.0
1955,141.0,144.0,156.0,185.0,261.0,246.0,136.0
1956,125.0,120.0,125.0,128.0,129.0,132.0,118.0
1957,87.0,81.0,85.0,92.0,115.0,115.0,83.0
1958,201.0,189.0,200.0,205.0,152.0,129.0,193.0
1959,308.0,378.0,370.0,346.0,253.0,269.0,349.0
1960,207.0,204.0,225.0,248.0,286.0,278.0,194.0
1961,116.0,114.0,114.0,113.0,88.0,77.0,114.0
1962,136.0,126.0,142.0,142.0,143.0,152.0,133.0
1963,123.0,118.0,122.0,120.0,96.0,77.0,121.0
1964,108.0,104.0,107.0,108.0,81.0,74.0,108.0
1965,114.0,108.0,116.0,120.0,123.0,127.0,109.0
1966,244.0,217.0,226.0,232.0,242.0,142.0,229.0
1967,171.0,161.0,172.0,202.0,249.0,255.0,176.0
1968,26.0,24.0,26.0,39.0,67.0,53.0,30.0
1969,86.0,75.0,80.0,84.0,89.0,93.0,90.0
1970,241.0,216.0,226.0,266.0,325.0,320.0,224.0
1971,224.0,215.0,225.0,226.0,192.0,159.0,213.0
1972,71.0,67.0,76.0,89.0,125.0,122.0,72.0
1973,33.0,36.0,36.0,41.0,41.0,40.0,38.0
1974,161.0,148.0,150.0,156.0,119.0,122.0,152.0
1975,198.0,192.0,197.0,265.0,357.0,331.0,188.0
1976,97.0,96.0,97.0,102.0,104.0,105.0,95.0
1977,134.0,127.0,133.0,135.0,127.0,127.0,126.0
1978,187.0,173.0,192.0,216.0,245.0,231.0,179.0
1979,62.0,62.0,64.0,69.0,69.0,68.0,62.0
1980,48.0,47.0,51.0,54.0,67.0,65.0,46.0
1981,114.0,115.0,117.0,112.0,95.0,93.0,113.0
1982,88.0,85.0,87.0,88.0,72.0,66.0,90.0
1983,108.0,108.0,110.0,115.0,115.0,114.0,110.0
1984,68.0,66.0,67.0,67.0,61.0,58.0,66.0
1985,472.0,454.0,488.0,564.0,606.0,573.0,500.0
1986,92.0,89.0,91.0,97.0,103.0,107.0,88.0
1987,49.0,49.0,54.0,64.0,108.0,105.0,47.0
1988,187.0,179.0,193.0,214.0,252.0,255.0,188.0
1989,69.0,66.0,74.0,100.0,130.0,138.0,74.0
1990,82.0,78.0,83.0,94.0,122.0,116.0,76.0
1991,139.0,132.0,133.0,138.0,118.0,117.0,131.0
1992,62.0,61.0,64.0,76.0,118.0,116.0,65.0
1993,58.0,61.0,71.0,68.0,81.0,80.0,56.0
1994,147.0,137.0,148.0,154.0,150.0,152.0,142.0
1995,64.0,63.0,66.0,68.0,74.0,77.0,63.0
1996,90.0,86.0,91.0,93.0,91.0,93.0,90.0
1997,276.0,271.0,272.0,243.0,142.0,105.0,267.0
1998,595.0,586.0,605.0,595.0,370.0,315.0,583.0
1999,299.0,286.0,299.0,330.0,374.0,400.0,295.0
2000,169.0,171.0,155.0,160.0,76.0,66.0,161.0
