1,230,224,231,239,228,251,888,1036,1465,29,32,38
2,51,77,92,61,82,96,2818,2222,129,53,47,11
3,83,86,83,75,84,80,541,584,310,23,24,17
4,123,124,126,110,107,110,2828,3310,2859,53,57,53
5,212,208,178,215,212,215,8225,11948,13838,90,109,117
6,102,102,108,104,104,109,261,201,210,16,14,14
7,134,129,127,128,126,128,1097,934,740,33,30,27
8,67,63,62,68,68,70,277,187,177,16,13,13
9,230,231,234,220,216,212,1251,1370,1291,35,37,35
10,95,96,96,93,92,93,318,378,227,17,19,15
11,85,84,89,89,89,89,274,269,101,16,16,10
12,61,60,66,59,59,60,244,315,330,15,17,18
13,242,242,241,236,237,238,476,448,472,21,21,21
14,55,53,59,58,58,60,105,93,16,10,9,4
15,146,149,152,134,134,134,1114,1129,813,33,33,28
16,46,45,40,42,42,38,115,90,34,10,9,5
17,94,94,92,88,87,89,325,321,88,18,17,9
18,84,81,104,82,81,98,1192,1625,657,34,40,25
19,163,156,157,152,150,152,1615,1561,1486,40,39,38
20,149,148,147,150,149,139,211,255,204,14,15,14
21,89,93,94,79,79,91,651,728,572,25,26,23
22,110,114,121,110,119,125,243,223,96,15,14,9
23,23,31,51,12,13,56,839,1084,1259,28,32,35
24,86,94,75,69,80,83,2110,2480,302,45,49,17
25,122,124,122,119,119,119,312,348,240,17,18,15
26,85,82,79,69,63,62,1313,1335,1153,36,36,33
27,85,85,89,88,88,88,117,113,33,10,10,5
28,71,72,73,67,68,69,285,354,194,16,18,13
29,123,128,135,100,105,110,2226,2405,2739,47,49,52
30,45,48,49,46,48,50,85,80,44,9,8,6
31,372,378,389,327,335,344,14799,18438,20360,121,135,142
32,342,348,345,417,422,417,19288,18691,19012,138,136,137
33,73,71,70,66,63,60,464,422,390,21,20,19
34,408,409,422,368,364,366,6139,6614,8858,78,81,94
35,163,172,194,135,138,141,8791,12187,21595,93,110,146
36,67,65,64,65,66,64,160,120,130,12,10,11
37,229,226,221,214,213,210,2202,2315,2158,46,48,46
38,88,94,99,93,95,105,542,570,683,23,23,26
39,251,235,220,234,214,218,4148,4071,3111,64,63,55
40,88,87,88,87,85,85,259,316,408,16,17,20
41,214,206,210,170,169,174,7712,6530,7886,87,80,88
42,81,83,78,84,84,84,221,199,167,14,14,12
43,73,79,81,72,77,81,425,336,312,20,18,17
44,61,64,63,57,65,65,207,171,228,14,13,15
45,37,38,37,33,34,33,109,93,105,10,9,10
46,174,171,163,178,168,163,499,541,123,22,23,11
47,139,138,135,152,151,152,1393,1353,1821,37,36,42
48,429,428,419,402,396,405,7119,8639,5682,84,92,75
49,453,446,448,422,404,410,10460,12081,8291,102,109,91
50,66,68,67,66,67,63,104,131,189,10,11,13
51,58,59,58,59,63,68,243,245,325,15,15,18
52,74,73,70,58,61,64,1161,985,615,34,31,24
53,127,125,121,126,123,123,167,160,122,12,12,11
54,315,324,317,320,327,323,721,453,289,26,21,17
55,351,349,342,345,340,332,818,823,644,28,28,25
56,69,71,76,67,67,73,201,185,188,14,13,13
57,278,282,293,266,271,266,1926,2543,4503,43,50,67
58,1676,1647,1651,1641,1613,1598,32012,38260,27980,178,195,167
59,181,181,181,173,167,170,1207,1555,1867,34,39,43
60,161,164,167,161,167,174,299,311,420,17,17,20
61,90,92,94,88,87,93,199,208,290,14,14,17
62,83,82,88,81,79,84,329,385,595,18,19,24
63,212,210,218,215,200,200,1139,1306,738,33,36,27
64,135,138,149,138,143,157,569,623,478,23,24,21
65,395,390,369,342,334,327,12155,12716,7550,110,112,86
66,72,79,82,72,78,78,347,225,208,18,15,14
67,65,65,64,60,61,59,314,287,458,17,16,21
68,58,57,58,57,57,57,68,85,49,8,9,7
69,109,110,116,102,104,109,493,439,534,22,20,23
70,59,63,65,55,56,57,244,235,302,15,15,17
71,154,155,151,152,154,156,355,377,181,18,19,13
72,509,505,489,499,499,476,7612,10276,8636,87,101,92
73,97,100,100,97,102,95,141,135,205,11,11,14
74,118,118,124,116,116,120,238,268,341,15,16,18
75,84,89,91,80,89,84,354,373,487,18,19,22
76,51,52,61,43,47,52,690,935,929,26,30,30
77,118,124,122,120,125,127,472,348,298,21,18,17
78,54,53,57,56,54,56,59,62,20,7,7,4
79,125,124,126,147,147,148,2073,2062,2120,45,45,46
80,69,69,74,68,70,73,126,95,44,11,9,6
81,107,96,81,108,95,85,988,999,961,31,31,31
82,106,104,108,107,107,110,237,120,49,15,10,7
83,138,138,141,128,128,126,1159,1311,1465,34,36,38
84,198,199,214,174,176,188,3408,3622,4938,58,60,70
85,77,75,73,73,69,60,478,458,575,21,21,23
86,134,132,129,122,122,119,612,488,423,24,22,20
87,97,98,97,118,120,122,2320,2361,2098,48,48,45
88,488,490,499,474,478,482,7403,6646,4181,86,81,64
89,55,58,69,47,46,47,910,1245,2038,30,35,45
90,250,241,266,218,203,222,8182,9686,13624,90,98,116
91,97,97,95,90,88,87,251,226,233,15,15,15
92,141,141,142,126,122,126,1582,1471,1366,39,38,36
93,154,152,163,163,158,181,1161,1361,1391,34,36,37
94,93,91,95,91,89,86,326,318,350,18,17,18
95,95,100,100,98,102,100,166,148,69,12,12,8
96,126,134,148,122,130,148,796,746,494,28,27,22
97,179,182,184,182,189,192,1523,2185,4153,39,46,64
98,83,81,87,80,77,78,208,226,277,14,15,16
99,58,62,67,56,67,68,171,137,57,13,11,7
100,376,374,384,383,385,392,2235,2553,1973,47,50,44
101,136,134,147,128,123,128,803,995,1062,28,31,32
102,129,127,122,128,124,122,113,107,52,10,10,7
103,71,65,64,67,65,63,187,51,93,13,7,9
104,101,101,103,102,103,106,249,272,213,15,16,14
105,106,101,102,87,84,88,1771,1554,1278,42,39,35
106,63,64,64,64,64,64,84,88,64,9,9,8
107,110,107,120,82,71,71,4234,3809,5088,65,61,71
108,101,100,103,89,89,89,577,571,493,24,23,22
109,107,109,104,107,107,106,132,141,88,11,11,9
110,146,139,134,149,143,145,358,303,369,18,17,19
111,72,72,73,71,70,74,188,253,223,13,15,14
112,127,130,127,116,116,113,660,857,791,25,29,28
113,139,141,152,146,146,160,810,938,875,28,30,29
114,592,581,602,597,586,587,7181,8031,9368,84,89,96
115,426,408,368,450,443,319,4827,5868,6583,69,76,81
116,444,445,447,446,429,470,3629,4785,5408,60,69,73
117,156,155,150,133,135,133,3223,2973,2663,56,54,51
118,66,62,64,74,71,76,687,613,757,26,24,27
119,57,55,54,45,46,48,559,452,363,23,21,19
120,283,281,282,266,266,268,2530,2574,1369,50,50,37
121,54,53,56,54,49,47,116,128,206,10,11,14
122,61,61,62,61,62,63,149,105,92,12,10,9
123,101,89,80,108,87,83,595,476,469,24,21,21
124,398,396,397,395,385,411,3490,4957,2362,59,70,48
125,43,38,34,42,41,32,267,76,68,16,8,8
126,106,109,112,106,112,114,144,144,167,12,12,12
127,65,67,57,54,54,51,721,601,191,26,24,13
128,59,56,53,58,53,52,365,460,185,19,21,13
129,216,220,234,188,175,168,5193,7407,12339,72,86,111
130,308,302,295,310,304,295,2328,1821,1618,48,42,40
131,59,59,47,58,57,43,318,280,91,17,16,9
132,66,67,74,59,61,59,745,899,1512,27,29,38
133,94,95,96,97,99,97,331,215,179,18,14,13
134,393,394,388,398,396,407,1778,1389,1266,42,37,35
135,163,155,160,164,155,156,740,752,414,27,27,20
136,97,97,97,98,97,96,184,192,256,13,13,16
137,85,85,91,85,86,92,155,138,82,12,11,9
138,254,247,260,265,262,269,1441,1516,679,37,38,26
139,82,83,85,62,62,60,1292,1489,1433,35,38,37
140,301,308,305,330,335,338,6998,7722,6990,83,87,83
141,48,47,46,45,45,45,254,260,205,15,16,14
142,368,362,357,434,418,427,15103,14812,16756,122,121,129
143,119,122,128,123,123,127,208,191,88,14,13,9
144,121,114,113,102,93,91,2423,2059,2236,49,45,47
145,66,66,67,67,68,68,101,42,7,10,6,2
146,536,544,530,499,495,501,13391,16262,15639,115,127,125
147,122,123,122,125,126,131,239,305,493,15,17,22
148,71,74,73,71,73,73,143,132,57,11,11,7
149,193,197,211,171,168,160,5100,7196,12179,71,84,110
150,70,70,72,61,62,61,700,663,648,26,25,25
151,87,95,96,85,93,100,909,1039,1065,30,32,32
152,54,54,55,54,54,55,132,81,27,11,9,5
153,70,69,68,64,64,60,263,253,219,16,15,14
154,94,97,103,99,103,112,301,371,412,17,19,20
155,129,134,139,126,131,139,426,443,416,20,21,20
156,137,139,133,135,137,133,1236,1716,122,35,41,11
157,98,95,87,94,89,78,664,588,459,25,24,21
158,66,64,67,67,66,66,123,120,14,11,10,3
159,63,62,61,57,57,55,205,207,210,14,14,14
160,247,241,234,284,281,279,8446,8612,7237,91,92,85
161,118,125,118,115,132,131,589,672,701,24,25,26
162,81,81,88,83,83,93,232,244,275,15,15,16
163,90,86,82,84,82,84,451,452,371,21,21,19
164,186,193,200,192,206,212,1474,1513,1478,38,38,38
165,110,105,105,109,108,89,1098,914,1177,33,30,34
166,78,76,78,56,57,62,1913,1643,1162,43,40,34
167,159,150,156,149,146,149,878,498,441,29,22,21
168,106,106,105,107,107,107,110,130,130,10,11,11
169,119,118,111,95,96,90,2314,2012,2380,48,44,48
170,66,69,83,56,61,67,789,941,1129,28,30,33
171,244,246,249,246,252,255,641,409,461,25,20,21
172,195,199,206,166,170,178,6271,5554,5054,79,74,71
173,180,175,177,180,173,180,618,621,120,24,24,10
174,200,196,197,204,200,202,981,777,289,31,27,17
175,117,114,113,99,90,89,2348,2123,2036,48,46,45
176,83,85,82,71,70,69,637,762,602,25,27,24
177,125,119,118,120,110,108,779,651,675,27,25,25
178,82,79,73,83,77,72,270,338,203,16,18,14
179,68,64,63,71,66,71,229,187,330,15,13,18
180,276,275,278,261,263,276,4665,5792,3772,68,76,61
181,76,76,75,73,74,76,192,193,235,13,13,15
182,43,44,40,41,41,38,125,158,85,11,12,9
183,178,176,174,193,177,176,1691,1496,1264,41,38,35
184,81,82,81,82,83,80,90,92,107,9,9,10
185,108,109,112,108,107,108,143,180,86,11,13,9
186,156,158,159,143,145,145,1489,1663,1170,38,40,34
187,78,78,81,79,78,83,119,124,119,10,11,10
188,93,90,92,93,89,94,464,466,440,21,21,20
189,475,471,437,434,433,419,14111,17261,13161,118,131,114
190,54,56,56,53,55,53,373,442,233,19,21,15
191,41,57,67,53,67,71,1025,468,160,32,21,12
192,50,51,54,43,40,41,488,627,668,22,25,25
193,147,149,161,132,135,139,1445,1574,1964,38,39,44
194,40,37,37,40,38,39,108,89,68,10,9,8
195,68,68,71,59,58,62,614,712,771,24,26,27
196,88,92,122,58,63,68,4048,4820,6262,63,69,79
197,55,55,59,48,46,47,345,430,444,18,20,21
198,111,108,105,119,116,115,707,682,476,26,26,21
199,169,171,172,164,165,174,1040,1386,1293,32,37,35
200,232,223,245,192,192,193,8610,7902,10893,92,88,104
201,47,49,46,38,38,38,517,519,360,22,22,18
202,162,168,157,166,183,185,2372,2860,4635,48,53,68
203,470,484,505,390,397,417,27166,32110,37115,164,179,192
204,90,91,89,89,89,89,255,277,310,15,16,17
205,107,104,106,109,102,103,120,154,157,10,12,12
206,60,63,61,55,55,55,288,277,180,16,16,13
207,98,96,93,75,65,63,2973,3421,3261,54,58,57
208,115,119,106,108,109,105,1243,1365,382,35,36,19
209,79,76,87,61,63,70,1357,1369,1942,36,37,44
210,106,107,107,94,94,95,1104,998,931,33,31,30
211,102,103,103,94,97,101,450,378,397,21,19,19
212,59,61,62,54,54,59,644,726,920,25,26,30
213,74,73,76,76,74,79,133,150,116,11,12,10
214,50,50,50,41,40,41,339,397,319,18,19,17
215,187,186,188,150,137,145,5946,7149,6568,77,84,81
216,45,44,45,46,44,50,39,47,76,6,6,8
217,423,418,402,369,362,355,8922,8157,5202,94,90,72
218,42,44,47,47,51,53,326,358,323,18,18,17
219,58,56,58,59,56,59,176,142,105,13,11,10
220,89,86,85,94,92,92,297,337,216,17,18,14
221,120,127,131,124,129,130,587,539,241,24,23,15
222,27,30,32,26,32,33,60,28,27,7,5,5
223,80,78,71,73,78,64,390,333,228,19,18,15
224,65,62,61,74,73,73,884,774,686,29,27,26
225,87,81,80,89,85,83,162,105,127,12,10,11
226,186,188,190,185,186,187,273,205,226,16,14,15
227,70,69,75,60,60,73,985,1003,1138,31,31,33
228,59,59,57,57,56,56,174,169,155,13,13,12
229,81,87,93,83,86,93,289,260,62,17,16,7
230,70,71,71,74,74,74,82,87,65,9,9,8
231,75,72,75,74,71,79,124,119,148,11,10,12
232,67,67,68,67,70,74,57,75,80,7,8,8
233,327,342,311,254,268,282,19202,22092,11421,138,148,106
234,159,161,165,153,154,152,429,379,386,20,19,19
235,138,140,138,131,129,118,801,931,1027,28,30,32
236,47,47,50,48,49,51,151,141,206,12,11,14
237,62,66,75,58,68,76,192,184,99,13,13,9
238,69,67,67,69,67,66,108,64,96,10,8,9
239,87,89,84,80,83,86,404,424,435,20,20,20
240,297,295,300,292,298,294,1625,1606,2107,40,40,45
241,94,95,95,96,96,96,333,428,549,18,20,23
242,75,73,74,75,74,73,208,274,300,14,16,17
243,266,268,271,239,238,239,4065,4746,3236,63,68,56
244,194,198,209,201,202,224,1675,2039,2117,40,45,46
245,152,162,174,153,161,170,749,681,601,27,26,24
246,46,51,60,28,29,30,1637,2153,3097,40,46,55
247,164,164,159,164,162,161,389,310,133,19,17,11
248,66,65,70,66,64,70,97,119,90,9,10,9
249,134,136,143,156,161,167,2252,2413,2458,47,49,49
250,64,66,67,59,62,65,269,271,248,16,16,15
251,91,92,93,102,106,105,795,740,512,28,27,22
252,162,169,186,160,179,182,1876,2020,1275,43,44,35
253,92,94,100,83,82,84,983,1110,1252,31,33,35
254,134,146,173,126,146,164,1704,1924,1601,41,43,40
255,81,80,81,80,81,81,132,166,190,11,12,13
256,219,216,214,201,200,201,1459,1466,1251,38,38,35
257,85,83,83,87,85,88,88,91,112,9,9,10
258,70,74,82,65,67,72,393,456,444,19,21,21
259,71,70,71,73,72,73,106,109,122,10,10,11
260,68,68,69,73,74,73,191,171,158,13,13,12
261,114,116,116,103,102,103,1191,1399,1140,34,37,33
262,126,124,126,128,125,128,172,192,232,13,13,15
263,109,110,117,109,112,119,123,158,38,11,12,6
264,108,102,97,113,103,104,453,527,393,21,22,19
265,123,126,133,119,120,136,463,443,226,21,21,15
266,48,45,43,48,46,45,89,68,67,9,8,8
267,98,98,96,99,100,100,91,122,154,9,11,12
268,93,89,94,98,84,100,541,669,455,23,25,21
269,95,93,94,102,93,105,315,359,256,17,18,16
270,103,91,90,99,90,91,625,383,537,25,19,23
271,62,57,56,62,57,53,146,67,74,12,8,8
272,531,549,583,533,571,584,3387,3716,1696,58,60,41
273,127,130,138,126,130,144,682,788,1187,26,28,34
274,55,52,53,58,53,52,186,192,85,13,13,9
275,612,621,656,592,610,670,4274,4973,3531,65,70,59
276,147,148,166,135,131,144,1834,2447,3179,42,49,56
277,50,51,54,36,38,40,819,874,1196,28,29,34
278,308,321,342,281,287,309,7259,8092,9541,85,89,97
279,496,485,477,445,434,424,10102,8342,6332,100,91,79
280,73,74,74,65,65,65,306,320,316,17,17,17
281,172,171,171,163,160,163,922,996,1309,30,31,36
282,226,221,210,257,248,235,3991,4072,3546,63,63,59
283,66,64,61,64,64,53,472,448,470,21,21,21
284,40,35,42,36,32,38,361,390,608,19,19,24
285,265,275,278,260,261,257,1769,2035,3665,42,45,60
286,407,416,473,427,425,444,13249,14118,6447,115,118,80
287,228,224,216,221,218,201,1105,1072,1292,33,32,35
288,91,89,94,80,81,91,964,754,734,31,27,27
289,60,59,58,58,56,54,190,189,213,13,13,14
290,62,63,67,62,62,73,75,79,84,8,8,9
291,111,114,111,127,130,131,1570,1727,1914,39,41,43
292,132,135,141,134,136,160,826,888,1129,28,29,33
293,196,195,196,191,190,191,310,386,356,17,19,18
294,130,132,142,131,138,145,295,315,278,17,17,16
295,63,65,62,63,65,63,562,455,663,23,21,25
296,419,424,413,391,398,354,9043,8289,9602,95,91,97
297,297,287,264,295,284,272,2147,2224,2134,46,47,46
298,482,487,501,396,414,426,29496,27776,29758,171,166,172
299,202,199,204,188,186,188,2248,2386,2546,47,48,50
300,59,56,56,62,58,60,137,113,112,11,10,10
301,80,78,74,85,82,75,253,252,218,15,15,14
302,139,130,114,139,131,123,1460,1502,1218,38,38,34
303,63,63,70,52,51,51,792,849,1065,28,29,32
304,217,224,226,213,212,213,2220,1018,757,47,31,27
305,121,122,127,114,112,136,1036,1082,1021,32,32,31
306,375,376,417,469,465,537,36385,35591,39286,190,188,198
307,78,81,81,72,72,72,465,503,439,21,22,20
308,77,84,103,72,81,98,1003,1091,776,31,33,27
309,146,149,151,149,162,165,710,933,787,26,30,28
310,171,170,159,151,151,151,1932,1815,975,43,42,31
311,87,88,90,108,107,108,1985,1972,1917,44,44,43
312,105,109,110,107,107,108,129,102,19,11,10,4
313,429,438,445,560,554,543,43063,39478,34873,207,198,186
314,138,145,143,135,142,146,1072,647,591,32,25,24
315,174,167,176,168,166,168,657,309,334,25,17,18
316,167,157,178,187,170,181,3761,4794,1765,61,69,42
317,67,70,71,51,53,59,1068,1041,926,32,32,30
318,153,151,155,144,143,142,638,470,441,25,21,21
319,199,202,219,196,209,235,1817,2550,1274,42,50,35
320,267,270,268,232,227,232,5969,6735,4984,77,82,70
321,124,123,124,120,114,115,217,255,232,14,15,15
322,73,72,65,75,74,70,183,200,196,13,14,14
323,191,191,188,191,193,191,323,295,258,17,17,16
324,108,101,100,105,102,103,431,421,264,20,20,16
325,75,71,71,72,68,69,278,303,208,16,17,14
326,80,82,88,75,78,90,307,344,230,17,18,15
327,66,65,61,66,65,62,103,82,12,10,9,3
328,152,156,160,150,154,156,428,544,91,20,23,9
329,76,73,74,74,71,72,142,133,154,11,11,12
330,69,66,65,46,46,47,1896,1558,1769,43,39,42
331,280,281,269,349,355,351,16182,17322,15436,127,131,124
332,115,115,120,109,110,115,643,626,714,25,25,26
333,92,91,85,91,91,91,594,621,539,24,24,23
334,157,151,151,157,153,150,266,181,221,16,13,14
335,145,146,149,164,161,164,2102,1690,1096,45,41,33
336,273,268,298,243,236,260,9211,8911,13905,95,94,117
337,91,91,88,87,83,84,258,350,64,16,18,8
338,537,539,539,381,380,397,68346,73535,63210,261,271,251
339,103,104,109,94,98,102,612,590,472,24,24,21
340,69,67,66,68,66,67,94,90,113,9,9,10
341,196,193,196,151,150,151,6414,6428,5639,80,80,75
342,114,114,114,113,110,111,164,167,187,12,12,13
343,109,115,99,103,106,99,617,819,145,24,28,12
344,147,145,141,144,141,138,876,841,654,29,29,25
345,104,103,112,107,107,113,200,228,82,14,15,9
346,226,226,225,231,231,231,469,561,685,21,23,26
347,49,52,55,51,51,58,89,85,71,9,9,8
348,318,322,331,278,284,328,6469,7608,6690,80,87,81
349,98,104,112,102,103,117,296,236,161,17,15,12
350,212,217,207,249,257,250,5923,5912,5161,76,76,71
351,101,102,102,103,104,103,357,338,479,18,18,21
352,206,199,194,276,269,254,16536,15266,14704,128,123,121
353,56,57,58,59,60,58,136,125,66,11,11,8
354,69,72,79,69,69,74,187,171,182,13,13,13
355,51,58,59,51,61,62,363,316,294,19,17,17
356,133,135,133,132,137,136,200,257,78,14,16,8
357,54,52,46,56,51,49,61,49,19,7,7,4
358,145,143,138,153,153,138,628,768,282,25,27,16
359,160,159,159,159,155,159,515,592,315,22,24,17
360,149,146,153,127,120,130,2782,2685,2560,52,51,50
361,199,199,200,222,232,232,2976,3026,2878,54,55,53
362,136,136,139,135,134,134,154,171,96,12,13,9
363,60,62,55,64,63,53,295,130,60,17,11,7
364,113,124,130,101,104,105,1624,1316,1412,40,36,37
365,64,70,70,61,69,71,244,194,181,15,13,13
366,75,74,72,85,85,84,577,638,645,24,25,25
367,82,80,81,90,79,79,194,231,246,13,15,15
368,259,261,263,284,282,303,6279,7531,9417,79,86,97
369,128,128,134,124,126,128,485,542,352,22,23,18
370,254,263,276,193,198,204,15308,14717,15477,123,121,124
371,246,246,249,229,226,228,2482,3107,3167,49,55,56
372,56,56,57,56,53,60,89,88,93,9,9,9
373,54,55,56,51,52,53,121,119,77,11,10,8
374,63,63,57,61,62,58,149,137,51,12,11,7
375,51,50,46,51,52,49,159,144,155,12,12,12
376,39,40,41,40,41,42,104,106,91,10,10,9
377,108,109,107,113,114,115,288,264,349,16,16,18
378,153,159,157,161,161,161,528,303,494,22,17,22
379,56,55,55,42,43,44,1071,1016,1020,32,31,31
380,225,222,225,223,209,216,2536,1902,1931,50,43,43
381,44,38,35,43,39,39,101,42,44,10,6,6
382,63,59,57,60,56,60,218,231,161,14,15,12
383,89,87,87,92,91,91,172,137,127,13,11,11
384,70,73,77,80,85,89,642,723,694,25,26,26
385,44,45,46,44,46,52,128,144,174,11,12,13
386,189,189,186,180,182,176,949,988,1154,30,31,33
387,75,78,81,72,74,76,342,360,509,18,18,22
388,104,105,119,90,87,90,1392,1775,2488,37,42,49
389,103,105,110,103,106,108,98,95,33,9,9,5
390,79,84,82,62,61,58,1891,2383,1744,43,48,41
391,254,251,248,240,239,237,4401,4231,3940,66,65,62
392,260,258,246,290,288,287,7739,7815,6507,87,88,80
393,465,468,482,467,474,484,4440,5805,1117,66,76,33
394,167,167,166,166,165,170,289,252,257,17,15,16
395,227,221,223,226,221,225,783,570,135,27,23,11
396,97,95,96,101,97,94,207,188,117,14,13,10
397,137,131,147,131,116,133,2926,3755,2666,54,61,51
398,123,121,127,120,119,128,357,472,785,18,21,28
399,139,141,179,94,89,94,9407,11937,19372,96,109,139
400,73,75,73,73,76,73,101,72,101,10,8,10
401,89,93,95,85,90,97,263,308,302,16,17,17
402,210,209,217,214,214,215,757,1025,767,27,32,27
403,97,98,99,92,92,93,238,304,131,15,17,11
404,209,200,209,177,175,178,5417,4628,4384,73,68,66
405,126,131,125,139,148,139,1322,1471,1757,36,38,41
406,178,187,184,185,186,187,453,251,156,21,15,12
407,184,196,208,182,198,201,971,887,499,31,29,22
408,334,344,331,294,302,271,9402,9494,9249,96,97,96
409,92,92,91,96,94,89,95,77,55,9,8,7
410,97,97,104,97,99,100,1081,749,153,32,27,12
411,23,25,28,22,23,26,121,119,181,11,10,13
412,74,76,80,79,79,80,571,637,647,23,25,25
413,192,195,204,188,193,201,648,642,713,25,25,26
414,458,457,430,443,436,417,7250,7881,5102,85,88,71
415,64,66,68,68,68,74,256,266,233,16,16,15
416,68,63,62,63,60,63,737,799,308,27,28,17
417,30,33,31,27,28,27,122,137,96,11,11,9
418,148,146,142,140,136,130,884,829,968,29,28,31
419,43,48,55,40,46,57,174,200,171,13,14,13
420,89,85,81,87,84,84,284,182,219,16,13,14
421,54,56,57,44,50,44,619,656,605,24,25,24
422,81,76,66,80,71,67,354,409,186,18,20,13
423,103,113,122,81,82,85,3115,3608,4172,55,60,64
424,83,84,88,75,75,83,636,730,618,25,27,24
425,112,113,112,109,111,114,917,894,1077,30,29,32
426,183,184,193,180,181,182,1603,1657,2173,40,40,46
427,115,116,119,126,123,120,967,891,763,31,29,27
428,168,182,194,165,177,206,914,685,993,30,26,31
429,43,42,39,42,41,39,117,103,72,10,10,8
430,100,97,100,100,96,103,389,372,350,19,19,18
431,70,73,75,69,71,74,227,237,133,15,15,11
432,44,56,55,45,50,49,624,288,284,24,16,16
433,88,87,83,87,85,85,347,482,75,18,21,8
434,53,52,57,47,42,48,667,893,1231,25,29,35
435,485,517,511,362,371,381,58207,69234,45563,241,263,213
436,465,469,458,467,477,488,3093,3128,2349,55,55,48
437,65,57,48,56,50,51,515,481,45,22,21,6
438,76,78,78,75,75,75,289,276,305,17,16,17
439,138,138,132,139,139,134,338,185,264,18,13,16
440,78,76,75,77,77,77,83,61,70,9,7,8
441,225,221,218,204,202,198,3688,3857,3689,60,62,60
442,100,101,96,100,100,101,534,500,514,23,22,22
443,69,68,64,68,69,63,258,209,224,16,14,14
444,78,70,61,80,71,71,1445,1884,2966,38,43,54
445,202,219,229,187,219,211,3233,3663,6391,56,60,79
446,40,40,38,38,39,36,73,65,46,8,8,6
447,185,187,180,211,210,211,4049,3921,3321,63,62,57
448,139,141,140,162,167,162,3437,3433,3198,58,58,56
449,43,42,42,34,33,35,795,634,450,28,25,21
450,65,62,65,69,67,69,112,117,101,10,10,10
451,141,145,145,128,130,132,1181,1152,762,34,33,27
452,241,242,241,235,236,233,1337,1692,1331,36,41,36
453,62,63,68,60,58,77,94,112,136,9,10,11
454,63,62,63,61,62,64,56,45,15,7,6,3
455,138,133,127,132,132,132,631,637,661,25,25,25
456,67,69,73,67,67,73,342,462,398,18,21,19
457,68,68,71,57,55,57,917,1037,657,30,32,25
458,122,132,141,117,125,134,1504,1705,2058,38,41,45
459,38,40,46,10,10,10,1927,1874,2544,43,43,50
460,213,214,212,267,266,268,9369,9040,8609,96,95,92
461,54,56,57,54,55,55,60,43,58,7,6,7
462,85,89,105,68,68,65,2074,2607,4381,45,51,66
463,153,158,158,155,159,163,506,396,548,22,19,23
464,105,102,102,81,83,93,1846,1655,1342,42,40,36
465,484,470,460,414,405,398,23381,24991,19385,152,158,139
466,83,78,71,78,66,66,1177,1097,192,34,33,13
467,97,97,100,97,94,97,210,268,320,14,16,17
468,57,56,57,56,54,56,271,167,162,16,12,12
469,66,68,69,68,68,69,94,94,99,9,9,9
470,71,73,73,56,59,63,1883,2397,3536,43,48,59
471,90,91,89,90,91,91,79,97,44,8,9,6
472,530,523,532,461,479,461,16791,13939,15265,129,118,123
473,77,78,76,88,88,85,681,655,551,26,25,23
474,27,22,33,31,12,45,342,405,437,18,20,20
475,125,122,122,126,124,122,192,130,153,13,11,12
476,68,64,68,79,73,82,796,724,879,28,26,29
477,93,91,93,93,90,99,254,209,143,15,14,11
478,45,44,45,45,43,45,60,74,18,7,8,4
479,78,80,80,70,70,75,579,660,586,24,25,24
480,59,58,70,57,57,76,384,439,188,19,20,13
481,53,56,53,54,54,51,110,118,109,10,10,10
482,96,96,99,83,82,88,696,787,743,26,28,27
483,69,68,69,72,71,74,177,182,310,13,13,17
484,106,113,80,81,77,59,4419,5877,1983,66,76,44
485,116,108,106,111,107,107,575,562,342,23,23,18
486,85,86,91,83,83,90,332,298,351,18,17,18
487,54,49,43,56,51,42,190,172,98,13,13,9
488,73,70,68,71,70,69,170,133,148,13,11,12
489,88,94,113,79,91,107,831,1073,1253,28,32,35
490,46,50,59,42,43,44,534,610,912,23,24,30
491,262,243,198,260,254,205,5738,6612,6838,75,81,82
492,77,75,69,79,77,74,279,300,193,16,17,13
493,114,117,112,115,116,113,149,191,259,12,13,16
494,78,82,87,72,76,85,543,589,485,23,24,22
495,78,83,96,61,61,79,1719,2045,2636,41,45,51
496,124,122,133,118,114,126,570,735,891,23,27,29
497,78,88,87,64,79,81,750,794,451,27,28,21
498,79,79,75,77,81,77,385,445,218,19,21,14
499,54,57,55,49,56,48,142,126,137,11,11,11
500,163,169,156,135,136,135,2856,3300,1699,53,57,41
501,163,179,195,164,184,186,1971,1655,1594,44,40,39
502,147,148,141,133,133,133,2181,1794,1846,46,42,42
503,97,98,99,101,101,102,315,239,323,17,15,17
504,78,79,69,76,76,69,328,327,67,18,18,8
505,88,90,94,103,104,107,1299,1394,1670,36,37,40
506,90,92,95,77,77,77,1492,1359,1207,38,36,34
507,256,266,284,255,252,255,5020,6342,10877,70,79,104
508,141,140,147,148,145,156,1129,1255,1492,33,35,38
509,50,53,57,45,47,51,307,348,371,17,18,19
510,63,66,70,65,65,70,109,64,52,10,8,7
511,151,147,141,140,135,131,891,997,800,29,31,28
512,69,66,54,65,63,57,620,598,476,24,24,21
513,132,132,120,142,148,148,1214,1748,3037,34,41,55
514,85,82,76,88,86,82,242,292,235,15,17,15
515,138,144,151,141,143,152,431,328,179,20,18,13
516,86,85,86,86,86,90,38,25,28,6,5,5
517,2359,2415,2425,1852,1929,2013,727125,843030,824409,852,918,907
518,71,68,70,65,64,65,552,423,456,23,20,21
519,205,204,212,202,206,229,990,800,1182,31,28,34
520,78,77,75,81,82,72,542,747,491,23,27,22
521,72,65,66,65,61,56,616,458,704,24,21,26
522,146,145,150,132,132,133,865,853,738,29,29,27
523,49,51,53,49,51,57,142,160,207,11,12,14
524,55,54,55,72,72,79,1130,1141,1164,33,33,34
525,58,54,57,59,57,58,137,118,8,11,10,2
526,101,99,102,101,92,102,342,401,471,18,20,21
527,56,58,62,63,61,66,306,249,288,17,15,16
528,449,464,489,404,391,407,17832,22901,31774,133,151,178
529,108,109,114,115,116,120,338,361,324,18,19,18
530,652,623,717,915,807,962,154098,144533,154249,392,380,392
531,142,142,149,131,133,138,1044,1105,1202,32,33,34
532,118,122,121,118,118,119,299,296,105,17,17,10
533,120,110,116,117,108,117,1605,1005,752,40,31,27
534,51,49,48,36,35,34,836,694,716,28,26,26
535,178,177,162,181,184,163,1034,1376,1853,32,37,43
536,78,75,72,76,73,68,149,144,113,12,12,10
537,132,130,125,114,117,109,1336,1268,992,36,35,31
538,65,64,64,45,43,45,1433,1575,1486,37,39,38
539,103,104,114,105,109,113,327,343,284,18,18,16
540,86,83,81,85,81,80,204,153,90,14,12,9
541,171,171,183,171,171,184,324,370,279,18,19,16
542,84,91,92,86,91,93,319,150,151,17,12,12
543,79,79,77,75,76,75,209,221,226,14,14,15
544,113,118,142,91,99,162,2533,3177,4136,50,56,64
545,163,171,169,151,157,176,4462,5855,1365,66,76,36
546,73,75,78,71,71,75,468,426,477,21,20,21
547,75,81,73,89,91,90,872,743,1256,29,27,35
548,129,129,134,127,130,135,485,457,210,22,21,14
549,75,69,65,68,62,61,551,472,547,23,21,23
550,97,95,95,96,96,96,168,121,214,12,11,14
551,102,105,110,101,102,111,168,145,146,12,12,12
552,122,124,126,114,116,119,918,932,975,30,30,31
553,291,298,302,291,286,275,3239,2282,2350,56,47,48
554,106,116,119,97,103,109,1531,1505,1411,39,38,37
555,113,106,114,110,100,108,1351,1704,839,36,41,28
556,46,45,44,46,48,51,132,149,211,11,12,14
557,291,291,292,302,300,302,1518,1229,1003,38,35,31
558,103,99,94,107,102,93,188,121,46,13,11,6
559,174,170,167,217,215,213,6547,6733,6048,80,82,77
560,151,150,148,146,153,151,479,508,670,21,22,25
561,56,52,51,70,66,61,1266,1008,1042,35,31,32
562,56,57,55,67,67,67,817,819,695,28,28,26
563,49,49,50,49,49,51,83,61,51,9,7,7
564,232,228,233,232,211,232,4547,5233,5412,67,72,73
565,294,296,311,296,295,305,984,1095,1167,31,33,34
566,78,77,80,75,76,74,430,540,419,20,23,20
567,63,62,57,64,60,58,135,145,148,11,12,12
568,141,142,142,125,118,112,2037,2170,1760,45,46,41
569,201,204,212,203,207,207,1152,1447,887,33,38,29
570,164,169,171,161,169,168,686,544,625,26,23,25
571,155,158,159,166,171,180,1617,1346,1286,40,36,35
572,394,395,423,393,394,405,2502,2593,1905,50,50,43
573,51,51,45,50,49,47,153,152,112,12,12,10
574,55,54,54,52,51,52,108,126,62,10,11,7
575,158,153,144,157,151,142,619,443,212,24,21,14
576,70,67,58,70,69,58,430,474,726,20,21,26
577,598,581,593,554,524,519,11843,12208,12766,108,110,112
578,117,116,115,126,123,129,608,730,778,24,27,27
579,133,133,140,121,123,133,865,758,1112,29,27,33
580,627,625,600,547,538,497,28062,32914,27888,167,181,166
581,84,79,79,84,81,84,281,202,176,16,14,13
582,51,50,50,46,44,43,339,405,318,18,20,17
583,58,57,55,45,44,45,796,756,630,28,27,25
584,108,115,131,96,106,144,703,849,623,26,29,24
585,88,87,90,91,92,93,184,205,113,13,14,10
586,86,86,83,88,87,86,250,274,337,15,16,18
587,126,123,131,123,117,131,790,830,1085,28,28,32
588,54,56,57,50,48,48,481,670,1093,21,25,33
589,52,53,52,51,52,53,60,80,51,7,8,7
590,126,130,129,125,130,130,148,125,102,12,11,10
591,56,57,60,54,54,55,278,235,198,16,15,14
592,355,367,365,316,319,322,8320,10489,10153,91,102,100
593,224,237,247,194,196,199,4662,5297,7426,68,72,86
594,69,68,73,45,47,50,1832,1787,2001,42,42,44
595,321,312,323,363,343,363,14724,16364,15894,121,127,126
596,45,45,44,43,43,42,85,98,146,9,9,12
597,71,69,68,72,71,71,128,134,62,11,11,7
598,82,83,84,83,82,83,137,109,84,11,10,9
599,52,48,46,49,48,47,144,123,26,12,11,5
600,244,239,245,247,235,233,790,757,1015,28,27,31
601,112,111,114,117,117,117,277,327,345,16,18,18
602,75,76,69,73,73,62,190,238,166,13,15,12
603,87,86,81,85,84,82,104,82,67,10,9,8
604,135,144,152,154,157,168,1755,1463,1215,41,38,34
605,63,62,62,62,62,61,118,103,152,10,10,12
606,131,127,117,130,132,116,608,452,610,24,21,24
607,89,86,86,88,88,88,247,207,211,15,14,14
608,287,287,279,285,283,277,937,999,845,30,31,29
609,88,86,86,87,85,87,340,312,397,18,17,19
610,91,93,96,87,87,87,373,422,338,19,20,18
611,151,153,145,145,146,133,752,742,704,27,27,26
612,99,95,101,93,91,91,392,272,253,19,16,15
613,220,229,231,184,190,177,7278,8958,12384,85,94,111
614,176,178,179,177,176,181,504,660,1123,22,25,33
615,140,138,141,126,123,122,1325,1600,2131,36,40,46
616,90,88,94,85,80,82,404,461,577,20,21,24
617,101,102,103,105,103,105,380,466,540,19,21,23
618,154,142,141,173,154,141,2918,3160,1456,54,56,38
619,49,45,50,43,42,43,275,229,208,16,15,14
620,161,154,154,168,155,146,924,915,1248,30,30,35
621,134,134,147,136,136,149,550,453,284,23,21,16
622,53,49,46,49,48,44,377,277,166,19,16,12
623,105,109,125,98,98,131,752,923,1190,27,30,34
624,147,140,138,148,146,151,755,639,772,27,25,27
625,102,98,92,104,95,92,233,235,215,15,15,14
626,129,141,138,123,130,133,838,759,247,28,27,15
627,185,147,164,157,147,157,6102,2767,381,78,52,19
628,191,188,186,148,145,145,5561,5490,4987,74,74,70
629,146,146,150,130,132,141,1474,1558,1929,38,39,43
630,119,115,116,108,105,114,1493,1151,1355,38,33,36
631,178,177,180,183,179,175,336,374,499,18,19,22
632,20,20,26,22,22,26,425,362,285,20,19,16
633,70,74,87,67,67,76,427,513,664,20,22,25
634,80,77,73,79,78,78,252,216,60,15,14,7
635,51,51,44,55,56,45,162,178,223,12,13,14
636,93,93,96,90,90,93,190,256,231,13,16,15
637,213,214,207,222,218,216,1326,1428,1267,36,37,35
638,298,297,320,304,310,311,4419,6406,1619,66,80,40
639,86,84,87,88,81,90,216,187,169,14,13,13
640,145,145,153,144,140,162,403,509,530,20,22,23
641,62,59,58,60,59,56,113,97,73,10,9,8
642,144,140,144,140,138,139,278,197,90,16,14,9
643,96,95,97,93,94,91,114,94,125,10,9,11
644,49,47,52,41,40,45,392,310,261,19,17,16
645,113,111,116,116,113,124,212,280,210,14,16,14
646,90,84,77,89,87,84,472,389,174,21,19,13
647,146,143,135,135,132,135,1350,898,395,36,29,19
648,96,100,96,99,102,100,227,235,254,15,15,15
649,143,147,148,162,168,167,1978,2012,1409,44,44,37
650,625,640,664,571,588,605,19273,22415,19184,138,149,138
651,265,270,270,285,291,292,3768,4055,3376,61,63,58
652,183,174,180,153,145,149,4014,4097,4392,63,64,66
653,113,115,120,116,112,109,311,342,447,17,18,21
654,106,95,98,106,90,92,1196,1127,1283,34,33,35
655,64,65,67,65,66,66,138,120,47,11,10,6
656,192,184,186,190,186,175,1887,1493,1856,43,38,43
657,74,78,81,77,79,81,307,236,207,17,15,14
658,178,177,182,172,176,180,1098,948,926,33,30,30
659,6,9,19,0,0,21,119,148,108,10,12,10
660,61,54,44,61,46,46,365,322,83,19,17,9
661,110,119,119,113,128,124,843,694,736,29,26,27
662,83,78,77,87,82,71,493,425,463,22,20,21
663,89,87,88,94,91,94,269,244,327,16,15,18
664,75,77,74,78,77,77,474,517,222,21,22,14
665,89,90,88,80,85,74,426,414,523,20,20,22
666,63,69,70,66,68,70,522,491,150,22,22,12
667,272,264,269,271,266,271,980,884,624,31,29,24
668,206,209,265,154,143,133,23873,32331,56452,154,179,237
669,98,97,99,94,94,100,244,246,297,15,15,17
670,158,152,158,144,136,138,1368,1327,1835,36,36,42
671,218,215,207,202,198,186,2356,2311,2056,48,48,45
672,116,120,123,102,104,102,1893,2342,1988,43,48,44
673,88,90,92,85,87,91,152,184,85,12,13,9
674,151,145,140,191,187,191,4384,4178,5180,66,64,71
675,67,68,68,65,67,69,165,210,128,12,14,11
676,146,139,132,134,124,119,1328,836,711,36,28,26
677,107,108,113,108,107,111,424,587,311,20,24,17
678,92,93,97,89,99,103,367,342,285,19,18,16
679,558,557,544,514,512,490,10777,10050,12871,103,100,113
680,73,81,93,67,74,96,447,434,456,21,20,21
681,90,92,88,87,89,92,355,470,269,18,21,16
682,67,62,64,60,57,48,449,238,409,21,15,20
683,52,48,60,45,35,47,1246,1380,1287,35,37,35
684,70,67,66,71,69,65,58,44,67,7,6,8
685,284,300,305,248,257,266,9670,12539,11445,98,111,106
686,141,139,148,134,133,133,600,733,678,24,27,26
687,72,72,62,66,68,61,339,358,148,18,18,12
688,99,97,99,103,100,108,215,200,288,14,14,16
689,73,73,72,75,75,75,122,127,148,11,11,12
690,116,112,111,117,109,108,637,584,658,25,24,25
691,185,182,188,174,168,184,2311,2494,2796,48,49,52
692,100,97,101,100,98,107,440,369,404,20,19,20
693,70,66,60,70,63,62,93,69,9,9,8,3
694,127,124,132,138,135,138,866,853,452,29,29,21
695,183,186,180,144,148,144,5195,5583,4784,72,74,69
696,84,87,91,86,88,89,134,89,37,11,9,6
697,104,103,102,110,110,111,374,446,410,19,21,20
698,61,58,57,61,59,60,119,87,38,10,9,6
699,75,74,75,77,76,77,79,102,121,8,10,11
700,31,47,80,0,63,77,1498,1509,253,38,38,15
701,98,100,102,94,98,102,229,251,265,15,15,16
702,109,109,111,104,108,103,800,650,770,28,25,27
703,69,73,69,73,75,70,507,525,192,22,22,13
704,76,72,74,82,82,82,423,443,532,20,21,23
705,71,70,68,47,46,45,1863,1818,1500,43,42,38
706,76,78,82,77,81,88,160,133,162,12,11,12
707,69,64,61,76,69,59,383,478,122,19,21,11
708,92,84,75,94,77,72,473,331,174,21,18,13
709,58,56,56,58,56,49,152,162,245,12,12,15
710,72,70,65,69,66,65,184,192,56,13,13,7
711,107,106,104,118,119,118,670,679,812,25,26,28
712,99,100,104,82,83,85,903,975,988,30,31,31
713,195,199,199,194,196,200,100,74,60,10,8,7
714,163,166,162,140,143,140,2221,2282,2339,47,47,48
715,253,251,255,237,237,239,3092,2919,3782,55,54,61
716,126,132,138,123,136,150,469,548,664,21,23,25
717,116,115,115,103,102,103,821,779,783,28,27,27
718,82,81,65,81,80,67,510,522,160,22,22,12
719,128,128,124,118,115,111,1177,1463,1739,34,38,41
720,162,164,159,162,165,166,421,490,741,20,22,27
721,172,164,226,192,168,220,6837,6861,3297,82,82,57
722,89,92,96,103,102,103,1931,1246,1376,43,35,37
723,204,208,221,191,196,201,1830,1764,2286,42,42,47
724,41,41,44,41,41,45,81,87,72,9,9,8
725,126,123,125,126,122,124,146,156,178,12,12,13
726,62,63,61,61,62,61,64,35,21,8,5,4
727,45,40,46,39,37,38,257,196,192,16,14,13
728,438,443,438,430,440,431,2613,3595,279,51,59,16
729,265,259,254,254,251,249,1996,2064,1890,44,45,43
730,287,301,329,238,239,222,20874,29388,52704,144,171,229
731,1640,1668,1739,1626,1683,1872,32948,32472,45026,181,180,212
732,128,128,132,100,101,100,2874,2649,2614,53,51,51
733,142,159,163,146,158,158,845,220,259,29,14,16
734,140,132,143,130,124,130,4319,4928,2196,65,70,46
735,64,64,86,68,73,88,985,1439,318,31,37,17
736,118,122,133,118,118,133,555,562,606,23,23,24
737,381,383,418,381,384,421,2242,2811,1839,47,53,42
738,161,164,162,154,160,154,1938,1959,2339,44,44,48
739,84,79,81,90,74,73,446,538,582,21,23,24
740,98,96,101,88,88,88,783,764,962,27,27,31
741,84,74,71,78,71,68,563,430,382,23,20,19
742,510,594,610,576,598,626,34871,4649,3552,186,68,59
743,91,93,87,103,108,106,1190,1327,1128,34,36,33
744,106,104,99,78,85,78,2444,1954,1702,49,44,41
745,62,68,75,74,75,87,543,523,522,23,22,22
746,75,77,81,77,77,82,205,217,239,14,14,15
747,432,431,428,391,405,423,10509,12781,9743,102,113,98
748,136,140,135,132,134,132,721,704,514,26,26,22
749,29,29,27,29,29,29,34,45,10,5,6,3
750,147,143,136,145,144,145,417,349,213,20,18,14
751,89,94,89,91,98,84,618,234,330,24,15,18
752,99,106,114,110,113,126,2625,2144,2475,51,46,49
753,67,67,67,66,65,65,112,118,105,10,10,10
754,145,142,139,146,147,146,560,473,150,23,21,12
755,109,108,103,104,101,99,385,508,526,19,22,22
756,158,159,159,163,159,164,411,398,372,20,19,19
757,157,158,159,145,152,155,984,1005,1231,31,31,35
758,64,62,62,65,64,60,99,114,158,9,10,12
759,124,114,118,129,112,115,446,342,134,21,18,11
760,123,126,124,113,113,110,1116,962,1182,33,31,34
761,84,81,96,90,89,97,447,609,52,21,24,7
762,124,129,130,117,123,119,664,677,703,25,26,26
763,109,108,116,106,107,113,442,361,356,21,19,18
764,75,76,75,68,71,75,374,407,323,19,20,17
765,100,95,95,102,100,98,341,342,302,18,18,17
766,56,56,55,50,50,49,235,255,279,15,15,16
767,63,61,61,62,62,62,319,435,56,17,20,7
768,101,114,126,102,107,124,933,542,723,30,23,26
769,156,159,170,148,152,148,2443,2092,2688,49,45,51
770,52,52,52,50,50,50,169,192,85,13,13,9
771,106,103,106,103,100,103,471,435,287,21,20,16
772,152,152,161,145,143,145,616,773,713,24,27,26
773,161,161,160,146,141,134,1621,1627,1949,40,40,44
774,172,163,150,164,157,150,1081,939,659,32,30,25
775,342,340,350,337,328,344,827,1035,935,28,32,30
776,246,237,232,217,210,166,6566,7215,8216,81,84,90
777,184,178,183,192,181,176,1420,1671,2400,37,40,48
778,115,115,122,124,121,136,494,500,429,22,22,20
779,233,229,228,238,239,232,787,1051,829,28,32,28
780,114,114,111,112,113,109,114,144,137,10,12,11
781,189,186,177,164,165,151,2791,2712,2662,52,52,51
782,35,34,35,35,35,35,66,68,33,8,8,5
783,101,100,102,105,98,100,179,164,198,13,12,14
784,62,63,63,63,63,63,149,191,247,12,13,15
785,76,72,72,73,73,73,236,51,55,15,7,7
786,54,54,53,56,54,53,292,358,337,17,18,18
787,99,97,97,94,90,92,396,419,292,19,20,17
788,321,320,321,345,346,345,3026,2873,3161,55,53,56
789,170,171,180,200,200,207,3164,3458,3070,56,58,55
790,53,50,52,50,47,53,158,139,114,12,11,10
791,84,87,93,81,81,90,276,310,422,16,17,20
792,191,181,169,194,186,181,1456,1222,1262,38,34,35
793,63,65,66,51,52,54,675,614,758,25,24,27
794,195,207,209,196,208,231,1409,1306,1672,37,36,40
795,101,100,99,103,101,101,602,512,376,24,22,19
796,71,71,77,58,58,66,1285,1113,814,35,33,28
797,93,90,90,90,85,84,367,358,408,19,18,20
798,76,71,67,87,82,77,980,765,558,31,27,23
799,108,114,114,100,100,101,864,941,1014,29,30,31
800,195,188,192,179,177,194,2882,2907,2787,53,53,52
801,97,99,100,96,95,96,634,667,826,25,25,28
802,79,80,76,74,68,63,736,812,648,27,28,25
803,222,238,241,236,254,268,4834,4680,4530,69,68,67
804,96,94,92,100,93,98,543,724,931,23,26,30
805,189,189,173,194,192,182,1770,1899,1244,42,43,35
806,559,558,550,468,469,466,33646,32796,28445,183,181,168
807,75,78,73,69,64,61,834,1128,843,28,33,29
808,277,297,306,274,278,282,5515,5636,6595,74,75,81
809,61,59,61,61,58,59,174,215,167,13,14,12
810,2,3,6,0,2,6,12,14,4,3,3,2
811,46,43,42,47,44,47,174,198,292,13,14,17
812,144,150,167,162,169,183,4498,5032,6056,67,70,77
813,70,70,67,71,69,68,95,102,97,9,10,9
814,210,204,194,209,207,188,667,724,762,25,26,27
815,62,62,60,51,56,51,461,352,389,21,18,19
816,317,323,319,297,302,297,4335,4314,3754,65,65,61
817,121,114,117,124,112,113,501,477,420,22,21,20
818,68,69,74,59,63,67,499,480,546,22,21,23
819,69,75,79,77,85,85,761,759,914,27,27,30
820,226,221,217,226,225,224,345,247,285,18,15,16
821,179,171,158,166,148,135,2663,2528,2772,51,50,52
822,81,79,82,77,72,73,393,364,335,19,19,18
823,91,89,83,87,86,83,104,118,15,10,10,3
824,114,115,117,112,111,118,213,243,239,14,15,15
825,648,683,717,644,673,763,9138,8467,10230,95,92,101
826,112,116,129,109,110,129,374,459,470,19,21,21
827,56,55,53,55,54,53,158,123,70,12,11,8
828,55,55,56,56,55,55,60,62,39,7,7,6
829,360,332,302,330,322,308,7555,6632,2076,86,81,45
830,90,88,84,89,79,80,533,661,529,23,25,23
831,233,232,231,235,237,240,725,701,919,26,26,30
832,71,70,63,71,69,69,139,197,109,11,14,10
833,54,55,56,53,52,52,64,78,89,8,8,9
834,88,84,85,78,75,73,894,813,939,29,28,30
835,115,124,136,109,119,135,604,521,636,24,22,25
836,101,98,96,90,87,84,982,886,699,31,29,26
837,90,95,96,92,102,101,414,386,330,20,19,18
838,135,133,131,133,131,132,162,187,102,12,13,10
839,97,106,126,80,94,148,1159,1439,1527,34,37,39
840,223,254,257,223,243,244,4940,3085,2905,70,55,53
841,45,40,35,42,37,36,129,92,20,11,9,4
842,45,42,42,34,32,32,534,482,441,23,21,21
843,67,69,71,61,63,65,214,263,245,14,16,15
844,91,90,86,87,86,80,572,501,564,23,22,23
845,61,62,55,64,63,53,97,77,23,9,8,4
846,59,58,60,55,52,53,214,222,299,14,14,17
847,83,79,78,64,63,64,1640,1592,1533,40,39,39
848,125,128,137,138,142,150,1016,1018,984,31,31,31
849,88,89,96,76,78,81,817,925,1041,28,30,32
850,207,216,206,186,204,186,3418,3354,2732,58,57,52
851,82,85,83,80,84,85,293,189,156,17,13,12
852,122,124,125,93,91,97,3228,3487,2784,56,59,52
853,111,116,115,92,99,94,2140,2207,1567,46,46,39
854,517,500,509,505,489,462,6242,5656,4985,79,75,70
855,48,47,45,48,48,45,76,57,47,8,7,6
856,53,52,52,48,46,48,210,164,132,14,12,11
857,57,58,61,55,56,58,158,178,188,12,13,13
858,105,107,103,110,108,103,582,775,1340,24,27,36
859,107,105,101,108,107,109,456,449,464,21,21,21
860,622,616,637,558,563,588,18707,22461,21333,136,149,146
861,162,183,128,127,151,121,6989,9064,304,83,95,17
862,183,182,189,183,183,184,755,965,875,27,31,29
863,66,64,64,71,61,65,259,352,152,16,18,12
864,625,606,599,638,637,617,8661,10586,10925,93,102,104
865,264,260,265,230,232,230,4784,4548,5802,69,67,76
866,243,237,223,279,277,277,13296,12360,8896,115,111,94
867,137,140,149,138,140,146,415,427,288,20,20,16
868,254,255,251,255,257,253,452,438,419,21,20,20
869,328,335,339,318,330,318,3448,3559,4476,58,59,66
870,239,240,235,238,235,241,1506,2032,1489,38,45,38
871,76,72,75,77,72,71,291,248,320,17,15,17
872,239,247,232,294,305,280,10727,10821,12028,103,104,109
873,160,159,160,166,170,169,820,920,663,28,30,25
874,220,212,206,225,222,215,888,801,834,29,28,28
875,89,89,92,91,90,91,418,435,618,20,20,24
876,277,281,282,276,278,276,1115,977,331,33,31,18
877,201,201,209,199,194,210,698,891,450,26,29,21
878,56,55,50,58,56,53,59,64,57,7,8,7
879,59,58,57,56,58,54,339,340,215,18,18,14
880,75,70,71,77,73,74,183,123,117,13,11,10
881,120,117,116,118,114,112,229,254,166,15,15,12
882,99,101,103,102,101,104,449,357,388,21,18,19
883,86,84,88,87,85,88,211,258,189,14,16,13
884,157,153,154,161,159,160,354,262,263,18,16,16
885,125,124,130,117,122,126,765,607,347,27,24,18
886,69,68,75,66,66,76,249,269,126,15,16,11
887,81,79,69,54,54,47,2643,2161,1626,51,46,40
888,78,79,84,84,86,84,424,463,313,20,21,17
889,126,117,115,115,108,114,1223,1102,693,34,33,26
890,47,48,41,43,43,42,157,151,35,12,12,5
891,757,811,720,601,609,601,99807,118815,42080,315,344,205
892,188,182,185,197,182,200,721,634,609,26,25,24
893,57,55,60,57,56,57,290,314,237,17,17,15
894,102,104,101,100,99,100,1367,1687,51,36,41,7
895,164,161,161,170,164,168,511,464,691,22,21,26
896,95,94,93,96,95,96,135,145,210,11,12,14
897,370,364,373,294,286,294,18937,18378,17503,137,135,132
898,108,101,99,109,100,97,520,529,604,22,23,24
899,175,180,135,118,131,116,10970,11338,2330,104,106,48
900,696,699,694,585,590,599,42674,41282,30392,206,203,174
901,140,141,142,140,140,142,258,132,79,16,11,8
902,70,69,72,77,74,80,286,297,384,16,17,19
903,60,62,71,57,62,75,302,321,303,17,17,17
904,96,103,122,76,80,86,2500,3184,4261,50,56,65
905,94,94,95,89,94,94,392,367,357,19,19,18
906,117,123,128,115,121,132,167,120,119,12,10,10
907,90,90,94,87,89,92,314,330,372,17,18,19
908,86,82,75,91,86,73,192,205,176,13,14,13
909,133,132,131,125,125,123,601,507,297,24,22,17
910,247,236,242,262,253,259,2323,2422,2953,48,49,54
911,70,71,66,70,70,70,163,176,111,12,13,10
912,126,130,140,130,130,140,485,240,196,22,15,14
913,106,104,109,72,72,72,3765,3502,3327,61,59,57
914,58,59,60,56,57,59,115,71,74,10,8,8
915,116,119,132,106,104,106,1160,1688,2555,34,41,50
916,319,336,333,320,340,350,1966,1599,1836,44,39,42
917,76,75,72,79,81,79,210,259,292,14,16,17
918,83,86,93,84,87,87,465,497,517,21,22,22
919,59,59,63,58,57,60,295,282,274,17,16,16
920,81,76,81,90,76,85,878,938,522,29,30,22
921,146,149,162,151,153,161,352,383,132,18,19,11
922,85,88,91,81,81,87,332,348,296,18,18,17
923,117,122,139,108,111,123,1867,2028,2420,43,45,49
924,113,106,95,122,112,104,933,799,660,30,28,25
925,92,91,93,103,102,110,1040,896,1089,32,29,33
926,88,86,85,91,87,84,140,94,109,11,9,10
927,76,77,58,70,71,58,614,687,119,24,26,10
928,116,115,115,114,114,121,183,172,173,13,13,13
929,54,55,53,55,55,48,192,157,238,13,12,15
930,73,71,68,74,73,64,121,108,160,11,10,12
931,154,153,156,158,158,163,470,502,713,21,22,26
932,59,58,58,62,60,57,97,80,66,9,8,8
933,98,99,104,92,97,103,237,266,206,15,16,14
934,706,691,712,682,656,660,11671,14322,15972,108,119,126
935,119,116,117,122,122,104,588,712,675,24,26,25
936,55,58,59,46,47,50,716,781,827,26,27,28
937,117,121,140,99,90,120,3247,4457,5857,56,66,76
938,88,85,90,89,87,91,161,199,141,12,14,11
939,133,135,149,131,129,159,453,592,543,21,24,23
940,107,103,107,112,107,112,254,317,259,15,17,16
941,48,48,50,46,47,54,137,173,209,11,13,14
942,64,66,66,60,61,62,193,220,197,13,14,14
943,96,103,107,85,88,86,1231,1205,1359,35,34,36
944,52,53,53,54,54,56,112,53,66,10,7,8
945,65,65,79,62,59,80,318,392,239,17,19,15
946,116,111,108,114,112,101,644,641,727,25,25,26
947,69,68,74,64,62,80,145,149,162,12,12,12
948,89,88,81,91,89,80,144,171,241,12,13,15
949,69,67,71,70,67,71,119,142,82,10,11,9
950,154,154,157,150,152,161,252,333,179,15,18,13
951,202,201,198,189,186,174,1515,1642,2266,38,40,47
952,96,97,96,96,99,96,388,453,354,19,21,18
953,168,166,169,167,168,173,610,528,395,24,22,19
954,97,95,96,97,97,97,152,95,89,12,9,9
955,122,126,129,110,113,114,1371,1439,1317,37,37,36
956,33,34,36,35,35,35,79,101,165,8,10,12
957,207,209,219,192,198,211,2427,2402,2693,49,49,51
958,120,104,130,143,118,150,3671,3156,1503,60,56,38
959,224,221,218,215,212,217,941,725,193,30,26,13
960,84,82,79,84,86,79,202,218,171,14,14,13
961,301,301,301,299,290,287,1305,1773,1083,36,42,32
962,112,116,115,109,110,111,372,358,217,19,18,14
963,96,105,113,96,109,122,1308,1539,1574,36,39,39
964,156,164,166,151,156,163,1339,1074,1082,36,32,32
965,80,80,79,80,79,78,152,124,47,12,11,6
966,107,107,103,109,109,109,146,147,152,12,12,12
967,85,88,97,89,90,99,267,268,190,16,16,13
968,132,131,130,131,130,128,96,70,89,9,8,9
969,143,143,153,137,134,145,516,641,739,22,25,27
970,114,110,103,125,122,117,746,806,753,27,28,27
971,110,111,109,106,107,103,255,299,124,15,17,11
972,177,178,191,179,180,197,888,1025,842,29,32,29
973,195,192,188,197,194,189,329,212,85,18,14,9
974,133,134,137,138,136,148,330,392,431,18,19,20
975,127,129,132,124,129,130,221,234,142,14,15,11
976,80,79,77,78,77,78,177,156,75,13,12,8
977,104,106,107,102,102,108,96,73,68,9,8,8
978,171,178,176,171,178,183,356,304,415,18,17,20
979,121,121,126,114,112,121,948,1099,1079,30,33,32
980,103,103,106,111,110,111,454,453,449,21,21,21
981,64,75,67,60,70,62,645,596,312,25,24,17
982,99,100,103,101,103,106,243,244,225,15,15,15
983,78,74,75,84,75,78,143,144,120,11,12,10
984,111,111,115,98,98,100,798,900,863,28,30,29
985,285,285,280,288,300,281,2899,3830,3993,53,61,63
986,136,141,137,130,136,127,612,781,1089,24,27,33
987,72,71,64,86,87,80,919,1150,1377,30,33,37
988,316,303,271,299,291,284,8489,8125,2337,92,90,48
989,152,151,154,148,144,143,337,419,624,18,20,24
990,136,138,138,103,104,108,3763,3817,3856,61,61,62
991,107,108,116,105,107,111,340,385,479,18,19,21
992,109,112,118,124,125,130,989,976,1030,31,31,32
993,69,65,67,71,67,68,174,204,155,13,14,12
994,101,102,95,91,89,84,831,735,423,28,27,20
995,138,141,146,137,141,148,461,490,259,21,22,16
996,69,64,63,69,66,63,204,163,160,14,12,12
997,112,112,113,115,115,116,144,156,99,12,12,9
998,187,195,205,163,151,137,7889,10767,14970,88,103,122
999,268,267,285,323,325,340,10609,11519,9919,103,107,99
1000,78,78,83,63,64,75,873,930,855,29,30,29
1001,39,41,45,35,37,39,338,403,338,18,20,18
1002,71,65,63,58,58,51,1284,1076,1347,35,32,36
1003,57,59,60,51,56,57,266,283,356,16,16,18
1004,138,141,150,141,143,152,499,693,401,22,26,20
1005,123,126,113,123,126,114,574,726,572,23,26,23
1006,61,62,63,62,61,62,116,75,43,10,8,6
1007,119,122,119,119,118,119,312,216,39,17,14,6
1008,74,74,75,69,73,73,375,293,311,19,17,17
1009,74,71,75,57,55,54,1240,1078,1269,35,32,35
1010,58,59,57,56,56,51,207,224,346,14,14,18
1011,115,118,122,113,114,116,242,320,404,15,17,20
1012,183,182,185,181,179,190,135,138,111,11,11,10
1013,131,122,126,136,132,136,867,533,432,29,23,20
1014,65,66,66,66,66,66,52,48,68,7,6,8
1015,97,94,99,98,96,101,261,158,43,16,12,6
1016,62,61,62,64,61,58,79,85,89,8,9,9
1017,142,141,135,134,134,135,767,553,145,27,23,12
1018,450,457,431,367,366,359,24151,25266,17520,155,158,132
1019,129,130,130,125,127,125,561,689,1000,23,26,31
1020,52,50,54,54,49,55,78,66,53,8,8,7
1021,132,133,132,124,126,118,723,910,782,26,30,27
1022,118,115,114,119,115,119,423,266,334,20,16,18
1023,40,40,38,38,37,38,89,84,58,9,9,7
1024,64,63,58,65,64,61,129,142,91,11,11,9
1025,156,157,153,150,150,146,772,682,572,27,26,23
1026,106,109,111,99,100,99,740,875,1431,27,29,37
1027,135,137,140,134,134,152,409,368,307,20,19,17
1028,57,59,56,60,64,60,410,485,551,20,22,23
1029,68,69,74,77,78,81,489,467,417,22,21,20
1030,118,118,119,135,137,142,2174,2336,2703,46,48,51
1031,53,55,51,50,51,43,268,288,225,16,16,15
1032,59,57,56,61,61,61,215,204,198,14,14,14
1033,64,61,63,58,57,59,571,615,131,23,24,11
1034,103,104,108,99,101,101,275,269,351,16,16,18
1035,187,185,180,173,147,151,3353,3792,3910,57,61,62
1036,91,87,91,92,89,89,298,169,75,17,13,8
1037,75,74,81,70,72,73,508,542,455,22,23,21
1038,161,156,160,161,149,161,365,358,392,19,18,19
1039,318,310,289,313,311,310,2233,2425,2344,47,49,48
1040,67,68,71,54,55,56,668,650,927,25,25,30
1041,161,162,163,150,151,153,840,876,925,28,29,30
1042,128,130,124,113,113,112,1133,1257,912,33,35,30
1043,200,205,196,190,199,177,1834,2115,2733,42,45,52
1044,81,84,72,70,74,74,736,779,192,27,27,13
1045,132,132,133,118,116,115,1604,2027,1580,40,45,39
1046,54,52,55,53,52,53,70,54,47,8,7,6
1047,117,121,139,116,130,154,1084,1449,1197,32,38,34
1048,61,62,63,62,63,65,57,64,37,7,8,6
1049,111,110,114,110,108,119,349,264,185,18,16,13
1050,49,42,38,50,43,43,357,304,201,18,17,14
1051,53,48,47,48,44,46,285,268,88,16,16,9
1052,286,287,304,253,255,258,7042,7670,7293,83,87,85
1053,75,89,95,86,86,98,1260,292,214,35,17,14
1054,95,96,100,90,101,105,125,154,167,11,12,12
1055,93,93,95,79,81,83,899,837,1147,29,28,33
1056,84,81,84,79,73,74,632,757,892,25,27,29
1057,88,89,96,93,93,96,282,230,177,16,15,13
1058,66,63,57,62,62,53,888,605,936,29,24,30
1059,100,104,107,97,102,104,270,324,460,16,18,21
1060,193,202,215,190,200,219,744,624,586,27,24,24
1061,153,154,155,144,154,165,734,797,613,27,28,24
1062,87,86,86,86,84,83,101,119,98,10,10,9
1063,46,48,53,44,44,49,268,257,295,16,16,17
1064,62,61,61,62,62,63,66,68,111,8,8,10
1065,100,98,96,102,99,97,153,168,48,12,12,6
1066,183,183,189,183,184,183,526,552,584,22,23,24
1067,187,180,182,187,179,183,466,411,645,21,20,25
1068,54,53,53,53,52,52,110,91,107,10,9,10
1069,153,151,148,138,132,127,1615,1798,1816,40,42,42
1070,76,82,87,76,85,87,307,269,67,17,16,8
1071,368,418,407,395,421,414,13686,4115,3103,116,64,55
1072,443,448,451,426,446,444,6981,7627,3835,83,87,61
1073,68,70,68,69,69,69,98,82,43,9,9,6
1074,122,123,129,107,103,113,2104,2372,3019,45,48,54
1075,63,65,65,62,64,59,142,172,150,11,13,12
1076,99,94,88,99,87,83,350,398,234,18,19,15
1077,58,58,59,58,59,61,89,62,73,9,7,8
1078,96,99,106,97,102,107,300,288,175,17,16,13
1079,64,62,56,65,63,55,126,78,64,11,8,8
1080,47,46,42,46,44,43,74,85,47,8,9,6
1081,73,73,73,75,74,69,77,107,80,8,10,8
1082,69,67,68,74,70,76,216,231,114,14,15,10
1083,125,132,125,126,132,119,413,220,189,20,14,13
1084,109,107,101,98,100,94,898,819,969,29,28,31
1085,149,157,172,126,129,133,3265,3545,4481,57,59,66
1086,94,77,80,83,83,84,2241,457,548,47,21,23
1087,83,88,86,78,78,66,1054,971,1274,32,31,35
1088,104,107,109,104,109,114,641,743,1302,25,27,36
1089,53,53,53,49,49,48,257,251,271,16,15,16
1090,325,333,330,382,389,389,12908,13650,13835,113,116,117
1091,80,82,88,79,83,86,81,80,76,9,8,8
1092,152,151,150,145,150,145,877,603,677,29,24,26
1093,145,145,141,177,174,171,3879,3948,3520,62,62,59
1094,154,147,152,140,135,144,1741,1380,1503,41,37,38
1095,108,103,102,109,105,104,330,346,408,18,18,20
1096,114,116,122,116,114,132,265,322,298,16,17,17
1097,43,44,45,43,43,43,60,59,91,7,7,9
1098,181,181,189,188,192,196,921,960,1062,30,30,32
1099,86,86,84,86,86,78,100,119,143,10,10,11
1100,47,40,37,34,32,33,863,383,358,29,19,18
1101,113,112,110,107,108,107,1101,934,1053,33,30,32
1102,175,182,190,175,181,175,3287,3191,2502,57,56,50
1103,53,54,57,53,53,54,74,73,62,8,8,7
1104,290,285,310,238,241,256,17520,18114,16905,132,134,130
1105,97,97,97,99,99,102,123,116,113,11,10,10
1106,67,74,88,65,66,97,550,502,381,23,22,19
1107,44,36,35,42,32,26,537,210,218,23,14,14
1108,121,122,132,103,104,105,1189,1216,1305,34,34,36
1109,85,128,135,119,125,128,4021,552,240,63,23,15
1110,185,182,185,196,192,197,990,925,743,31,30,27
1111,53,60,61,58,60,60,265,63,48,16,7,6
1112,79,77,80,80,78,86,128,111,95,11,10,9
1113,185,180,178,184,179,176,544,428,339,23,20,18
1114,182,186,198,194,202,227,1621,1943,1440,40,44,37
1115,46,45,45,43,43,43,96,67,108,9,8,10
1116,280,290,300,305,311,315,2942,2879,2724,54,53,52
1117,271,271,275,273,271,274,469,383,412,21,19,20
1118,130,134,145,104,110,117,2982,3148,4034,54,56,63
1119,81,82,79,78,75,71,230,208,213,15,14,14
1120,46,47,48,46,46,46,93,77,130,9,8,11
1121,133,134,126,128,129,127,527,532,185,22,23,13
1122,120,123,137,134,136,137,1023,1093,28,31,33,5
1123,523,498,433,503,479,503,22706,24343,17571,150,156,132
1124,37,38,40,28,29,31,517,511,474,22,22,21
1125,230,235,251,231,236,257,2692,3321,2999,51,57,54
1126,96,94,97,95,93,95,399,383,306,19,19,17
1127,110,109,112,97,97,97,1073,1131,945,32,33,30
1128,75,79,77,73,76,80,367,326,269,19,18,16
1129,113,112,112,106,101,100,910,996,858,30,31,29
1130,101,101,101,100,95,96,244,217,228,15,14,15
1131,184,186,192,217,218,223,3395,3712,3080,58,60,55
1132,73,72,68,73,71,70,75,98,25,8,9,5
1133,56,56,57,53,53,57,114,104,35,10,10,5
1134,76,78,82,74,79,80,354,379,293,18,19,17
1135,165,168,161,150,153,149,2073,2335,2063,45,48,45
1136,229,228,214,225,221,216,385,497,73,19,22,8
1137,71,71,72,72,71,73,98,113,141,9,10,11
1138,61,63,60,58,58,58,170,208,77,13,14,8
1139,72,70,65,74,71,67,181,172,128,13,13,11
1140,139,144,144,156,176,187,4251,4931,4406,65,70,66
1141,97,97,103,97,93,93,499,683,339,22,26,18
1142,79,80,76,76,76,76,546,523,593,23,22,24
1143,80,81,81,75,74,75,358,470,255,18,21,15
1144,89,87,89,79,71,57,1630,2180,3436,40,46,58
1145,112,131,194,69,69,110,11048,14989,21877,105,122,147
1146,187,186,186,191,190,198,301,393,364,17,19,19
1147,395,369,340,415,367,344,6291,6665,3055,79,81,55
1148,72,73,73,71,71,71,61,45,15,7,6,3
1149,72,74,80,74,78,79,120,127,64,10,11,8
1150,356,350,356,337,332,318,5933,6326,5806,77,79,76
1151,128,128,131,132,132,142,333,317,442,18,17,21
1152,207,210,209,190,191,190,2306,2749,3141,48,52,56
1153,238,236,237,239,241,243,504,268,247,22,16,15
1154,88,93,98,87,91,97,305,232,173,17,15,13
1155,52,48,47,54,48,48,121,89,65,11,9,8
1156,69,68,64,67,67,60,313,290,301,17,17,17
1157,74,75,75,82,82,83,342,244,265,18,15,16
1158,65,65,66,65,65,67,100,113,37,10,10,6
1159,76,73,77,73,70,79,264,250,272,16,15,16
1160,55,54,55,59,58,59,87,88,63,9,9,7
1161,97,105,127,78,81,84,2496,3089,4743,49,55,68
1162,81,83,87,76,75,77,511,620,613,22,24,24
1163,72,68,67,84,70,69,1403,1488,1886,37,38,43
1164,55,57,56,61,66,64,431,477,495,20,21,22
1165,70,70,72,71,71,72,114,99,54,10,9,7
1166,86,85,85,86,82,86,254,288,264,15,16,16
1167,82,81,78,81,83,76,97,103,93,9,10,9
1168,238,242,249,213,213,224,4386,3992,2775,66,63,52
1169,137,134,134,133,133,133,445,457,376,21,21,19
1170,61,60,60,60,59,60,142,131,55,11,11,7
1171,60,60,57,57,56,49,264,281,335,16,16,18
1172,64,65,65,56,58,61,537,495,472,23,22,21
1173,95,98,98,95,95,94,348,367,397,18,19,19
1174,118,117,108,130,124,122,1379,1462,833,37,38,28
1175,204,211,217,205,209,205,1049,822,1324,32,28,36
1176,115,119,136,109,109,112,1198,1679,2347,34,40,48
1177,108,108,108,107,106,105,138,170,221,11,13,14
1178,181,179,178,223,218,221,5966,6175,6270,77,78,79
1179,105,108,120,100,105,120,317,393,331,17,19,18
1180,137,137,136,128,126,128,1014,1075,1059,31,32,32
1181,181,180,178,176,173,177,473,500,181,21,22,13
1182,58,57,58,54,52,55,380,492,140,19,22,11
1183,52,51,50,48,47,48,286,218,106,16,14,10
1184,131,133,137,127,125,127,577,598,535,24,24,23
1185,222,221,205,254,256,261,9726,12301,17530,98,110,132
1186,70,71,70,73,71,69,65,66,48,8,8,6
1187,87,93,89,81,83,81,779,837,569,27,28,23
1188,132,135,123,129,133,123,464,419,139,21,20,11
1189,85,90,99,85,86,87,358,331,367,18,18,19
1190,395,385,387,393,386,404,4778,4934,5755,69,70,75
1191,59,59,63,61,61,62,52,67,23,7,8,4
1192,81,87,94,78,92,103,383,404,428,19,20,20
1193,108,111,120,108,118,127,491,437,297,22,20,17
1194,187,191,190,182,188,196,1537,1998,1199,39,44,34
1195,69,69,70,61,61,62,521,522,640,22,22,25
1196,94,92,93,91,88,90,163,201,106,12,14,10
1197,138,138,134,131,129,130,560,702,550,23,26,23
1198,70,67,59,69,62,59,192,211,58,13,14,7
1199,117,117,122,143,139,143,2131,2025,1951,46,45,44
1200,68,68,66,69,68,61,108,109,125,10,10,11
1201,158,161,143,152,157,130,2100,1960,2145,45,44,46
1202,38,40,40,38,39,43,85,46,37,9,6,6
1203,178,180,189,144,146,150,3583,3760,3811,59,61,61
1204,121,120,126,107,108,114,1394,1225,899,37,35,29
1205,95,91,85,95,90,89,576,705,98,24,26,9
1206,60,60,54,62,63,55,120,166,180,10,12,13
1207,72,71,67,64,65,59,532,550,439,23,23,20
1208,125,130,145,110,112,121,1560,1770,1759,39,42,41
1209,54,53,58,53,53,58,98,81,54,9,9,7
1210,81,82,78,73,75,63,525,698,734,22,26,27
1211,229,230,239,186,193,201,6435,6189,6972,80,78,83
1212,78,76,76,77,76,77,174,124,166,13,11,12
1213,220,227,223,245,258,256,3673,3996,3425,60,63,58
1214,73,77,78,86,102,102,1841,2012,1993,42,44,44
1215,47,48,48,47,47,51,67,73,93,8,8,9
1216,91,89,89,93,92,87,217,151,129,14,12,11
1217,154,157,165,145,143,146,1448,1666,1752,38,40,41
1218,116,100,60,147,115,24,4131,4090,3398,64,63,58
1219,60,61,62,56,58,61,233,187,243,15,13,15
1220,175,177,175,205,215,216,3984,4357,4329,63,66,65
1221,208,210,217,200,207,214,2567,2535,2595,50,50,50
1222,77,75,80,79,76,77,175,211,134,13,14,11
1223,132,136,133,130,144,143,1353,1554,1069,36,39,32
1224,109,113,114,104,109,104,283,264,368,16,16,19
1225,66,67,72,68,67,79,301,287,310,17,16,17
1226,507,499,496,474,457,468,6957,9356,7144,83,96,84
1227,123,120,119,124,120,119,240,269,205,15,16,14
1228,116,112,112,109,104,109,498,541,219,22,23,14
1229,640,644,639,645,655,657,2519,3043,2049,50,55,45
1230,66,64,64,63,60,61,166,102,143,12,10,11
1231,162,154,134,151,145,136,2148,1917,871,46,43,29
1232,67,66,67,68,65,66,144,198,108,12,14,10
1233,69,69,74,73,69,74,310,319,230,17,17,15
1234,44,45,45,33,36,39,409,349,232,20,18,15
1235,86,88,89,85,88,92,113,97,133,10,9,11
1236,122,119,117,124,124,124,331,314,277,18,17,16
1237,70,68,67,71,70,70,132,105,143,11,10,11
1238,100,97,90,104,98,84,366,494,330,19,22,18
1239,73,72,70,71,70,71,113,151,77,10,12,8
1240,149,151,163,154,156,168,515,597,407,22,24,20
1241,60,52,48,39,36,31,1640,1308,1409,40,36,37
1242,75,79,78,75,78,79,307,321,221,17,17,14
1243,28,26,23,28,27,27,326,319,103,18,17,10
1244,167,167,166,164,162,160,382,417,382,19,20,19
1245,71,67,67,70,64,65,197,168,284,14,12,16
1246,84,82,88,64,66,68,1351,1055,1414,36,32,37
1247,81,80,77,82,81,76,179,212,351,13,14,18
1248,127,133,131,125,134,133,577,693,579,24,26,24
1249,207,204,213,217,205,228,1026,761,764,32,27,27
1250,170,163,180,186,178,204,2013,2070,2427,44,45,49
1251,86,86,85,87,88,87,204,233,117,14,15,10
1252,207,213,210,184,184,184,5409,5385,4225,73,73,65
1253,69,69,67,67,67,67,256,316,347,16,17,18
1254,62,65,74,58,62,66,312,424,605,17,20,24
1255,43,43,44,43,44,45,103,124,53,10,11,7
1256,267,265,275,277,278,279,926,1005,617,30,31,24
1257,311,309,305,277,275,274,3698,3924,2823,60,62,53
1258,240,232,239,239,231,239,1060,1136,1227,32,33,35
1259,54,51,50,54,52,53,72,39,43,8,6,6
1260,91,89,80,92,90,76,264,311,366,16,17,19
1261,98,98,94,108,109,105,1319,1338,1142,36,36,33
1262,113,109,106,113,108,106,241,179,119,15,13,10
1263,315,316,326,289,287,289,5926,6354,6384,76,79,79
1264,126,126,129,102,101,101,2430,2420,2587,49,49,50
1265,59,54,55,57,50,45,329,335,593,18,18,24
1266,78,77,76,78,78,78,163,126,163,12,11,12
1267,170,170,169,155,158,155,1696,1907,1611,41,43,40
1268,328,324,311,327,323,318,845,916,607,29,30,24
1269,309,387,405,370,382,414,20772,1213,637,144,34,25
1270,86,80,78,76,73,68,1244,971,905,35,31,30
1271,182,176,179,182,176,175,832,974,493,28,31,22
1272,104,103,109,109,107,114,287,351,264,16,18,16
1273,141,142,132,134,136,131,444,588,76,21,24,8
1274,75,79,84,73,80,90,251,253,297,15,15,17
1275,95,102,108,96,101,96,583,600,520,24,24,22
1276,118,117,119,125,121,125,597,495,223,24,22,14
1277,69,66,67,63,61,71,324,220,192,18,14,13
1278,64,62,62,47,47,40,1159,1215,1295,34,34,35
1279,84,81,80,85,84,78,119,110,175,10,10,13
1280,74,73,76,71,71,74,229,277,224,15,16,14
1281,72,70,68,71,71,71,201,203,135,14,14,11
1282,55,53,56,57,57,58,209,178,85,14,13,9
1283,198,196,194,183,179,176,2653,2539,1667,51,50,40
1284,86,89,90,89,92,94,146,111,157,12,10,12
1285,117,116,122,115,112,120,153,192,249,12,13,15
1286,104,103,98,104,94,86,429,550,578,20,23,24
1287,152,159,152,159,168,159,473,333,398,21,18,19
1288,91,85,88,80,78,77,577,509,532,24,22,23
1289,76,73,72,72,71,70,294,120,99,17,10,9
1290,110,117,127,97,101,105,1513,1606,1938,38,40,44
1291,73,74,71,60,63,62,910,873,623,30,29,24
1292,211,216,238,207,212,217,1458,1486,1166,38,38,34
1293,150,148,155,151,150,151,225,302,109,15,17,10
1294,66,66,75,67,67,74,387,432,336,19,20,18
1295,88,89,98,85,87,104,386,433,498,19,20,22
1296,837,842,827,690,690,690,97453,103096,98985,312,321,314
1297,224,229,232,221,221,222,1088,1308,876,32,36,29
1298,154,153,154,148,147,151,776,941,977,27,30,31
1299,160,156,154,162,162,154,720,777,507,26,27,22
1300,70,71,73,67,64,67,364,488,569,19,22,23
1301,104,107,108,96,98,103,723,781,563,26,27,23
1302,689,695,701,501,516,539,98896,101018,94354,314,317,307
1303,176,170,169,180,173,164,448,426,279,21,20,16
1304,96,93,92,86,82,77,483,490,697,21,22,26
1305,234,219,181,229,211,174,6203,3781,1254,78,61,35
1306,381,381,393,351,352,364,13780,15765,13584,117,125,116
1307,79,81,92,77,77,90,336,399,489,18,19,22
1308,367,370,375,364,371,388,494,535,654,22,23,25
1309,240,232,237,239,233,228,2805,851,825,52,29,28
1310,310,317,325,285,300,299,6317,7407,5202,79,86,72
1311,95,96,98,93,94,95,631,590,332,25,24,18
1312,114,117,126,113,115,124,282,232,108,16,15,10
1313,54,58,57,47,49,52,408,442,302,20,21,17
1314,197,198,225,201,204,222,2230,2628,715,47,51,26
1315,213,219,225,203,202,216,2764,1439,1520,52,37,38
1316,71,68,70,62,60,62,673,631,645,25,25,25
1317,112,110,109,114,113,115,397,548,886,19,23,29
1318,87,78,81,70,63,62,1751,1289,1437,41,35,37
1319,41,41,45,39,38,41,68,85,99,8,9,9
1320,72,72,70,89,86,83,1020,939,786,31,30,28
1321,64,61,64,66,59,66,275,294,319,16,17,17
1322,204,209,216,189,189,189,2844,2940,3274,53,54,57
1323,109,116,117,108,114,117,245,191,280,15,13,16
1324,160,154,158,165,160,162,462,522,215,21,22,14
1325,150,149,148,153,153,153,300,371,444,17,19,21
1326,475,481,503,473,476,496,9420,9856,8388,97,99,91
1327,116,115,112,115,113,112,401,404,551,20,20,23
1328,60,60,59,60,59,57,143,135,202,11,11,14
1329,82,78,69,88,76,74,265,260,90,16,16,9
1330,60,62,72,60,62,72,146,174,61,12,13,7
1331,40,40,38,33,38,27,264,331,330,16,18,18
1332,143,131,140,119,112,118,3129,2442,2417,55,49,49
1333,85,86,91,84,87,91,130,162,134,11,12,11
1334,78,76,73,81,81,81,159,135,168,12,11,12
1335,128,122,124,97,95,91,3344,3054,3552,57,55,59
1336,64,66,64,64,66,62,48,46,47,6,6,6
1337,53,53,51,40,42,35,709,767,901,26,27,30
1338,130,134,138,127,137,140,233,173,136,15,13,11
1339,179,173,168,179,181,185,1629,1068,1303,40,32,36
1340,139,143,140,144,152,149,649,776,628,25,27,25
1341,133,128,133,133,128,136,713,719,98,26,26,9
1342,124,124,130,116,111,119,1283,1293,1005,35,35,31
1343,125,128,131,125,135,137,575,317,307,23,17,17
1344,196,193,193,171,169,177,3592,4153,4495,59,64,67
1345,96,93,89,86,84,83,513,586,232,22,24,15
1346,1240,1242,1245,1126,1132,1126,76375,76829,58559,276,277,241
1347,90,91,109,82,83,98,924,1276,897,30,35,29
1348,145,141,150,129,122,129,1422,1606,2190,37,40,46
1349,113,115,116,118,118,119,243,233,96,15,15,9
1350,544,584,720,462,470,525,45228,61868,85731,212,248,292
1351,90,88,86,85,83,80,646,679,614,25,26,24
1352,59,59,62,59,58,58,305,303,247,17,17,15
1353,330,316,357,429,380,449,22355,22593,23531,149,150,153
1354,215,213,226,211,212,223,630,777,457,25,27,21
1355,392,385,392,385,376,377,1466,1386,976,38,37,31
1356,164,157,141,167,162,131,2260,2825,4171,47,53,64
1357,155,153,144,155,145,130,804,861,869,28,29,29
1358,243,262,296,189,188,193,17024,19343,28560,130,139,168
1359,46,47,50,43,43,42,331,409,499,18,20,22
1360,61,60,59,60,60,60,223,130,175,14,11,13
1361,154,154,147,163,162,147,1076,1210,1140,32,34,33
1362,59,57,60,54,51,50,223,272,228,14,16,15
1363,103,101,104,102,102,102,114,120,42,10,10,6
1364,89,89,91,79,79,72,1143,1062,1119,33,32,33
1365,324,316,320,323,315,317,540,515,447,23,22,21
1366,128,132,129,157,169,168,4491,4657,4649,67,68,68
1367,101,109,109,88,90,92,1642,1368,1141,40,36,33
1368,102,98,102,104,101,99,303,326,180,17,18,13
1369,57,51,50,58,50,50,144,92,83,12,9,9
1370,131,124,119,137,130,129,642,595,309,25,24,17
1371,113,120,119,120,126,117,1922,2200,2046,43,46,45
1372,771,732,785,970,922,970,120058,101567,85305,346,318,292
1373,444,426,383,377,362,360,24718,21678,8301,157,147,91
1374,64,66,70,65,65,71,172,176,250,13,13,15
1375,70,69,68,73,70,73,262,283,169,16,16,13
1376,159,164,164,149,150,143,1304,1596,1285,36,39,35
1377,198,200,208,181,187,191,2363,2106,2472,48,45,49
1378,82,84,88,84,82,88,259,190,209,16,13,14
1379,259,255,246,265,269,247,1055,1332,979,32,36,31
1380,55,44,65,65,59,66,889,875,32,29,29,5
1381,167,163,160,171,168,171,407,287,219,20,16,14
1382,63,62,59,63,62,58,53,71,37,7,8,6
1383,198,209,200,199,224,212,1541,1494,1461,39,38,38
1384,46,41,34,30,37,20,1168,630,629,34,25,25
1385,84,78,78,82,79,80,262,182,66,16,13,8
1386,75,72,70,79,75,71,163,129,163,12,11,12
1387,169,173,178,123,121,123,7715,9211,8747,87,95,93
1388,74,74,70,59,58,54,661,755,679,25,27,26
1389,100,96,92,95,94,95,586,592,576,24,24,24
1390,53,57,59,46,50,51,390,416,477,19,20,21
1391,153,160,160,159,167,165,613,611,774,24,24,27
1392,274,279,284,273,277,292,501,510,589,22,22,24
1393,66,64,64,58,57,57,290,269,185,17,16,13
1394,380,366,356,386,372,364,4564,4495,2315,67,67,48
1395,110,113,117,109,113,117,218,292,457,14,17,21
1396,342,346,352,343,358,359,2973,4241,1026,54,65,32
1397,217,211,174,207,207,200,6170,6987,2023,78,83,44
1398,56,58,59,51,54,54,318,306,287,17,17,16
1399,140,143,142,130,140,134,822,877,897,28,29,29
1400,153,154,160,155,159,169,450,440,492,21,20,22
1401,91,92,91,90,91,91,67,81,83,8,9,9
1402,84,84,86,90,90,91,302,274,239,17,16,15
1403,150,150,139,131,135,122,2084,2059,1219,45,45,34
1404,144,145,151,144,143,147,169,228,301,13,15,17
1405,69,67,63,74,74,66,148,184,125,12,13,11
1406,60,59,58,59,59,60,64,70,31,8,8,5
1407,68,63,52,77,55,41,840,1059,1210,28,32,34
1408,77,79,82,76,80,82,138,152,107,11,12,10
1409,238,237,248,239,241,245,509,647,281,22,25,16
1410,147,152,169,122,139,177,1930,2390,3354,43,48,57
1411,164,160,159,166,164,161,470,296,446,21,17,21
1412,159,160,156,121,124,130,4965,5501,5157,70,74,71
1413,88,87,87,90,89,86,156,71,84,12,8,9
1414,46,46,47,47,45,48,84,104,71,9,10,8
1415,74,75,74,70,72,69,200,186,192,14,13,13
1416,63,64,67,54,50,54,679,766,821,26,27,28
1417,167,162,161,168,156,156,271,259,151,16,16,12
1418,70,58,31,90,83,0,1736,2146,1502,41,46,38
1419,129,129,132,130,130,135,206,250,215,14,15,14
1420,187,184,183,215,209,209,3339,3312,2972,57,57,54
1421,116,120,113,109,117,109,322,354,215,17,18,14
1422,120,120,125,120,125,132,797,711,485,28,26,22
1423,90,92,98,86,92,94,247,253,111,15,15,10
1424,187,185,189,171,170,159,2120,2123,2610,46,46,51
1425,72,71,71,72,72,72,95,114,122,9,10,11
1426,467,467,464,588,592,602,41771,40768,41186,204,201,202
1427,212,219,242,194,208,218,3172,3740,4535,56,61,67
1428,77,72,70,72,63,61,474,501,366,21,22,19
1429,129,132,129,131,134,128,101,77,121,10,8,11
1430,46,48,49,48,53,51,274,293,296,16,17,17
1431,123,120,113,120,118,117,347,348,271,18,18,16
1432,346,336,339,283,285,268,12116,8357,8742,110,91,93
1433,66,66,67,64,63,62,176,174,186,13,13,13
1434,501,501,505,496,496,496,1067,918,1054,32,30,32
1435,71,72,74,67,67,75,414,499,374,20,22,19
1436,293,287,260,281,283,281,8600,9471,7198,92,97,84
1437,107,111,112,105,112,112,251,216,151,15,14,12
1438,155,154,151,148,145,148,1744,1416,1575,41,37,39
1439,120,111,100,127,116,92,886,887,304,29,29,17
1440,128,126,125,127,126,126,350,420,560,18,20,23
1441,97,98,99,99,101,102,92,75,55,9,8,7
1442,51,52,51,51,51,50,54,59,72,7,7,8
1443,91,95,105,91,95,96,456,490,499,21,22,22
1444,87,89,91,61,64,68,2214,2524,2883,47,50,53
1445,191,184,184,190,188,190,468,285,280,21,16,16
1446,238,235,240,260,257,270,2689,3123,3138,51,55,56
1447,59,57,55,75,73,73,1207,1054,1076,34,32,32
1448,53,58,53,47,58,47,483,530,362,21,23,19
1449,119,126,123,123,125,124,607,610,798,24,24,28
1450,73,75,73,70,70,71,365,289,245,19,17,15
1451,142,135,127,142,124,122,871,1002,763,29,31,27
1452,63,63,62,64,63,63,218,229,77,14,15,8
1453,124,123,123,109,104,111,1383,1637,1464,37,40,38
1454,137,130,132,147,128,129,473,527,619,21,22,24
1455,114,113,113,115,115,119,222,268,403,14,16,20
1456,104,107,106,104,105,100,132,122,170,11,11,13
1457,111,103,97,110,97,103,858,1018,337,29,31,18
1458,87,85,86,84,84,84,244,236,170,15,15,13
1459,49,70,75,54,65,70,1838,1273,469,42,35,21
1460,68,68,66,53,54,53,1189,909,768,34,30,27
1461,460,452,444,441,440,439,8515,8377,6164,92,91,78
1462,53,80,128,0,111,131,3986,3819,144,63,61,12
1463,80,81,74,75,74,72,319,398,235,17,19,15
1464,114,146,152,117,131,121,5479,1960,2145,74,44,46
1465,182,273,267,206,221,218,24171,11401,10338,155,106,101
1466,109,107,102,110,103,100,208,238,314,14,15,17
1467,146,145,135,150,151,137,203,225,137,14,15,11
1468,152,154,154,132,135,139,2203,2314,2110,46,48,45
1469,586,581,604,569,573,577,12795,10083,10281,113,100,101
1470,96,94,98,80,82,73,1906,2003,3467,43,44,58
1471,76,73,73,69,62,53,885,829,991,29,28,31
1472,341,334,350,334,330,350,1787,1749,1243,42,41,35
1473,123,128,136,119,126,135,488,586,641,22,24,25
1474,205,199,205,180,180,190,3726,2966,3412,61,54,58
1475,47,46,44,42,42,40,163,194,250,12,13,15
1476,67,68,68,68,67,71,87,115,136,9,10,11
1477,195,199,215,214,212,221,3746,3083,4386,61,55,66
1478,246,244,249,242,237,251,2097,2889,3853,45,53,62
1479,105,99,109,81,84,93,4029,2596,3140,63,50,56
1480,66,62,61,66,64,59,209,127,127,14,11,11
1481,91,89,88,90,86,88,127,104,108,11,10,10
1482,99,98,84,92,91,86,845,889,157,29,29,12
1483,369,381,402,361,379,416,1772,1597,1327,42,39,36
1484,181,177,186,167,174,182,2013,1773,1220,44,42,34
1485,118,119,121,98,100,98,1403,1523,2083,37,39,45
1486,58,52,48,61,55,52,601,621,511,24,24,22
1487,36,34,35,36,35,36,81,94,160,9,9,12
1488,107,105,102,104,99,99,226,277,144,15,16,12
1489,229,233,239,229,229,229,378,442,438,19,21,20
1490,101,99,92,94,92,91,616,695,306,24,26,17
1491,99,99,98,92,97,92,428,357,246,20,18,15
1492,59,55,54,63,53,51,88,74,43,9,8,6
1493,77,78,83,88,91,94,1040,1162,911,32,34,30
1494,205,212,208,188,188,188,1906,1967,1812,43,44,42
1495,89,90,84,97,93,90,450,494,331,21,22,18
1496,148,144,142,154,150,155,558,682,592,23,26,24
1497,82,83,81,84,84,84,172,172,115,13,13,10
1498,85,88,96,82,85,89,900,1198,1529,30,34,39
1499,122,122,120,119,121,120,528,453,399,22,21,19
1500,206,205,210,200,194,208,1473,1632,1622,38,40,40
1501,202,189,178,203,187,179,1316,1200,574,36,34,23
1502,168,170,172,168,174,184,681,726,926,26,26,30
1503,167,164,183,176,164,184,723,792,403,26,28,20
1504,99,96,98,99,94,94,165,115,104,12,10,10
1505,70,67,63,71,66,62,168,170,189,12,13,13
1506,84,87,94,86,89,96,379,409,235,19,20,15
1507,78,79,82,81,82,83,181,222,134,13,14,11
1508,61,61,63,52,51,52,680,826,661,26,28,25
1509,70,70,68,68,69,66,169,209,306,13,14,17
1510,33,28,26,31,26,30,167,142,55,12,11,7
1511,164,178,202,135,139,151,6886,7938,9424,82,89,97
1512,91,90,93,82,83,82,717,629,718,26,25,26
1513,76,72,71,79,77,86,724,813,1100,26,28,33
1514,155,158,161,166,164,163,832,616,704,28,24,26
1515,229,232,236,205,210,237,3320,4052,4218,57,63,64
1516,73,75,75,78,78,78,202,243,304,14,15,17
1517,75,75,73,63,63,63,748,662,768,27,25,27
1518,93,92,90,90,88,89,278,328,126,16,18,11
1519,100,94,89,94,91,91,263,130,65,16,11,8
1520,46,41,41,43,41,42,174,82,52,13,9,7
1521,98,99,109,96,96,115,119,161,83,10,12,9
1522,135,141,149,133,141,144,479,536,371,21,23,19
1523,96,104,112,96,102,110,316,202,176,17,14,13
1524,148,148,146,148,150,157,643,749,729,25,27,27
1525,121,124,132,118,117,134,266,301,337,16,17,18
1526,48,64,77,43,54,103,1315,1206,1923,36,34,43
1527,68,67,70,66,65,67,432,477,327,20,21,18
1528,386,376,374,382,378,382,4021,4537,5243,63,67,72
1529,35,35,35,36,36,36,76,42,36,8,6,6
1530,66,67,69,66,67,71,113,117,108,10,10,10
1531,92,89,95,92,87,100,245,261,245,15,16,15
1532,88,85,86,91,86,91,345,372,447,18,19,21
1533,117,123,122,100,104,112,1702,2104,2163,41,45,46
1534,111,111,121,112,111,125,257,238,184,16,15,13
1535,697,668,628,705,651,640,15076,14603,3414,122,120,58
1536,109,110,107,110,110,110,409,240,366,20,15,19
1537,80,78,83,71,71,73,748,730,490,27,27,22
1538,117,118,122,118,119,120,645,449,380,25,21,19
1539,157,158,168,152,152,159,1141,1117,775,33,33,27
1540,174,184,206,153,169,189,4948,5058,5818,70,71,76
1541,83,85,79,80,81,75,383,434,346,19,20,18
1542,60,63,66,63,63,68,156,122,178,12,11,13
1543,65,64,63,65,64,63,61,68,41,7,8,6
1544,189,186,184,162,163,162,4269,4145,3687,65,64,60
1545,81,83,81,85,86,86,66,68,109,8,8,10
1546,73,75,77,71,77,79,229,264,236,15,16,15
1547,75,76,75,57,58,59,1526,1736,2278,39,41,47
1548,35,31,30,31,30,27,224,41,69,14,6,8
1549,121,123,117,119,119,114,357,416,306,18,20,17
1550,130,124,120,133,125,122,638,676,417,25,26,20
1551,106,101,103,107,100,103,478,379,393,21,19,19
1552,67,71,75,62,64,67,399,376,329,19,19,18
1553,120,124,126,120,122,124,408,394,589,20,19,24
1554,109,109,114,116,113,116,388,406,318,19,20,17
1555,174,177,180,146,148,150,2759,2701,3111,52,51,55
1556,85,59,117,5,2,183,7996,8509,10272,89,92,101
1557,332,325,319,323,292,296,3562,4421,4151,59,66,64
1558,116,109,120,83,71,76,4451,4270,5047,66,65,71
1559,74,72,70,69,66,70,331,227,204,18,15,14
1560,231,230,236,229,234,241,978,1081,947,31,32,30
1561,219,220,216,292,289,282,15940,16073,14847,126,126,121
1562,57,53,50,53,52,52,141,64,65,11,8,8
1563,50,49,47,48,40,40,261,369,323,16,19,17
1564,172,172,170,163,163,163,1098,1130,967,33,33,31
1565,75,74,75,80,80,80,406,347,304,20,18,17
1566,86,81,86,90,84,85,316,350,157,17,18,12
1567,63,55,50,62,55,54,523,383,266,22,19,16
1568,223,223,226,188,194,200,5479,4675,3579,74,68,59
1569,103,106,117,99,103,122,385,533,417,19,23,20
1570,147,140,134,146,141,134,470,219,76,21,14,8
1571,421,432,474,465,482,556,25925,26251,32688,161,162,180
1572,125,128,132,123,127,131,289,210,86,17,14,9
1573,197,191,182,210,203,190,1361,1405,1067,36,37,32
1574,82,82,80,84,81,79,181,230,365,13,15,19
1575,68,68,66,64,63,62,143,163,108,11,12,10
1576,107,110,116,106,111,114,618,605,319,24,24,17
1577,41,41,44,32,32,34,421,432,612,20,20,24
1578,103,103,105,103,101,100,194,227,167,13,15,12
1579,44,42,40,39,38,36,303,243,343,17,15,18
1580,166,156,171,132,122,113,7580,7799,11425,87,88,106
1581,62,63,62,59,61,64,136,164,161,11,12,12
1582,107,106,107,106,103,99,166,176,261,12,13,16
1583,255,259,264,262,265,266,1656,2080,1495,40,45,38
1584,215,219,221,215,217,223,427,349,268,20,18,16
1585,93,95,91,96,100,103,410,525,547,20,22,23
1586,54,51,51,53,47,49,224,175,146,14,13,12
1587,76,87,98,73,83,92,659,559,738,25,23,27
1588,107,109,120,108,107,123,488,520,598,22,22,24
1589,122,121,124,131,124,137,744,906,569,27,30,23
1590,222,213,209,223,215,215,1690,1394,787,41,37,28
1591,211,232,273,199,208,228,8772,11579,19358,93,107,139
1592,72,72,68,72,71,59,212,246,294,14,15,17
1593,87,93,94,81,78,81,765,958,553,27,30,23
1594,112,117,124,108,109,110,893,1059,1615,29,32,40
1595,87,87,83,80,79,80,473,497,387,21,22,19
1596,150,150,147,159,160,151,521,572,626,22,23,25
1597,189,182,193,232,224,242,7176,6945,7478,84,83,86
1598,50,48,46,51,50,49,84,77,75,9,8,8
1599,92,93,95,95,93,95,177,235,403,13,15,20
1600,61,57,57,59,56,56,143,101,124,11,10,11
1601,63,60,57,63,58,57,106,92,85,10,9,9
1602,83,84,87,83,82,84,215,236,226,14,15,15
1603,163,159,159,162,161,162,825,733,180,28,27,13
1604,62,65,62,58,60,58,390,392,343,19,19,18
1605,247,244,241,227,224,226,2627,2885,2449,51,53,49
1606,74,73,72,75,72,68,339,399,392,18,19,19
1607,52,52,51,51,50,48,95,74,75,9,8,8
1608,145,157,146,133,144,136,1240,1369,452,35,37,21
1609,77,66,58,66,62,61,607,306,76,24,17,8
1610,267,265,276,266,268,277,312,303,99,17,17,9
1611,121,117,105,101,101,101,1837,1392,129,42,37,11
1612,175,174,170,179,178,174,524,581,407,22,24,20
1613,287,282,267,380,360,325,20978,20402,19481,144,142,139
1614,86,89,98,67,66,69,1936,2478,3867,44,49,62
1615,221,221,212,258,262,251,5780,5721,4728,76,75,68
1616,459,447,421,442,429,423,7324,7033,3865,85,83,62
1617,67,67,71,68,68,73,104,121,124,10,11,11
1618,81,81,83,84,79,84,536,402,266,23,20,16
1619,177,175,182,166,167,170,2340,2273,2692,48,47,51
1620,281,293,297,294,309,322,2546,2173,2945,50,46,54
1621,115,105,109,115,108,112,626,468,542,25,21,23
1622,125,120,116,128,117,115,252,243,71,15,15,8
1623,311,287,286,281,279,278,8932,3033,4257,94,55,65
1624,388,384,391,362,354,355,2851,2794,3451,53,52,58
1625,172,169,168,175,176,180,1022,1388,1226,31,37,35
1626,309,301,312,350,347,370,8674,8515,8105,93,92,90
1627,180,179,177,176,178,172,639,647,732,25,25,27
1628,125,129,130,122,125,126,249,226,336,15,15,18
1629,2247,2224,2235,1984,1981,1978,380462,383777,401289,616,619,633
1630,92,91,94,96,97,102,362,403,384,19,20,19
1631,374,386,426,341,341,342,13882,18912,20747,117,137,144
1632,47,43,36,44,43,35,162,94,27,12,9,5
1633,79,77,75,75,74,74,164,129,139,12,11,11
1634,101,98,96,101,100,98,124,96,96,11,9,9
1635,65,64,65,67,66,70,196,154,111,14,12,10
1636,68,61,55,64,58,54,199,114,16,14,10,4
1637,133,133,141,145,135,157,827,876,695,28,29,26
1638,133,131,133,116,109,107,2195,2485,3139,46,49,56
1639,94,93,94,69,62,58,2849,2937,3490,53,54,59
1640,54,50,46,33,33,32,1660,1438,1577,40,37,39
1641,79,79,80,79,81,77,192,223,272,13,14,16
1642,269,278,276,262,269,272,959,1143,1258,30,33,35
1643,47,49,52,47,47,53,151,109,33,12,10,5
1644,131,129,123,128,130,128,398,307,111,19,17,10
1645,311,316,314,304,308,293,790,998,1426,28,31,37
1646,74,74,72,72,75,75,205,125,124,14,11,11
1647,256,254,248,243,236,230,2403,2460,2999,49,49,54
1648,221,219,216,219,221,224,1126,1041,677,33,32,26
1649,50,50,50,45,45,45,207,225,188,14,15,13
1650,202,195,133,227,172,163,7424,8829,4844,86,93,69
1651,100,100,98,103,100,96,174,228,110,13,15,10
1652,89,82,76,92,89,92,569,634,1071,23,25,32
1653,107,107,109,101,100,101,396,457,459,19,21,21
1654,71,73,69,71,71,67,145,147,200,12,12,14
1655,92,94,96,109,109,110,823,794,979,28,28,31
1656,51,48,50,50,48,50,77,57,79,8,7,8
1657,110,110,102,109,109,106,140,177,173,11,13,13
1658,270,265,276,273,272,273,867,851,119,29,29,10
1659,79,81,87,79,79,89,203,278,332,14,16,18
1660,70,72,70,62,62,64,505,534,491,22,23,22
1661,413,458,483,405,415,453,28499,12590,8559,168,112,92
1662,90,94,95,84,84,84,442,495,478,21,22,21
1663,325,333,349,318,327,345,1430,1470,1559,37,38,39
1664,72,75,80,76,76,76,324,336,479,18,18,21
1665,120,114,99,126,119,109,917,1111,1091,30,33,33
1666,250,244,219,239,238,234,6962,8193,6174,83,90,78
1667,343,345,356,349,355,358,1673,1586,504,40,39,22
1668,128,126,125,118,120,104,1297,1143,1376,36,33,37
1669,97,92,88,94,87,81,758,765,441,27,27,21
1670,192,192,192,168,167,166,2189,2376,2449,46,48,49
1671,98,99,98,89,91,89,632,729,728,25,27,26
1672,89,92,97,85,85,87,1050,895,826,32,29,28
1673,268,271,280,240,239,228,4936,5951,9366,70,77,96
1674,66,68,66,68,71,68,89,77,71,9,8,8
1675,86,88,92,81,82,78,464,391,665,21,19,25
1676,113,108,111,109,107,109,300,250,433,17,15,20
1677,123,125,130,112,116,134,772,710,575,27,26,23
1678,85,81,80,83,81,76,177,136,166,13,11,12
1679,116,118,117,138,140,141,1696,1733,1603,41,41,40
1680,137,135,124,146,138,133,1029,836,443,32,28,21
1681,62,56,59,53,52,53,809,620,740,28,24,27
1682,106,106,103,103,98,90,543,780,937,23,27,30
1683,57,57,65,45,47,51,901,847,1135,30,29,33
1684,84,83,86,83,80,89,523,517,503,22,22,22
1685,101,101,102,104,104,104,342,245,154,18,15,12
1686,66,66,71,82,80,86,872,889,1100,29,29,33
1687,623,613,572,557,548,539,21368,18865,3467,146,137,58
1688,76,72,86,82,76,82,582,746,160,24,27,12
1689,90,91,97,84,86,91,455,479,421,21,21,20
1690,271,288,314,263,285,309,2050,1643,1163,45,40,34
1691,45,47,46,45,47,46,111,116,61,10,10,7
1692,206,195,146,176,175,169,9671,8449,1790,98,91,42
1693,96,89,86,96,90,91,1005,966,845,31,31,29
1694,56,60,61,29,32,32,2511,2823,3074,50,53,55
1695,90,86,85,89,84,80,276,254,233,16,15,15
1696,99,98,104,99,99,112,264,308,450,16,17,21
1697,135,134,137,108,110,112,2516,2384,2347,50,48,48
1698,346,344,341,408,411,431,14418,16548,21930,120,128,148
1699,88,92,91,80,81,80,644,596,585,25,24,24
1700,99,94,113,105,94,112,1006,1313,506,31,36,22
1701,81,74,77,82,77,80,212,170,164,14,13,12
1702,59,61,59,61,66,60,295,353,432,17,18,20
1703,38,36,35,34,34,35,187,105,89,13,10,9
1704,400,401,409,415,431,428,3023,3860,2478,54,62,49
1705,73,68,67,70,66,66,152,80,119,12,8,10
1706,229,241,217,265,272,269,9086,9610,7685,95,98,87
1707,248,181,0,343,119,0,32754,34850,0,180,186,0
1708,166,175,184,153,172,181,1789,1799,1728,42,42,41
1709,670,671,668,844,844,845,98474,100212,102345,313,316,319
1710,215,220,218,214,223,217,543,672,726,23,25,26
1711,103,101,104,105,102,105,221,211,245,14,14,15
1712,63,62,55,56,55,50,310,352,131,17,18,11
1713,66,66,67,69,70,72,123,103,89,11,10,9
1714,157,154,162,179,177,190,2089,2123,2371,45,46,48
1715,63,63,67,56,51,57,1135,1400,1040,33,37,32
1716,127,127,126,167,167,175,5317,5577,6486,72,74,80
1717,266,254,234,233,231,232,5257,4274,86,72,65,9
1718,62,61,55,61,60,55,99,80,50,9,8,7
1719,234,221,238,232,219,236,2136,2241,2341,46,47,48
1720,201,193,201,199,187,207,917,277,371,30,16,19
1721,62,68,76,61,65,77,213,188,136,14,13,11
1722,193,195,201,182,189,196,925,894,823,30,29,28
1723,83,83,91,85,86,87,246,304,223,15,17,14
1724,102,103,102,102,103,102,125,160,134,11,12,11
1725,182,191,212,189,197,203,2603,2673,2522,51,51,50
1726,354,358,357,313,320,327,11027,12625,10252,105,112,101
1727,216,221,219,215,220,225,610,524,402,24,22,20
1728,88,84,74,94,89,80,733,740,508,27,27,22
1729,81,78,69,73,71,66,562,418,178,23,20,13
1730,60,55,49,51,45,45,823,764,689,28,27,26
1731,74,74,65,70,70,64,236,269,218,15,16,14
1732,168,164,165,157,156,157,1007,853,1021,31,29,31
1733,91,93,93,113,122,121,2478,2566,2629,49,50,51
1734,94,90,88,96,94,92,212,195,229,14,13,15
1735,92,91,95,76,76,76,899,942,1030,29,30,32
1736,44,44,44,45,45,45,49,50,59,7,7,7
1737,63,61,59,76,74,73,1000,956,920,31,30,30
1738,125,126,125,120,125,126,253,309,41,15,17,6
1739,57,55,58,59,54,55,70,80,81,8,8,9
1740,87,80,75,96,93,94,1541,1153,1240,39,33,35
1741,105,114,112,86,90,86,1977,2234,1756,44,47,41
1742,80,80,83,84,80,84,583,695,497,24,26,22
1743,275,278,282,269,272,279,1504,1508,2430,38,38,49
1744,124,121,121,120,125,115,723,865,1012,26,29,31
1745,448,446,450,431,430,420,6404,7031,6965,80,83,83
1746,98,97,102,102,101,102,347,379,156,18,19,12
1747,33,35,48,17,17,19,996,1164,1628,31,34,40
1748,88,87,87,81,86,81,415,376,359,20,19,18
1749,50,47,46,51,46,46,95,98,43,9,9,6
1750,121,119,116,116,105,103,657,815,912,25,28,30
1751,246,245,242,237,236,232,1692,2007,1848,41,44,42
1752,284,278,259,274,256,238,5700,6105,2631,75,78,51
1753,241,242,244,259,270,276,2668,3361,3184,51,57,56
1754,52,49,47,52,51,49,108,114,57,10,10,7
1755,76,72,68,79,75,73,173,176,193,13,13,13
1756,160,161,165,145,148,152,1443,1554,1372,37,39,37
1757,105,104,102,84,85,87,1418,1374,1178,37,37,34
1758,53,52,52,44,45,44,371,397,394,19,19,19
1759,419,432,442,411,438,446,2839,2879,1740,53,53,41
1760,130,133,138,130,132,138,290,359,347,17,18,18
1761,56,56,59,44,45,45,660,678,934,25,26,30
1762,192,199,199,196,202,228,1271,1468,2512,35,38,50
1763,140,142,138,140,140,137,477,535,677,21,23,26
1764,101,107,95,105,107,104,1887,2251,1088,43,47,32
1765,173,181,195,176,180,200,724,631,414,26,25,20
1766,115,113,101,112,109,100,297,381,45,17,19,6
1767,140,138,143,130,128,127,879,934,898,29,30,29
1768,244,254,259,274,284,287,5126,5462,6471,71,73,80
1769,67,69,92,53,52,90,1251,1679,2114,35,40,45
1770,223,230,235,203,206,205,4461,4845,4595,66,69,67
1771,170,169,176,184,177,184,812,898,710,28,29,26
1772,70,76,88,40,44,44,3249,4010,5255,57,63,72
1773,77,75,80,69,67,74,862,992,839,29,31,28
1774,93,100,109,97,114,128,1467,1587,1952,38,39,44
1775,251,254,255,244,247,251,1263,1426,1340,35,37,36
1776,127,126,122,120,120,117,917,708,1213,30,26,34
1777,91,93,96,94,98,97,235,279,163,15,16,12
1778,195,193,197,194,193,201,409,441,130,20,21,11
1779,202,204,203,229,223,217,2666,2299,2016,51,47,44
1780,90,95,95,91,91,91,398,427,249,19,20,15
1781,55,53,59,56,54,68,245,249,278,15,15,16
1782,107,112,107,116,117,110,640,292,237,25,17,15
1783,422,423,414,369,370,365,12775,13403,12737,113,115,112
1784,220,219,228,220,225,237,777,848,968,27,29,31
1785,73,70,73,71,70,76,259,275,109,16,16,10
1786,189,185,182,191,186,181,663,900,1082,25,30,32
1787,128,122,124,126,121,121,555,580,434,23,24,20
1788,54,52,51,50,50,50,90,38,35,9,6,5
1789,114,111,114,117,112,120,236,248,322,15,15,17
1790,285,275,271,283,277,298,4575,5819,11213,67,76,105
1791,106,107,105,106,110,109,253,256,63,15,16,7
1792,114,115,119,122,122,123,363,380,366,19,19,19
1793,97,95,89,90,86,80,874,1044,576,29,32,24
1794,120,123,126,108,110,108,843,859,991,29,29,31
1795,88,88,91,84,85,86,619,600,447,24,24,21
1796,249,264,281,206,215,225,7108,8313,10392,84,91,101
1797,78,71,88,85,64,100,1533,1706,910,39,41,30
1798,60,58,61,60,59,60,172,119,107,13,10,10
1799,107,109,112,107,107,116,187,177,81,13,13,9
1800,69,70,72,70,72,74,177,251,226,13,15,15
1801,115,113,112,86,85,85,3279,3538,3390,57,59,58
1802,43,41,39,42,40,41,55,54,31,7,7,5
1803,75,66,61,74,65,63,1158,1286,696,34,35,26
1804,150,144,165,104,95,104,8939,8965,12135,94,94,110
1805,58,58,68,60,57,67,222,254,116,14,15,10
1806,98,105,96,106,109,104,1224,1222,1014,34,34,31
1807,126,127,130,123,123,131,616,459,365,24,21,19
1808,55,57,65,55,55,67,96,108,70,9,10,8
1809,114,99,95,114,93,95,877,444,296,29,21,17
1810,113,116,117,113,113,113,342,334,121,18,18,11
1811,108,111,114,106,112,128,315,364,595,17,19,24
1812,99,103,108,87,92,90,1302,1293,1937,36,35,44
1813,141,139,135,150,150,150,413,486,725,20,22,26
1814,105,106,115,113,120,123,680,739,514,26,27,22
1815,79,81,85,77,78,85,88,80,69,9,8,8
1816,61,62,64,62,59,63,90,92,74,9,9,8
1817,167,170,176,166,170,183,211,230,305,14,15,17
1818,224,227,199,234,236,197,2274,2942,2083,47,54,45
1819,54,58,61,54,57,58,202,171,225,14,13,15
1820,110,109,110,108,108,110,590,503,286,24,22,16
1821,1003,990,979,859,846,858,91710,106665,85189,302,326,291
1822,100,106,107,100,105,105,193,134,52,13,11,7
1823,96,96,100,84,82,85,906,969,1071,30,31,32
1824,0,0,0,0,0,0,0,0,0,0,0,0
1825,166,173,186,160,169,185,837,967,1182,28,31,34
1826,195,190,180,185,180,168,2053,2394,2643,45,48,51
1827,74,78,77,75,75,78,210,195,182,14,13,13
1828,208,213,230,209,220,232,2045,2427,1133,45,49,33
1829,150,149,149,146,142,146,685,606,659,26,24,25
1830,38,37,35,37,35,30,99,114,163,9,10,12
1831,509,501,508,645,642,650,49601,50416,62399,222,224,249
1832,99,98,106,102,98,103,374,505,291,19,22,17
1833,63,66,75,50,51,48,1505,2132,3978,38,46,63
1834,61,60,58,58,58,58,105,65,17,10,8,4
1835,55,48,46,52,46,45,371,204,108,19,14,10
1836,140,139,137,135,137,134,416,434,308,20,20,17
1837,88,87,87,83,84,85,351,266,230,18,16,15
1838,134,133,136,138,135,138,500,451,541,22,21,23
1839,153,152,151,137,128,118,2565,2403,3303,50,49,57
1840,51,51,50,43,41,43,520,544,451,22,23,21
1841,46,45,48,42,44,42,352,228,251,18,15,15
1842,231,225,232,230,224,229,720,820,645,26,28,25
1843,513,498,505,652,647,643,69563,64351,65241,263,253,255
1844,101,103,108,101,103,108,264,174,219,16,13,14
1845,62,61,62,61,60,60,81,75,50,9,8,7
1846,68,68,74,57,59,62,809,650,704,28,25,26
1847,65,67,74,62,68,71,262,296,336,16,17,18
1848,76,73,68,70,69,66,233,167,80,15,12,8
1849,73,73,72,73,74,70,123,97,131,11,9,11
1850,368,402,417,341,347,354,15104,15522,15108,122,124,122
1851,145,150,142,156,161,157,1078,1196,919,32,34,30
1852,82,79,78,82,78,76,209,135,87,14,11,9
1853,182,177,166,183,182,167,873,584,551,29,24,23
1854,145,143,142,146,143,144,179,219,94,13,14,9
1855,188,194,198,218,226,240,3965,4242,4499,62,65,67
1856,54,52,47,67,60,63,1277,1287,795,35,35,28
1857,115,120,131,114,118,129,221,234,126,14,15,11
1858,62,49,37,57,37,24,2071,2264,1232,45,47,35
1859,334,341,350,329,339,340,1143,1102,987,33,33,31
1860,120,116,118,100,95,90,2459,2629,3538,49,51,59
1861,214,208,224,192,192,189,4274,4591,5156,65,67,71
1862,63,60,55,49,49,49,1022,672,407,31,25,20
1863,109,102,114,114,94,118,618,630,775,24,25,27
1864,119,115,107,121,114,107,280,258,153,16,16,12
1865,73,71,73,54,57,61,1212,987,719,34,31,26
1866,86,86,74,95,96,80,787,839,969,28,28,31
1867,180,180,189,223,220,226,6387,6055,6146,79,77,78
1868,68,65,65,62,62,63,210,135,71,14,11,8
1869,70,68,63,64,66,57,362,270,178,19,16,13
1870,103,107,115,108,116,121,671,720,432,25,26,20
1871,50,50,50,47,42,41,285,389,417,16,19,20
1872,285,268,260,277,265,257,3235,2891,1458,56,53,38
1873,124,126,130,128,130,141,498,541,674,22,23,25
1874,205,207,210,204,208,208,333,312,218,18,17,14
1875,578,584,587,770,771,772,112771,114275,114706,335,338,338
1876,206,213,213,210,217,218,408,285,488,20,16,22
1877,145,149,143,134,138,143,965,880,476,31,29,21
1878,138,139,135,133,142,133,188,145,176,13,12,13
1879,84,85,80,84,86,83,119,125,109,10,11,10
1880,184,182,181,167,162,158,2826,3237,2982,53,56,54
1881,489,504,513,537,572,593,15866,18024,24700,125,134,157
1882,180,184,172,167,172,154,1755,2129,2231,41,46,47
1883,67,68,66,66,68,57,317,304,234,17,17,15
1884,119,114,119,110,108,113,1324,1195,1334,36,34,36
1885,85,84,82,84,83,82,88,61,35,9,7,5
1886,99,92,95,100,94,96,353,209,61,18,14,7
1887,121,123,132,98,102,114,2088,2533,2807,45,50,52
1888,81,82,83,84,86,86,130,137,32,11,11,5
1889,47,47,52,56,55,61,460,404,407,21,20,20
1890,338,330,321,380,371,368,9002,9281,8195,94,96,90
1891,44,44,46,43,42,44,56,70,127,7,8,11
1892,101,95,98,91,85,83,958,851,871,30,29,29
1893,51,49,61,54,53,54,483,640,293,21,25,17
1894,174,180,162,204,195,192,6751,7266,5426,82,85,73
1895,161,155,145,160,159,139,340,277,146,18,16,12
1896,53,50,43,52,49,44,191,121,40,13,11,6
1897,77,76,72,75,74,74,76,74,25,8,8,5
1898,343,320,338,323,315,315,8933,6596,11006,94,81,104
1899,21,19,19,21,20,19,51,29,15,7,5,3
1900,52,50,51,51,48,45,102,69,79,10,8,8
1901,519,520,547,450,448,475,14086,16061,19122,118,126,138
1902,104,100,99,100,95,104,291,285,222,17,16,14
1903,245,244,261,231,238,271,1865,1755,1926,43,41,43
1904,134,130,108,134,134,103,1087,1271,850,32,35,29
1905,170,169,165,167,166,157,405,506,289,20,22,17
1906,459,462,467,400,409,418,16540,16647,13687,128,129,116
1907,106,102,98,109,105,106,814,688,667,28,26,25
1908,71,72,66,68,68,67,481,431,260,21,20,16
1909,78,79,79,80,83,82,303,348,261,17,18,16
1910,55,54,51,55,53,49,76,91,58,8,9,7
1911,117,122,127,112,115,112,1228,1336,1229,35,36,35
1912,172,166,156,169,167,145,877,577,797,29,24,28
1913,43,44,45,45,46,48,35,42,21,5,6,4
1914,160,156,144,155,153,150,279,261,78,16,16,8
1915,81,86,88,85,88,91,395,173,229,19,13,15
1916,111,114,112,110,111,112,126,147,102,11,12,10
1917,117,119,126,112,112,123,415,517,213,20,22,14
1918,5,4,3,5,4,3,10,6,5,3,2,2
1919,119,121,127,117,119,131,233,212,148,15,14,12
1920,65,64,64,68,69,68,233,261,200,15,16,14
1921,159,161,155,156,160,148,620,562,194,24,23,13
1922,306,307,307,269,270,269,5605,5982,4965,74,77,70
1923,136,139,135,126,126,126,1315,1725,1163,36,41,34
1924,95,100,102,95,102,104,529,491,510,23,22,22
1925,62,93,106,66,78,83,3706,2618,2365,60,51,48
1926,68,68,64,72,68,67,601,670,296,24,25,17
1927,473,484,479,475,517,469,5488,5824,3572,74,76,59
1928,979,1012,1057,943,961,1027,46009,50392,57052,214,224,238
1929,78,81,84,82,92,94,570,579,578,23,24,24
1930,108,105,102,108,99,97,277,246,183,16,15,13
1931,366,369,381,362,366,359,1321,1888,1181,36,43,34
1932,258,258,261,254,252,261,897,856,653,29,29,25
1933,90,96,102,90,96,98,453,369,398,21,19,19
1934,90,88,87,88,88,83,335,368,473,18,19,21
1935,267,258,251,271,248,241,1715,2047,1661,41,45,40
1936,141,135,121,143,138,124,1827,2210,2877,42,47,53
1937,166,160,174,169,165,169,1045,1242,229,32,35,15
1938,119,119,130,89,91,94,3629,3788,4635,60,61,68
1939,203,207,209,177,179,186,3992,4802,4091,63,69,63
1940,121,123,131,117,122,134,387,445,419,19,21,20
1941,179,176,175,180,178,178,293,370,340,17,19,18
1942,87,83,81,80,69,64,1045,1101,791,32,33,28
1943,146,159,149,144,169,140,789,472,502,28,21,22
1944,529,518,514,522,504,530,6843,8088,7638,82,89,87
1945,336,339,346,337,337,340,853,1084,1201,29,32,34
1946,120,120,127,107,107,107,984,1099,1480,31,33,38
1947,41,40,39,44,39,39,126,105,51,11,10,7
1948,213,207,204,215,206,208,1399,1689,782,37,41,27
1949,76,77,80,73,73,82,154,182,123,12,13,11
1950,267,253,210,254,247,220,8136,8748,4226,90,93,65
1951,112,112,111,108,104,100,388,409,416,19,20,20
1952,61,61,64,57,58,66,257,287,85,16,16,9
1953,76,79,78,72,72,73,310,346,255,17,18,15
1954,410,404,383,392,393,392,9879,11602,8566,99,107,92
1955,177,177,181,151,159,175,2679,2468,2864,51,49,53
1956,130,119,114,126,118,119,425,199,164,20,14,12
1957,93,90,91,92,85,85,276,320,323,16,17,17
1958,184,179,170,196,184,185,1709,1736,1341,41,41,36
1959,340,339,306,356,352,337,10842,14449,23049,104,120,151
1960,228,240,264,212,242,264,3190,3614,2657,56,60,51
1961,100,103,104,106,111,113,361,395,344,19,19,18
1962,140,138,132,137,135,129,425,461,485,20,21,22
1963,106,104,103,116,112,123,472,447,635,21,21,25
1964,95,95,96,98,102,103,274,318,258,16,17,16
1965,119,115,108,122,119,114,604,641,561,24,25,23
1966,222,225,240,228,224,205,9396,12183,19291,96,110,138
1967,194,185,192,180,175,179,1887,1791,1877,43,42,43
1968,19,25,29,13,19,24,337,377,190,18,19,13
1969,86,83,87,87,83,85,200,223,222,14,14,14
1970,259,262,262,247,259,263,2643,2077,2039,51,45,45
1971,214,209,212,229,218,229,1580,1818,1071,39,42,32
1972,88,85,84,84,75,75,824,645,519,28,25,22
1973,45,41,33,45,44,37,261,211,199,16,14,14
1974,145,138,141,151,147,148,1068,1208,849,32,34,29
1975,223,228,250,196,197,199,5300,6593,7748,72,81,88
1976,95,97,95,98,97,96,132,79,51,11,8,7
1977,130,127,128,132,127,126,288,293,294,16,17,17
1978,204,202,216,196,195,207,1816,1742,1895,42,41,43
1979,65,65,65,66,66,66,82,107,121,9,10,11
1980,50,51,52,50,50,50,100,84,49,10,9,7
1981,103,106,110,104,103,109,462,592,862,21,24,29
1982,72,79,89,73,79,81,355,293,254,18,17,15
1983,105,112,123,107,108,122,338,274,203,18,16,14
1984,60,61,67,61,63,69,72,89,44,8,9,6
1985,486,502,504,451,452,451,8011,9727,10038,89,98,100
1986,93,94,94,93,93,93,173,168,90,13,12,9
1987,69,68,66,54,53,49,980,767,891,31,27,29
1988,202,202,198,189,192,195,1937,1369,297,44,37,17
1989,78,74,79,69,66,63,798,563,735,28,23,27
1990,93,94,92,86,91,81,418,406,498,20,20,22
1991,128,124,123,130,128,119,245,277,175,15,16,13
1992,79,80,81,66,67,68,787,782,809,28,27,28
1993,60,70,73,71,75,76,861,361,436,29,19,20
1994,145,148,152,147,148,147,267,321,343,16,17,18
1995,64,65,66,63,63,64,88,115,116,9,10,10
1996,84,85,97,85,89,100,147,201,20,12,14,4
1997,235,229,228,283,274,276,7105,6572,5763,84,81,75
1998,477,509,537,513,547,575,12887,11875,11293,113,108,106
1999,338,322,306,310,304,309,7621,5970,6790,87,77,82
2000,132,131,133,157,147,133,1963,2014,2120,44,44,46
